date,symbol,expiry,strike,option_type,open,close,contracts,oi,underlying,source
2024-07-12,NIFTY,2024-08-08,24700.0,PE,0.0,634.05,0,0,24502.15,NSE_bhavcopy
2024-07-12,NIFTY,2024-08-08,23650.0,CE,0.0,1014.0,0,0,24502.15,NSE_bhavcopy
2024-07-12,NIFTY,2024-08-08,23650.0,PE,0.0,197.1,0,0,24502.15,NSE_bhavcopy
2024-07-12,NIFTY,2024-08-08,24500.0,CE,371.45,397.25,444,5050,24502.15,NSE_bhavcopy
2024-07-12,NIFTY,2024-07-18,24500.0,CE,94.05,128.55,4354310,3848450,24502.15,NSE_bhavcopy
2024-07-12,NIFTY,2024-08-08,24050.0,PE,0.0,324.15,0,0,24502.15,NSE_bhavcopy
2024-07-12,NIFTY,2024-08-08,23200.0,PE,0.0,101.6,0,0,24502.15,NSE_bhavcopy
2024-07-12,NIFTY,2024-07-18,21850.0,CE,0.0,2552.55,0,2800,24502.15,NSE_bhavcopy
2024-07-12,NIFTY,2024-07-18,21850.0,PE,1.1,0.65,51371,184350,24502.15,NSE_bhavcopy
2024-07-12,NIFTY,2024-08-08,23400.0,PE,60.0,62.7,29,1875,24502.15,NSE_bhavcopy
2024-07-12,NIFTY,2024-08-08,23400.0,CE,0.0,1203.1,0,0,24502.15,NSE_bhavcopy
2024-07-12,NIFTY,2024-07-18,23400.0,PE,2.75,2.55,347796,1344350,24502.15,NSE_bhavcopy
2024-07-12,NIFTY,2024-07-18,24250.0,PE,63.85,36.55,963083,1388550,24502.15,NSE_bhavcopy
2024-07-12,NIFTY,2024-07-18,24250.0,CE,229.95,308.4,182889,385650,24502.15,NSE_bhavcopy
2024-07-12,NIFTY,2024-08-08,24250.0,CE,483.75,548.8,21,200,24502.15,NSE_bhavcopy
2024-07-12,NIFTY,2024-08-08,24250.0,PE,0.0,315.0,0,75,24502.15,NSE_bhavcopy
2024-07-12,NIFTY,2024-07-18,25450.0,CE,1.0,0.85,93576,356000,24502.15,NSE_bhavcopy
2024-07-12,NIFTY,2024-07-18,25450.0,PE,1037.45,882.0,10,175,24502.15,NSE_bhavcopy
2024-07-12,NIFTY,2024-08-08,23600.0,CE,0.0,1050.85,0,0,24502.15,NSE_bhavcopy
2024-07-12,NIFTY,2024-08-08,23600.0,PE,86.65,86.75,5,75,24502.15,NSE_bhavcopy
2024-07-12,NIFTY,2024-07-18,23600.0,PE,4.2,3.3,397787,1973150,24502.15,NSE_bhavcopy
2024-07-12,NIFTY,2024-07-18,21700.0,CE,0.0,2615.0,0,775,24502.15,NSE_bhavcopy
2024-07-12,NIFTY,2024-07-18,21800.0,CE,0.0,2518.0,0,650,24502.15,NSE_bhavcopy
2024-07-12,NIFTY,2024-07-18,21950.0,PE,1.05,0.7,30215,95625,24502.15,NSE_bhavcopy
2024-07-12,NIFTY,2024-07-18,21950.0,CE,2508.65,2508.65,2,4775,24502.15,NSE_bhavcopy
2024-07-12,NIFTY,2024-07-18,22350.0,CE,2107.15,2107.15,2,200,24502.15,NSE_bhavcopy
2024-07-12,NIFTY,2024-07-18,22350.0,PE,1.9,1.0,11192,16000,24502.15,NSE_bhavcopy
2024-07-12,NIFTY,2024-07-18,25150.0,CE,2.05,1.75,417143,1106525,24502.15,NSE_bhavcopy
2024-07-12,NIFTY,2024-08-08,25500.0,PE,0.0,1183.15,0,0,24502.15,NSE_bhavcopy
2024-07-12,NIFTY,2024-07-18,22500.0,CE,2000.0,2025.0,3,53700,24502.15,NSE_bhavcopy
2024-07-12,NIFTY,2024-08-08,23850.0,CE,0.0,872.75,0,0,24502.15,NSE_bhavcopy
2024-07-12,NIFTY,2024-07-18,23850.0,PE,9.6,6.65,463835,774675,24502.15,NSE_bhavcopy
2024-07-12,NIFTY,2024-07-18,26000.0,CE,0.65,0.5,609308,3480825,24502.15,NSE_bhavcopy
2024-07-12,NIFTY,2024-07-18,23500.0,PE,3.45,2.8,833730,4275175,24502.15,NSE_bhavcopy
2024-07-12,NIFTY,2024-07-18,23500.0,CE,902.35,1019.6,2642,153350,24502.15,NSE_bhavcopy
2024-07-12,NIFTY,2024-08-08,25000.0,CE,154.8,182.65,978,12775,24502.15,NSE_bhavcopy
2024-07-12,NIFTY,2024-07-18,25800.0,PE,1230.0,1230.8,11,875,24502.15,NSE_bhavcopy
2024-07-12,NIFTY,2024-08-08,23700.0,CE,0.0,976.9,0,0,24502.15,NSE_bhavcopy
2024-07-12,NIFTY,2024-07-18,23750.0,CE,648.1,774.6,1114,5600,24502.15,NSE_bhavcopy
2024-07-12,NIFTY,2024-08-08,23750.0,PE,0.0,223.9,0,0,24502.15,NSE_bhavcopy
2024-07-12,NIFTY,2024-08-08,23350.0,PE,0.0,128.05,0,0,24502.15,NSE_bhavcopy
2024-07-12,NIFTY,2024-08-08,26000.0,CE,22.15,21.65,396,4000,24502.15,NSE_bhavcopy
2024-07-12,NIFTY,2024-07-18,26000.0,PE,1599.95,1477.15,68,1275,24502.15,NSE_bhavcopy
2024-07-12,NIFTY,2024-08-08,24200.0,CE,591.2,591.2,1,25,24502.15,NSE_bhavcopy
2024-07-12,NIFTY,2024-07-18,23300.0,PE,2.55,2.3,426421,1677475,24502.15,NSE_bhavcopy
2024-07-12,NIFTY,2024-07-18,23300.0,CE,1095.8,1219.2,72,38025,24502.15,NSE_bhavcopy
2024-07-12,NIFTY,2024-08-08,23300.0,PE,0.0,118.7,0,0,24502.15,NSE_bhavcopy
2024-07-12,NIFTY,2024-08-08,23300.0,CE,0.0,1283.15,0,0,24502.15,NSE_bhavcopy
2024-07-12,NIFTY,2024-08-08,22550.0,CE,0.0,1941.35,0,0,24502.15,NSE_bhavcopy
2024-07-12,NIFTY,2024-08-08,22800.0,PE,28.85,30.25,8,875,24502.15,NSE_bhavcopy
2024-07-12,NIFTY,2024-08-08,22800.0,CE,0.0,1712.5,0,0,24502.15,NSE_bhavcopy
2024-07-12,NIFTY,2024-07-18,22800.0,CE,1601.8,1700.45,6,7000,24502.15,NSE_bhavcopy
2024-07-12,NIFTY,2024-07-18,21900.0,CE,0.0,2402.0,0,1150,24502.15,NSE_bhavcopy
2024-07-12,NIFTY,2024-07-18,23650.0,PE,5.3,3.75,174729,542275,24502.15,NSE_bhavcopy
2024-07-12,NIFTY,2024-07-18,23650.0,CE,825.7,870.0,121,8625,24502.15,NSE_bhavcopy
2024-07-12,NIFTY,2024-07-18,25800.0,CE,0.95,0.65,123484,721125,24502.15,NSE_bhavcopy
2024-07-12,NIFTY,2024-07-18,23700.0,CE,700.65,828.0,1581,77650,24502.15,NSE_bhavcopy
2024-07-12,NIFTY,2024-07-18,23700.0,PE,5.8,4.35,797655,3017825,24502.15,NSE_bhavcopy
2024-07-12,NIFTY,2024-07-18,23950.0,CE,477.65,577.05,3975,14125,24502.15,NSE_bhavcopy
2024-07-12,NIFTY,2024-07-18,23950.0,PE,16.65,9.65,631115,655550,24502.15,NSE_bhavcopy
2024-07-12,NIFTY,2024-07-18,24950.0,PE,565.0,434.9,3969,8450,24502.15,NSE_bhavcopy
2024-07-12,NIFTY,2024-07-18,24800.0,CE,17.35,22.25,2324229,3035900,24502.15,NSE_bhavcopy
2024-07-12,NIFTY,2024-07-18,24800.0,PE,410.8,299.8,104977,197150,24502.15,NSE_bhavcopy
2024-07-12,NIFTY,2024-08-08,24800.0,PE,0.0,693.1,0,0,24502.15,NSE_bhavcopy
2024-07-12,NIFTY,2024-08-08,24800.0,CE,315.85,268.0,7,100,24502.15,NSE_bhavcopy
2024-07-12,NIFTY,2024-08-08,25850.0,CE,55.0,26.0,438,1250,24502.15,NSE_bhavcopy
2024-07-12,NIFTY,2024-07-18,25850.0,CE,0.95,0.55,43518,275125,24502.15,NSE_bhavcopy
2024-07-12,NIFTY,2024-07-18,23600.0,CE,810.0,922.35,370,37025,24502.15,NSE_bhavcopy
2024-07-12,NIFTY,2024-07-18,22800.0,PE,1.6,1.5,94650,305650,24502.15,NSE_bhavcopy
2024-07-12,NIFTY,2024-07-18,22150.0,CE,0.0,2151.0,0,50,24502.15,NSE_bhavcopy
2024-07-12,NIFTY,2024-07-18,22150.0,PE,1.25,0.9,8112,16100,24502.15,NSE_bhavcopy
2024-07-12,NIFTY,2024-08-08,25750.0,CE,0.0,117.1,0,0,24502.15,NSE_bhavcopy
2024-07-12,NIFTY,2024-08-08,22650.0,CE,0.0,1848.9,0,0,24502.15,NSE_bhavcopy
2024-07-12,NIFTY,2024-07-18,22650.0,PE,1.45,1.3,15360,23650,24502.15,NSE_bhavcopy
2024-07-12,NIFTY,2024-08-08,23900.0,CE,0.0,839.45,0,0,24502.15,NSE_bhavcopy
2024-07-12,NIFTY,2024-08-08,24150.0,PE,200.0,200.0,6,150,24502.15,NSE_bhavcopy
2024-07-12,NIFTY,2024-07-18,24150.0,PE,39.15,23.45,632227,981800,24502.15,NSE_bhavcopy
2024-07-12,NIFTY,2024-08-08,24600.0,PE,531.65,356.25,32,650,24502.15,NSE_bhavcopy
2024-07-12,NIFTY,2024-07-18,23000.0,PE,1.7,1.8,525633,2894675,24502.15,NSE_bhavcopy
2024-07-12,NIFTY,2024-08-08,23000.0,PE,43.0,35.2,183,5075,24502.15,NSE_bhavcopy
2024-07-12,NIFTY,2024-07-18,24550.0,PE,211.0,131.15,1361605,827475,24502.15,NSE_bhavcopy
2024-07-12,NIFTY,2024-07-18,25550.0,CE,1.15,0.85,37065,157575,24502.15,NSE_bhavcopy
2024-07-12,NIFTY,2024-07-18,25500.0,PE,1070.0,974.25,237,4975,24502.15,NSE_bhavcopy
2024-07-12,NIFTY,2024-08-08,23700.0,PE,132.85,98.95,22,375,24502.15,NSE_bhavcopy
2024-07-12,NIFTY,2024-08-08,23750.0,CE,0.0,941.5,0,0,24502.15,NSE_bhavcopy
2024-07-12,NIFTY,2024-07-18,23750.0,PE,6.9,5.1,472581,1400125,24502.15,NSE_bhavcopy
2024-07-12,NIFTY,2024-08-08,25850.0,PE,0.0,1469.8,0,0,24502.15,NSE_bhavcopy
2024-07-12,NIFTY,2024-07-18,25850.0,PE,0.0,2294.65,0,0,24502.15,NSE_bhavcopy
2024-07-12,NIFTY,2024-08-08,25700.0,CE,0.0,125.3,0,0,24502.15,NSE_bhavcopy
2024-07-12,NIFTY,2024-07-18,25700.0,CE,1.0,0.75,55785,220425,24502.15,NSE_bhavcopy
2024-07-12,NIFTY,2024-08-08,25650.0,CE,0.0,134.0,0,0,24502.15,NSE_bhavcopy
2024-07-12,NIFTY,2024-07-18,22900.0,PE,1.65,1.55,71739,195600,24502.15,NSE_bhavcopy
2024-07-12,NIFTY,2024-08-08,22900.0,PE,0.0,61.6,0,0,24502.15,NSE_bhavcopy
2024-07-12,NIFTY,2024-07-18,22950.0,PE,1.95,1.55,39027,69000,24502.15,NSE_bhavcopy
2024-07-12,NIFTY,2024-07-18,22000.0,CE,2385.05,2575.0,32,14725,24502.15,NSE_bhavcopy
2024-07-12,NIFTY,2024-08-08,26200.0,PE,0.0,1776.65,0,0,24502.15,NSE_bhavcopy
2024-07-12,NIFTY,2024-07-18,26200.0,CE,0.75,0.4,336778,2724225,24502.15,NSE_bhavcopy
2024-07-12,NIFTY,2024-08-08,23000.0,CE,0.0,1535.55,0,0,24502.15,NSE_bhavcopy
2024-07-12,NIFTY,2024-08-08,24550.0,PE,343.45,335.55,6,50,24502.15,NSE_bhavcopy
2024-07-12,NIFTY,2024-07-18,23550.0,CE,850.0,972.9,101,3725,24502.15,NSE_bhavcopy
2024-07-12,NIFTY,2024-08-08,23150.0,PE,0.0,93.8,0,0,24502.15,NSE_bhavcopy
2024-07-12,NIFTY,2024-08-08,23150.0,CE,0.0,1407.2,0,0,24502.15,NSE_bhavcopy
2024-07-12,NIFTY,2024-07-18,25950.0,CE,0.85,0.55,41595,305625,24502.15,NSE_bhavcopy
2024-07-12,NIFTY,2024-07-18,24700.0,CE,29.5,43.85,2274467,3232875,24502.15,NSE_bhavcopy
2024-07-12,NIFTY,2024-07-18,23400.0,CE,994.05,1121.1,310,32975,24502.15,NSE_bhavcopy
2024-07-12,NIFTY,2024-07-18,25000.0,CE,4.4,4.95,2605148,6886725,24502.15,NSE_bhavcopy
2024-07-12,NIFTY,2024-07-18,24200.0,PE,39.0,29.25,1681796,3521125,24502.15,NSE_bhavcopy
2024-07-12,NIFTY,2024-08-08,22850.0,CE,0.0,1667.7,0,0,24502.15,NSE_bhavcopy
2024-07-12,NIFTY,2024-08-08,24850.0,CE,0.0,349.0,0,0,24502.15,NSE_bhavcopy
2024-07-12,NIFTY,2024-07-18,22400.0,CE,2057.6,2129.8,24,425,24502.15,NSE_bhavcopy
2024-07-12,NIFTY,2024-08-08,25150.0,PE,0.0,922.25,0,0,24502.15,NSE_bhavcopy
2024-07-12,NIFTY,2024-07-18,22850.0,CE,1611.35,1611.35,2,225,24502.15,NSE_bhavcopy
2024-07-12,NIFTY,2024-08-08,22850.0,PE,0.0,45.45,0,25,24502.15,NSE_bhavcopy
2024-07-12,NIFTY,2024-07-18,25150.0,PE,622.85,627.3,191,1150,24502.15,NSE_bhavcopy
2024-07-12,NIFTY,2024-08-08,24450.0,PE,367.8,297.65,82,1725,24502.15,NSE_bhavcopy
2024-07-12,NIFTY,2024-07-18,25650.0,CE,0.9,0.85,61140,377825,24502.15,NSE_bhavcopy
2024-07-12,NIFTY,2024-07-18,25950.0,PE,0.0,2390.2,0,0,24502.15,NSE_bhavcopy
2024-07-12,NIFTY,2024-07-18,21650.0,PE,0.95,0.6,535133,2519200,24502.15,NSE_bhavcopy
2024-07-12,NIFTY,2024-08-08,22950.0,PE,0.0,67.2,0,0,24502.15,NSE_bhavcopy
2024-07-12,NIFTY,2024-07-18,22050.0,PE,1.15,0.85,10599,16225,24502.15,NSE_bhavcopy
2024-07-12,NIFTY,2024-07-18,22050.0,CE,0.0,1614.0,0,25,24502.15,NSE_bhavcopy
2024-07-12,NIFTY,2024-08-08,25050.0,CE,0.0,280.0,0,0,24502.15,NSE_bhavcopy
2024-07-12,NIFTY,2024-07-18,22700.0,PE,1.4,1.3,33002,131400,24502.15,NSE_bhavcopy
2024-07-12,NIFTY,2024-08-08,25800.0,CE,32.9,27.9,8,50,24502.15,NSE_bhavcopy
2024-07-12,NIFTY,2024-07-18,25000.0,PE,603.0,483.6,44669,183325,24502.15,NSE_bhavcopy
2024-07-12,NIFTY,2024-08-08,25800.0,PE,0.0,1427.5,0,0,24502.15,NSE_bhavcopy
2024-07-12,NIFTY,2024-08-08,25000.0,PE,820.75,820.75,1,25,24502.15,NSE_bhavcopy
2024-07-12,NIFTY,2024-08-08,24750.0,CE,0.0,387.75,0,0,24502.15,NSE_bhavcopy
2024-07-12,NIFTY,2024-07-18,22100.0,PE,1.25,0.9,13953,51250,24502.15,NSE_bhavcopy
2024-07-12,NIFTY,2024-07-18,25100.0,PE,713.9,579.45,1535,18925,24502.15,NSE_bhavcopy
2024-07-12,NIFTY,2024-08-08,25650.0,PE,0.0,1303.15,0,0,24502.15,NSE_bhavcopy
2024-07-12,NIFTY,2024-07-18,25250.0,PE,711.5,735.2,98,375,24502.15,NSE_bhavcopy
2024-07-12,NIFTY,2024-08-08,26050.0,CE,34.4,19.35,26,6200,24502.15,NSE_bhavcopy
2024-07-12,NIFTY,2024-07-18,25550.0,PE,0.0,2012.2,0,0,24502.15,NSE_bhavcopy
2024-07-12,NIFTY,2024-08-08,25550.0,CE,0.0,128.0,0,25,24502.15,NSE_bhavcopy
2024-07-12,NIFTY,2024-08-08,25550.0,PE,0.0,1222.65,0,0,24502.15,NSE_bhavcopy
2024-07-12,NIFTY,2024-07-18,21750.0,PE,1.0,0.65,87964,338625,24502.15,NSE_bhavcopy
2024-07-12,NIFTY,2024-07-18,21750.0,CE,2722.5,2707.05,4,75,24502.15,NSE_bhavcopy
2024-07-12,NIFTY,2024-08-08,23450.0,PE,0.0,148.4,0,0,24502.15,NSE_bhavcopy
2024-07-12,NIFTY,2024-07-18,24100.0,PE,23.15,18.6,1228693,2477225,24502.15,NSE_bhavcopy
2024-07-12,NIFTY,2024-07-18,22750.0,PE,1.55,1.35,16168,20800,24502.15,NSE_bhavcopy
2024-07-12,NIFTY,2024-07-18,25750.0,CE,0.95,0.8,26631,131525,24502.15,NSE_bhavcopy
2024-07-12,NIFTY,2024-08-08,25750.0,PE,0.0,1385.6,0,0,24502.15,NSE_bhavcopy
2024-07-12,NIFTY,2024-08-08,24100.0,CE,599.95,684.4,6,100,24502.15,NSE_bhavcopy
2024-07-12,NIFTY,2024-07-18,22750.0,CE,0.0,1621.9,0,2000,24502.15,NSE_bhavcopy
2024-07-12,NIFTY,2024-08-08,25050.0,PE,0.0,853.35,0,0,24502.15,NSE_bhavcopy
2024-07-12,NIFTY,2024-07-18,25350.0,CE,1.1,1.0,106063,407050,24502.15,NSE_bhavcopy
2024-07-12,NIFTY,2024-08-08,22700.0,CE,0.0,1803.15,0,0,24502.15,NSE_bhavcopy
2024-07-12,NIFTY,2024-08-08,22700.0,PE,22.0,22.0,6,150,24502.15,NSE_bhavcopy
2024-07-12,NIFTY,2024-07-18,22900.0,CE,1559.0,1606.2,37,8075,24502.15,NSE_bhavcopy
2024-07-12,NIFTY,2024-08-08,22900.0,CE,0.0,1623.25,0,0,24502.15,NSE_bhavcopy
2024-07-12,NIFTY,2024-07-18,22200.0,PE,1.25,0.9,19431,79625,24502.15,NSE_bhavcopy
2024-07-12,NIFTY,2024-07-18,22200.0,CE,2258.05,2258.05,2,850,24502.15,NSE_bhavcopy
2024-07-12,NIFTY,2024-08-08,25350.0,CE,0.0,197.55,0,0,24502.15,NSE_bhavcopy
2024-07-12,NIFTY,2024-07-18,25350.0,PE,871.9,822.85,4,25,24502.15,NSE_bhavcopy
2024-07-12,NIFTY,2024-07-18,21800.0,PE,1.1,0.65,110143,525375,24502.15,NSE_bhavcopy
2024-07-12,NIFTY,2024-07-18,22950.0,CE,0.0,1285.0,0,150,24502.15,NSE_bhavcopy
2024-07-12,NIFTY,2024-07-18,24000.0,CE,426.25,533.7,68606,475750,24502.15,NSE_bhavcopy
2024-07-12,NIFTY,2024-07-18,22000.0,PE,1.45,0.95,121936,1414075,24502.15,NSE_bhavcopy
2024-07-12,NIFTY,2024-08-08,24000.0,CE,648.15,749.95,39,275,24502.15,NSE_bhavcopy
2024-07-12,NIFTY,2024-08-08,24000.0,PE,203.35,155.95,773,11100,24502.15,NSE_bhavcopy
2024-07-12,NIFTY,2024-07-18,22550.0,PE,1.5,1.25,12425,25175,24502.15,NSE_bhavcopy
2024-07-12,NIFTY,2024-08-08,22550.0,PE,20.0,20.0,4,125,24502.15,NSE_bhavcopy
2024-07-12,NIFTY,2024-07-18,22550.0,CE,0.0,1800.0,0,275,24502.15,NSE_bhavcopy
2024-07-12,NIFTY,2024-07-18,23450.0,PE,3.0,2.65,155159,448150,24502.15,NSE_bhavcopy
2024-07-12,NIFTY,2024-08-08,23450.0,CE,0.0,1163.9,0,0,24502.15,NSE_bhavcopy
2024-07-12,NIFTY,2024-08-08,25350.0,PE,0.0,1068.8,0,0,24502.15,NSE_bhavcopy
2024-07-12,NIFTY,2024-07-18,25400.0,PE,860.05,840.45,21,425,24502.15,NSE_bhavcopy
2024-07-12,NIFTY,2024-08-08,25950.0,CE,0.0,88.6,0,0,24502.15,NSE_bhavcopy
2024-07-12,NIFTY,2024-08-08,23800.0,CE,832.0,1050.0,7,175,24502.15,NSE_bhavcopy
2024-07-12,NIFTY,2024-08-08,24200.0,PE,228.6,208.05,91,2575,24502.15,NSE_bhavcopy
2024-07-12,NIFTY,2024-08-08,26200.0,CE,17.75,14.45,241,3050,24502.15,NSE_bhavcopy
2024-07-12,NIFTY,2024-07-18,24150.0,CE,303.55,396.25,38134,73725,24502.15,NSE_bhavcopy
2024-07-12,NIFTY,2024-08-08,24150.0,CE,552.0,650.0,10,575,24502.15,NSE_bhavcopy
2024-07-12,NIFTY,2024-07-18,25300.0,PE,920.0,781.45,280,3400,24502.15,NSE_bhavcopy
2024-07-12,NIFTY,2024-08-08,25300.0,CE,0.0,208.8,0,0,24502.15,NSE_bhavcopy
2024-07-12,NIFTY,2024-08-08,26150.0,CE,0.0,66.1,0,0,24502.15,NSE_bhavcopy
2024-07-12,NIFTY,2024-07-18,21700.0,PE,1.15,0.6,228969,1242525,24502.15,NSE_bhavcopy
2024-07-12,NIFTY,2024-08-08,23950.0,CE,0.0,806.85,0,0,24502.15,NSE_bhavcopy
2024-07-12,NIFTY,2024-08-08,24450.0,CE,450.0,440.0,6,100,24502.15,NSE_bhavcopy
2024-07-12,NIFTY,2024-07-18,23050.0,PE,1.95,1.8,44242,83525,24502.15,NSE_bhavcopy
2024-07-12,NIFTY,2024-08-08,24650.0,CE,288.95,336.85,409,5900,24502.15,NSE_bhavcopy
2024-07-12,NIFTY,2024-07-18,24400.0,PE,109.9,70.95,3711577,5035100,24502.15,NSE_bhavcopy
2024-07-12,NIFTY,2024-08-08,22950.0,CE,0.0,1579.2,0,0,24502.15,NSE_bhavcopy
2024-07-12,NIFTY,2024-07-18,21650.0,CE,0.0,2723.8,0,10050,24502.15,NSE_bhavcopy
2024-07-12,NIFTY,2024-07-18,24600.0,CE,57.0,79.35,3395905,2925275,24502.15,NSE_bhavcopy
2024-07-12,NIFTY,2024-07-18,24200.0,CE,255.15,349.4,322896,932250,24502.15,NSE_bhavcopy
2024-07-12,NIFTY,2024-07-18,22850.0,PE,1.55,1.5,20405,27250,24502.15,NSE_bhavcopy
2024-07-12,NIFTY,2024-07-18,24600.0,PE,239.95,157.8,1309959,1018675,24502.15,NSE_bhavcopy
2024-07-12,NIFTY,2024-08-08,24950.0,CE,0.0,313.1,0,0,24502.15,NSE_bhavcopy
2024-07-12,NIFTY,2024-07-18,25650.0,PE,0.0,2105.6,0,0,24502.15,NSE_bhavcopy
2024-07-12,NIFTY,2024-07-18,25250.0,CE,1.3,1.2,214004,569275,24502.15,NSE_bhavcopy
2024-07-12,NIFTY,2024-07-18,22250.0,CE,0.0,2067.0,0,50,24502.15,NSE_bhavcopy
2024-07-12,NIFTY,2024-07-18,22250.0,PE,1.25,1.0,9423,21525,24502.15,NSE_bhavcopy
2024-07-12,NIFTY,2024-08-08,24550.0,CE,420.85,389.5,4,75,24502.15,NSE_bhavcopy
2024-07-12,NIFTY,2024-08-08,23550.0,PE,114.6,114.6,1,25,24502.15,NSE_bhavcopy
2024-07-12,NIFTY,2024-08-08,23550.0,CE,0.0,1087.3,0,0,24502.15,NSE_bhavcopy
2024-07-12,NIFTY,2024-07-18,24350.0,CE,157.0,227.85,1072556,610675,24502.15,NSE_bhavcopy
2024-07-12,NIFTY,2024-07-18,24350.0,PE,97.8,57.5,1789818,1930275,24502.15,NSE_bhavcopy
2024-07-12,NIFTY,2024-08-08,24350.0,PE,305.15,258.0,17,275,24502.15,NSE_bhavcopy
2024-07-12,NIFTY,2024-08-08,23100.0,CE,0.0,1449.55,0,0,24502.15,NSE_bhavcopy
2024-07-12,NIFTY,2024-08-08,23100.0,PE,50.0,52.5,3,250,24502.15,NSE_bhavcopy
2024-07-12,NIFTY,2024-08-08,24850.0,PE,0.0,723.75,0,0,24502.15,NSE_bhavcopy
2024-07-12,NIFTY,2024-07-18,24850.0,PE,457.7,340.9,14462,33325,24502.15,NSE_bhavcopy
2024-07-12,NIFTY,2024-08-08,26050.0,PE,0.0,1643.05,0,0,24502.15,NSE_bhavcopy
2024-07-12,NIFTY,2024-07-18,23350.0,CE,1038.2,1173.6,42,1000,24502.15,NSE_bhavcopy
2024-07-12,NIFTY,2024-07-18,24700.0,PE,325.05,222.3,338416,400650,24502.15,NSE_bhavcopy
2024-07-12,NIFTY,2024-08-08,24700.0,CE,324.55,294.45,67,1600,24502.15,NSE_bhavcopy
2024-07-12,NIFTY,2024-08-08,26150.0,PE,0.0,1731.8,0,0,24502.15,NSE_bhavcopy
2024-07-12,NIFTY,2024-08-08,25150.0,CE,0.0,249.6,0,0,24502.15,NSE_bhavcopy
2024-07-12,NIFTY,2024-08-08,25250.0,PE,0.0,993.75,0,0,24502.15,NSE_bhavcopy
2024-07-12,NIFTY,2024-07-18,24850.0,CE,12.05,14.95,1452379,1782925,24502.15,NSE_bhavcopy
2024-07-12,NIFTY,2024-07-18,24950.0,CE,5.85,6.9,1216492,998150,24502.15,NSE_bhavcopy
2024-07-12,NIFTY,2024-08-08,25100.0,CE,131.65,145.2,449,2875,24502.15,NSE_bhavcopy
2024-07-12,NIFTY,2024-08-08,25100.0,PE,0.0,887.5,0,0,24502.15,NSE_bhavcopy
2024-07-12,NIFTY,2024-07-18,21900.0,PE,1.1,0.7,26738,62525,24502.15,NSE_bhavcopy
2024-07-12,NIFTY,2024-08-08,22650.0,PE,0.0,39.0,0,0,24502.15,NSE_bhavcopy
2024-07-12,NIFTY,2024-08-08,24100.0,PE,228.25,180.4,53,975,24502.15,NSE_bhavcopy
2024-07-12,NIFTY,2024-07-18,25200.0,PE,827.55,685.85,492,1975,24502.15,NSE_bhavcopy
2024-07-12,NIFTY,2024-08-08,25200.0,CE,0.0,235.4,0,0,24502.15,NSE_bhavcopy
2024-07-12,NIFTY,2024-07-18,25200.0,CE,1.5,1.4,861544,2583500,24502.15,NSE_bhavcopy
2024-07-12,NIFTY,2024-08-08,25200.0,PE,0.0,957.7,0,0,24502.15,NSE_bhavcopy
2024-07-12,NIFTY,2024-07-18,26100.0,PE,0.0,2534.45,0,0,24502.15,NSE_bhavcopy
2024-07-12,NIFTY,2024-08-08,23250.0,PE,0.0,109.9,0,0,24502.15,NSE_bhavcopy
2024-07-12,NIFTY,2024-07-18,22600.0,PE,1.5,1.2,50172,208875,24502.15,NSE_bhavcopy
2024-07-12,NIFTY,2024-08-08,23250.0,CE,0.0,1324.0,0,0,24502.15,NSE_bhavcopy
2024-07-12,NIFTY,2024-07-18,25050.0,CE,3.5,3.25,972709,1600450,24502.15,NSE_bhavcopy
2024-07-12,NIFTY,2024-07-18,25300.0,CE,1.35,1.1,442070,2099600,24502.15,NSE_bhavcopy
2024-07-12,NIFTY,2024-08-08,25300.0,PE,0.0,1030.4,0,0,24502.15,NSE_bhavcopy
2024-07-12,NIFTY,2024-07-18,23800.0,CE,600.0,722.9,3615,101700,24502.15,NSE_bhavcopy
2024-07-12,NIFTY,2024-08-08,23350.0,CE,0.0,1242.85,0,0,24502.15,NSE_bhavcopy
2024-07-12,NIFTY,2024-07-18,24450.0,PE,139.8,88.15,1616953,1258700,24502.15,NSE_bhavcopy
2024-07-12,NIFTY,2024-07-18,25900.0,PE,0.0,2342.35,0,0,24502.15,NSE_bhavcopy
2024-07-12,NIFTY,2024-08-08,25900.0,CE,0.0,95.1,0,0,24502.15,NSE_bhavcopy
2024-07-12,NIFTY,2024-08-08,25900.0,PE,0.0,1512.55,0,0,24502.15,NSE_bhavcopy
2024-07-12,NIFTY,2024-07-18,25900.0,CE,0.95,0.5,112086,597575,24502.15,NSE_bhavcopy
2024-07-12,NIFTY,2024-08-08,24350.0,CE,433.6,539.0,44,500,24502.15,NSE_bhavcopy
2024-07-12,NIFTY,2024-07-18,23100.0,PE,2.0,1.9,180479,535525,24502.15,NSE_bhavcopy
2024-07-12,NIFTY,2024-07-18,24000.0,PE,15.0,12.05,1618697,5236450,24502.15,NSE_bhavcopy
2024-07-12,NIFTY,2024-07-18,26200.0,PE,1691.05,1691.05,1,25,24502.15,NSE_bhavcopy
2024-07-12,NIFTY,2024-07-18,23900.0,PE,10.0,8.05,901376,1725325,24502.15,NSE_bhavcopy
2024-07-12,NIFTY,2024-07-18,23900.0,CE,509.5,630.2,6090,95050,24502.15,NSE_bhavcopy
2024-07-12,NIFTY,2024-08-08,23900.0,PE,0.0,270.8,0,0,24502.15,NSE_bhavcopy
2024-07-12,NIFTY,2024-08-08,24400.0,PE,347.5,273.35,341,3225,24502.15,NSE_bhavcopy
2024-07-12,NIFTY,2024-07-18,23000.0,CE,1400.5,1510.0,1314,94075,24502.15,NSE_bhavcopy
2024-07-12,NIFTY,2024-07-18,23550.0,PE,4.4,3.1,309029,995350,24502.15,NSE_bhavcopy
2024-07-12,NIFTY,2024-07-18,24550.0,CE,70.1,102.5,2280763,1440625,24502.15,NSE_bhavcopy
2024-07-12,NIFTY,2024-07-18,25500.0,CE,1.0,0.85,849680,4168100,24502.15,NSE_bhavcopy
2024-07-12,NIFTY,2024-08-08,23850.0,PE,134.25,134.05,6,150,24502.15,NSE_bhavcopy
2024-07-12,NIFTY,2024-07-18,23850.0,CE,570.0,672.2,1172,10375,24502.15,NSE_bhavcopy
2024-07-12,NIFTY,2024-07-18,23150.0,CE,1230.45,1430.3,10,200,24502.15,NSE_bhavcopy
2024-07-12,NIFTY,2024-07-18,22700.0,CE,1750.0,1800.0,5,6775,24502.15,NSE_bhavcopy
2024-07-12,NIFTY,2024-08-08,25950.0,PE,0.0,1555.65,0,0,24502.15,NSE_bhavcopy
2024-07-12,NIFTY,2024-08-08,23500.0,CE,0.0,1125.3,0,0,24502.15,NSE_bhavcopy
2024-07-12,NIFTY,2024-07-18,23800.0,PE,8.35,5.7,844438,2146725,24502.15,NSE_bhavcopy
2024-07-12,NIFTY,2024-08-08,23800.0,PE,142.9,116.1,58,1300,24502.15,NSE_bhavcopy
2024-07-12,NIFTY,2024-07-18,24750.0,CE,24.0,31.7,1427737,1190825,24502.15,NSE_bhavcopy
2024-07-12,NIFTY,2024-07-18,26050.0,PE,0.0,2486.25,0,0,24502.15,NSE_bhavcopy
2024-07-12,NIFTY,2024-07-18,26050.0,CE,1.7,0.45,65511,442525,24502.15,NSE_bhavcopy
2024-07-12,NIFTY,2024-08-08,23950.0,PE,0.0,287.85,0,0,24502.15,NSE_bhavcopy
2024-07-12,NIFTY,2024-08-08,24900.0,PE,0.0,755.1,0,0,24502.15,NSE_bhavcopy
2024-07-12,NIFTY,2024-07-18,24900.0,PE,497.3,388.2,14257,27650,24502.15,NSE_bhavcopy
2024-07-12,NIFTY,2024-07-18,24300.0,PE,72.05,45.8,2515238,4487725,24502.15,NSE_bhavcopy
2024-07-12,NIFTY,2024-08-08,25400.0,PE,0.0,1105.75,0,0,24502.15,NSE_bhavcopy
2024-07-12,NIFTY,2024-07-18,24900.0,CE,9.9,10.15,2019651,3698300,24502.15,NSE_bhavcopy
2024-07-12,NIFTY,2024-07-18,22450.0,PE,1.4,1.3,9676,26700,24502.15,NSE_bhavcopy
2024-07-12,NIFTY,2024-07-18,24500.0,PE,166.0,108.1,3422962,3808025,24502.15,NSE_bhavcopy
2024-07-12,NIFTY,2024-07-18,22100.0,CE,0.0,2198.65,0,100,24502.15,NSE_bhavcopy
2024-07-12,NIFTY,2024-07-18,25100.0,CE,2.25,2.5,1197903,2659875,24502.15,NSE_bhavcopy
2024-07-12,NIFTY,2024-07-18,23450.0,CE,948.5,1069.15,162,3375,24502.15,NSE_bhavcopy
2024-07-12,NIFTY,2024-07-18,25750.0,PE,0.0,2199.75,0,0,24502.15,NSE_bhavcopy
2024-07-12,NIFTY,2024-07-18,22300.0,CE,0.0,1960.0,0,125,24502.15,NSE_bhavcopy
2024-07-12,NIFTY,2024-07-18,22450.0,CE,1936.65,2008.4,4,250,24502.15,NSE_bhavcopy
2024-07-12,NIFTY,2024-07-18,23200.0,PE,2.0,2.0,327202,848325,24502.15,NSE_bhavcopy
2024-07-12,NIFTY,2024-08-08,23200.0,CE,0.0,1365.35,0,0,24502.15,NSE_bhavcopy
2024-07-12,NIFTY,2024-07-18,23200.0,CE,1262.95,1369.9,58,32950,24502.15,NSE_bhavcopy
2024-07-12,NIFTY,2024-07-18,24750.0,PE,380.1,259.3,63430,86700,24502.15,NSE_bhavcopy
2024-07-12,NIFTY,2024-08-08,24750.0,PE,0.0,663.2,0,0,24502.15,NSE_bhavcopy
2024-07-12,NIFTY,2024-07-18,25400.0,CE,1.0,0.95,357708,1467650,24502.15,NSE_bhavcopy
2024-07-12,NIFTY,2024-07-18,23100.0,CE,1325.0,1420.2,41,12850,24502.15,NSE_bhavcopy
2024-07-12,NIFTY,2024-08-08,25500.0,CE,0.0,162.9,0,0,24502.15,NSE_bhavcopy
2024-07-12,NIFTY,2024-07-18,23150.0,PE,2.05,1.9,107926,477300,24502.15,NSE_bhavcopy
2024-07-12,NIFTY,2024-07-18,22500.0,PE,1.45,1.35,173252,1202125,24502.15,NSE_bhavcopy
2024-07-12,NIFTY,2024-08-08,23500.0,PE,90.0,69.55,327,7125,24502.15,NSE_bhavcopy
2024-07-12,NIFTY,2024-07-18,25050.0,PE,486.95,531.9,796,6250,24502.15,NSE_bhavcopy
2024-07-12,NIFTY,2024-07-18,23350.0,PE,2.85,2.35,82383,391725,24502.15,NSE_bhavcopy
2024-07-12,NIFTY,2024-08-08,26000.0,PE,0.0,1599.2,0,0,24502.15,NSE_bhavcopy
2024-07-12,NIFTY,2024-08-08,24950.0,PE,0.0,787.15,0,0,24502.15,NSE_bhavcopy
2024-07-12,NIFTY,2024-07-18,24050.0,PE,24.65,14.75,584321,959800,24502.15,NSE_bhavcopy
2024-07-12,NIFTY,2024-08-08,24050.0,CE,720.0,525.0,7,200,24502.15,NSE_bhavcopy
2024-07-12,NIFTY,2024-07-18,24050.0,CE,381.6,485.05,9183,39725,24502.15,NSE_bhavcopy
2024-07-12,NIFTY,2024-07-18,22300.0,PE,1.3,1.0,18876,49225,24502.15,NSE_bhavcopy
2024-07-12,NIFTY,2024-08-08,24500.0,PE,401.2,317.55,679,6075,24502.15,NSE_bhavcopy
2024-07-12,NIFTY,2024-07-18,24450.0,CE,110.15,159.2,1723961,890775,24502.15,NSE_bhavcopy
2024-07-12,NIFTY,2024-08-08,25600.0,PE,0.0,1262.65,0,0,24502.15,NSE_bhavcopy
2024-07-12,NIFTY,2024-07-18,25600.0,PE,1056.05,1010.6,4,25,24502.15,NSE_bhavcopy
2024-07-12,NIFTY,2024-07-18,25600.0,CE,0.9,0.75,106173,372450,24502.15,NSE_bhavcopy
2024-07-12,NIFTY,2024-08-08,25600.0,CE,49.15,50.9,91,1325,24502.15,NSE_bhavcopy
2024-07-12,NIFTY,2024-08-08,24300.0,PE,304.8,239.2,264,4325,24502.15,NSE_bhavcopy
2024-07-12,NIFTY,2024-07-18,24300.0,CE,185.0,266.05,1050049,1869125,24502.15,NSE_bhavcopy
2024-07-12,NIFTY,2024-08-08,25400.0,CE,71.8,78.35,101,1200,24502.15,NSE_bhavcopy
2024-07-12,NIFTY,2024-08-08,24900.0,CE,230.0,233.65,10,250,24502.15,NSE_bhavcopy
2024-07-12,NIFTY,2024-08-08,22600.0,PE,20.0,25.0,18,725,24502.15,NSE_bhavcopy
2024-07-12,NIFTY,2024-07-18,22600.0,CE,1800.0,1922.2,115,2150,24502.15,NSE_bhavcopy
2024-07-12,NIFTY,2024-07-18,23250.0,CE,1211.7,1242.4,3,4100,24502.15,NSE_bhavcopy
2024-07-12,NIFTY,2024-07-18,23250.0,PE,2.5,2.1,66924,267550,24502.15,NSE_bhavcopy
2024-07-12,NIFTY,2024-08-08,22600.0,CE,0.0,1895.0,0,0,24502.15,NSE_bhavcopy
2024-07-12,NIFTY,2024-08-08,24600.0,CE,386.6,347.35,115,2450,24502.15,NSE_bhavcopy
2024-07-12,NIFTY,2024-08-08,25450.0,CE,0.0,173.6,0,0,24502.15,NSE_bhavcopy
2024-07-12,NIFTY,2024-08-08,25450.0,PE,0.0,1144.15,0,0,24502.15,NSE_bhavcopy
2024-07-12,NIFTY,2024-08-08,25250.0,CE,0.0,221.8,0,0,24502.15,NSE_bhavcopy
2024-07-12,NIFTY,2024-07-18,26150.0,CE,0.85,0.45,85035,485300,24502.15,NSE_bhavcopy
2024-07-12,NIFTY,2024-07-18,26150.0,PE,0.0,2582.8,0,0,24502.15,NSE_bhavcopy
2024-07-12,NIFTY,2024-07-18,22400.0,PE,1.4,1.15,21113,93050,24502.15,NSE_bhavcopy
2024-07-12,NIFTY,2024-08-08,26100.0,CE,33.8,26.0,33,500,24502.15,NSE_bhavcopy
2024-07-12,NIFTY,2024-08-08,26100.0,PE,0.0,1687.25,0,0,24502.15,NSE_bhavcopy
2024-07-12,NIFTY,2024-07-18,26100.0,CE,0.9,0.45,60369,328600,24502.15,NSE_bhavcopy
2024-07-12,NIFTY,2024-07-18,22650.0,CE,1808.35,1808.35,2,300,24502.15,NSE_bhavcopy
2024-07-12,NIFTY,2024-07-18,24100.0,CE,339.95,438.4,50752,202575,24502.15,NSE_bhavcopy
2024-07-12,NIFTY,2024-08-08,22750.0,CE,0.0,1757.65,0,0,24502.15,NSE_bhavcopy
2024-07-12,NIFTY,2024-08-08,22750.0,PE,0.0,47.05,0,0,24502.15,NSE_bhavcopy
2024-07-12,NIFTY,2024-07-18,24650.0,PE,281.35,188.4,318664,184450,24502.15,NSE_bhavcopy
2024-07-12,NIFTY,2024-08-08,24650.0,PE,0.0,605.6,0,0,24502.15,NSE_bhavcopy
2024-07-12,NIFTY,2024-07-18,24400.0,CE,130.25,191.3,3092088,2833700,24502.15,NSE_bhavcopy
2024-07-12,NIFTY,2024-07-18,25700.0,PE,0.0,2152.6,0,0,24502.15,NSE_bhavcopy
2024-07-12,NIFTY,2024-08-08,25700.0,PE,0.0,1344.15,0,0,24502.15,NSE_bhavcopy
2024-07-12,NIFTY,2024-07-18,23050.0,CE,1411.25,1507.45,6,400,24502.15,NSE_bhavcopy
2024-07-12,NIFTY,2024-08-08,23050.0,CE,0.0,1492.35,0,0,24502.15,NSE_bhavcopy
2024-07-12,NIFTY,2024-08-08,23050.0,PE,0.0,44.55,0,0,24502.15,NSE_bhavcopy
2024-07-12,NIFTY,2024-07-18,24650.0,CE,37.85,60.4,1425691,900600,24502.15,NSE_bhavcopy
2024-07-12,NIFTY,2024-08-08,24300.0,CE,446.6,531.95,178,1600,24502.15,NSE_bhavcopy
2024-07-12,NIFTY,2024-08-08,24400.0,CE,410.0,460.45,523,5150,24502.15,NSE_bhavcopy
2024-07-18,NIFTY,2024-07-18,26200.0,PE,1670.65,1603.05,8,25,24800.85,NSE_bhavcopy
2024-07-18,NIFTY,2024-07-18,24450.0,PE,15.45,0.2,21504520,3561275,24800.85,NSE_bhavcopy
2024-07-18,NIFTY,2024-07-18,21800.0,CE,2745.0,3018.15,28,400,24800.85,NSE_bhavcopy
2024-07-18,NIFTY,2024-08-08,26050.0,PE,0.0,1643.05,0,0,24800.85,NSE_bhavcopy
2024-07-18,NIFTY,2024-07-18,23900.0,PE,0.95,0.1,1689481,2827425,24800.85,NSE_bhavcopy
2024-07-18,NIFTY,2024-07-18,23900.0,CE,670.15,906.4,3986,18225,24800.85,NSE_bhavcopy
2024-07-18,NIFTY,2024-08-08,23900.0,PE,95.4,75.1,67,2075,24800.85,NSE_bhavcopy
2024-07-18,NIFTY,2024-08-08,23900.0,CE,0.0,976.6,0,25,24800.85,NSE_bhavcopy
2024-07-18,NIFTY,2024-08-08,25150.0,CE,0.0,249.6,0,0,24800.85,NSE_bhavcopy
2024-07-18,NIFTY,2024-07-18,26050.0,PE,0.0,2486.25,0,0,24800.85,NSE_bhavcopy
2024-07-18,NIFTY,2024-07-18,26050.0,CE,0.25,0.05,81818,894100,24800.85,NSE_bhavcopy
2024-07-18,NIFTY,2024-08-08,24200.0,CE,591.25,800.0,45,600,24800.85,NSE_bhavcopy
2024-07-18,NIFTY,2024-07-18,26300.0,PE,1736.15,1518.6,10,125,24800.85,NSE_bhavcopy
2024-07-18,NIFTY,2024-08-08,23950.0,CE,0.0,806.85,0,0,24800.85,NSE_bhavcopy
2024-07-18,NIFTY,2024-08-08,26200.0,PE,0.0,1776.65,0,0,24800.85,NSE_bhavcopy
2024-07-18,NIFTY,2024-07-18,24450.0,CE,194.0,356.15,1693756,395900,24800.85,NSE_bhavcopy
2024-07-18,NIFTY,2024-07-18,26250.0,PE,1720.6,1548.7,14,125,24800.85,NSE_bhavcopy
2024-07-18,NIFTY,2024-08-08,26250.0,PE,0.0,1821.8,0,0,24800.85,NSE_bhavcopy
2024-07-18,NIFTY,2024-07-18,26250.0,CE,0.15,0.05,32159,309625,24800.85,NSE_bhavcopy
2024-07-18,NIFTY,2024-08-08,23850.0,CE,0.0,872.75,0,0,24800.85,NSE_bhavcopy
2024-07-18,NIFTY,2024-07-18,23850.0,PE,0.9,0.15,676083,1281725,24800.85,NSE_bhavcopy
2024-07-18,NIFTY,2024-08-08,24900.0,PE,351.0,348.45,47,925,24800.85,NSE_bhavcopy
2024-07-18,NIFTY,2024-07-18,24900.0,PE,321.1,95.45,2865366,2200825,24800.85,NSE_bhavcopy
2024-07-18,NIFTY,2024-07-18,25950.0,CE,0.15,0.1,35189,281950,24800.85,NSE_bhavcopy
2024-07-18,NIFTY,2024-07-18,23500.0,PE,0.35,0.1,911037,2783025,24800.85,NSE_bhavcopy
2024-07-18,NIFTY,2024-07-18,23500.0,CE,1069.95,1307.2,6284,25375,24800.85,NSE_bhavcopy
2024-07-18,NIFTY,2024-08-08,23350.0,PE,0.0,128.05,0,0,24800.85,NSE_bhavcopy
2024-07-18,NIFTY,2024-08-08,26000.0,CE,24.8,31.6,2500,37275,24800.85,NSE_bhavcopy
2024-07-18,NIFTY,2024-07-18,26000.0,PE,1440.0,1191.2,104,875,24800.85,NSE_bhavcopy
2024-07-18,NIFTY,2024-07-18,23300.0,PE,0.35,0.1,606033,3509675,24800.85,NSE_bhavcopy
2024-07-18,NIFTY,2024-07-18,23300.0,CE,1280.0,1507.2,1335,3925,24800.85,NSE_bhavcopy
2024-07-18,NIFTY,2024-08-08,23300.0,PE,35.0,32.8,23,2125,24800.85,NSE_bhavcopy
2024-07-18,NIFTY,2024-08-08,23300.0,CE,0.0,1283.15,0,0,24800.85,NSE_bhavcopy
2024-07-18,NIFTY,2024-08-08,23650.0,CE,0.0,1014.0,0,0,24800.85,NSE_bhavcopy
2024-07-18,NIFTY,2024-08-08,23650.0,PE,75.5,75.45,4,100,24800.85,NSE_bhavcopy
2024-07-18,NIFTY,2024-07-18,25800.0,CE,0.15,0.05,130696,1058725,24800.85,NSE_bhavcopy
2024-07-18,NIFTY,2024-07-18,23700.0,CE,880.05,1108.3,3166,11325,24800.85,NSE_bhavcopy
2024-07-18,NIFTY,2024-07-18,23700.0,PE,0.5,0.1,717040,1872200,24800.85,NSE_bhavcopy
2024-07-18,NIFTY,2024-07-18,24950.0,PE,361.15,145.6,420593,519650,24800.85,NSE_bhavcopy
2024-07-18,NIFTY,2024-07-18,24800.0,CE,6.0,8.0,66444897,13414675,24800.85,NSE_bhavcopy
2024-07-18,NIFTY,2024-07-18,24800.0,PE,199.0,3.0,39498837,20557200,24800.85,NSE_bhavcopy
2024-07-18,NIFTY,2024-08-08,24800.0,PE,400.0,306.7,910,14525,24800.85,NSE_bhavcopy
2024-07-18,NIFTY,2024-08-08,24800.0,CE,275.3,375.9,528,7900,24800.85,NSE_bhavcopy
2024-07-18,NIFTY,2024-08-08,25850.0,CE,28.9,43.05,128,2200,24800.85,NSE_bhavcopy
2024-07-18,NIFTY,2024-07-18,25850.0,CE,0.5,0.05,33840,297525,24800.85,NSE_bhavcopy
2024-07-18,NIFTY,2024-07-18,21950.0,PE,0.2,0.05,5772,104625,24800.85,NSE_bhavcopy
2024-07-18,NIFTY,2024-07-18,21950.0,CE,2623.35,2873.05,218,1000,24800.85,NSE_bhavcopy
2024-07-18,NIFTY,2024-07-18,22350.0,CE,2451.0,2451.0,2,150,24800.85,NSE_bhavcopy
2024-07-18,NIFTY,2024-07-18,22350.0,PE,0.3,0.1,3590,17700,24800.85,NSE_bhavcopy
2024-07-18,NIFTY,2024-07-18,25150.0,CE,0.45,0.1,1979859,3044400,24800.85,NSE_bhavcopy
2024-07-18,NIFTY,2024-07-18,25400.0,PE,827.95,593.75,1151,2950,24800.85,NSE_bhavcopy
2024-07-18,NIFTY,2024-07-18,25900.0,PE,0.0,2342.35,0,0,24800.85,NSE_bhavcopy
2024-07-18,NIFTY,2024-08-08,25900.0,CE,0.0,95.1,0,0,24800.85,NSE_bhavcopy
2024-07-18,NIFTY,2024-08-08,25900.0,PE,0.0,1512.55,0,0,24800.85,NSE_bhavcopy
2024-07-18,NIFTY,2024-07-18,25900.0,CE,0.2,0.05,57013,684675,24800.85,NSE_bhavcopy
2024-07-18,NIFTY,2024-07-18,23650.0,PE,0.5,0.1,273905,772875,24800.85,NSE_bhavcopy
2024-07-18,NIFTY,2024-08-08,25800.0,CE,40.0,52.45,87,750,24800.85,NSE_bhavcopy
2024-07-18,NIFTY,2024-07-18,25000.0,PE,425.0,195.2,471125,546950,24800.85,NSE_bhavcopy
2024-07-18,NIFTY,2024-08-08,25800.0,PE,0.0,1427.5,0,0,24800.85,NSE_bhavcopy
2024-07-18,NIFTY,2024-08-08,25000.0,PE,519.4,403.1,831,10325,24800.85,NSE_bhavcopy
2024-07-18,NIFTY,2024-08-08,23700.0,PE,77.25,57.75,230,3800,24800.85,NSE_bhavcopy
2024-07-18,NIFTY,2024-08-08,23750.0,CE,0.0,941.5,0,0,24800.85,NSE_bhavcopy
2024-07-18,NIFTY,2024-07-18,23750.0,PE,0.5,0.1,476144,1179400,24800.85,NSE_bhavcopy
2024-07-18,NIFTY,2024-08-08,25850.0,PE,0.0,1469.8,0,0,24800.85,NSE_bhavcopy
2024-07-18,NIFTY,2024-07-18,25850.0,PE,0.0,2294.65,0,0,24800.85,NSE_bhavcopy
2024-07-18,NIFTY,2024-07-18,25700.0,PE,1056.7,891.4,28,375,24800.85,NSE_bhavcopy
2024-07-18,NIFTY,2024-08-08,25700.0,PE,0.0,1344.15,0,0,24800.85,NSE_bhavcopy
2024-07-18,NIFTY,2024-08-08,25700.0,CE,54.7,65.55,338,2300,24800.85,NSE_bhavcopy
2024-07-18,NIFTY,2024-07-18,25700.0,CE,0.2,0.05,169424,857050,24800.85,NSE_bhavcopy
2024-07-18,NIFTY,2024-08-08,24850.0,CE,370.3,346.15,49,1025,24800.85,NSE_bhavcopy
2024-07-18,NIFTY,2024-07-18,24050.0,PE,0.55,0.15,3452008,2691625,24800.85,NSE_bhavcopy
2024-07-18,NIFTY,2024-08-08,24050.0,CE,0.0,525.0,0,200,24800.85,NSE_bhavcopy
2024-07-18,NIFTY,2024-07-18,24050.0,CE,542.3,758.2,2214,17850,24800.85,NSE_bhavcopy
2024-07-18,NIFTY,2024-07-18,22450.0,PE,0.3,0.1,5677,29725,24800.85,NSE_bhavcopy
2024-07-18,NIFTY,2024-07-18,22450.0,CE,0.0,2008.4,0,250,24800.85,NSE_bhavcopy
2024-07-18,NIFTY,2024-08-08,24500.0,PE,269.75,193.05,2815,30650,24800.85,NSE_bhavcopy
2024-07-18,NIFTY,2024-08-08,24100.0,CE,680.0,870.0,45,550,24800.85,NSE_bhavcopy
2024-07-18,NIFTY,2024-07-18,21700.0,PE,0.2,0.05,68802,995000,24800.85,NSE_bhavcopy
2024-07-18,NIFTY,2024-07-18,22750.0,CE,1795.0,2058.75,78,200,24800.85,NSE_bhavcopy
2024-07-18,NIFTY,2024-07-18,25300.0,PE,721.45,494.8,4543,12400,24800.85,NSE_bhavcopy
2024-07-18,NIFTY,2024-08-08,25300.0,CE,0.0,208.8,0,0,24800.85,NSE_bhavcopy
2024-07-18,NIFTY,2024-07-18,24600.0,PE,63.9,0.35,37005039,7968300,24800.85,NSE_bhavcopy
2024-07-18,NIFTY,2024-08-08,23850.0,PE,94.0,66.5,43,775,24800.85,NSE_bhavcopy
2024-07-18,NIFTY,2024-07-18,23850.0,CE,712.3,957.95,930,3625,24800.85,NSE_bhavcopy
2024-07-18,NIFTY,2024-07-18,23150.0,CE,1385.0,1450.0,8,100,24800.85,NSE_bhavcopy
2024-07-18,NIFTY,2024-07-18,22850.0,PE,0.4,0.05,8139,45050,24800.85,NSE_bhavcopy
2024-07-18,NIFTY,2024-07-18,22850.0,CE,0.0,1611.35,0,225,24800.85,NSE_bhavcopy
2024-07-18,NIFTY,2024-08-08,24700.0,PE,380.9,267.8,1292,17475,24800.85,NSE_bhavcopy
2024-07-18,NIFTY,2024-08-08,23400.0,PE,45.0,36.25,1360,4450,24800.85,NSE_bhavcopy
2024-07-18,NIFTY,2024-08-08,23400.0,CE,0.0,1203.1,0,0,24800.85,NSE_bhavcopy
2024-07-18,NIFTY,2024-07-18,23400.0,PE,0.4,0.1,135957,993500,24800.85,NSE_bhavcopy
2024-07-18,NIFTY,2024-07-18,24250.0,PE,3.75,0.2,9314977,2961875,24800.85,NSE_bhavcopy
2024-07-18,NIFTY,2024-07-18,24250.0,CE,369.95,556.9,26623,272600,24800.85,NSE_bhavcopy
2024-07-18,NIFTY,2024-08-08,24250.0,CE,619.4,711.45,7,325,24800.85,NSE_bhavcopy
2024-07-18,NIFTY,2024-08-08,24250.0,PE,0.0,315.0,0,75,24800.85,NSE_bhavcopy
2024-07-18,NIFTY,2024-07-18,25450.0,CE,0.2,0.1,212315,274800,24800.85,NSE_bhavcopy
2024-07-18,NIFTY,2024-07-18,25450.0,PE,890.6,641.3,208,825,24800.85,NSE_bhavcopy
2024-07-18,NIFTY,2024-08-08,25650.0,PE,0.0,1303.15,0,0,24800.85,NSE_bhavcopy
2024-07-18,NIFTY,2024-08-08,22650.0,PE,0.0,39.0,0,0,24800.85,NSE_bhavcopy
2024-07-18,NIFTY,2024-07-18,22650.0,CE,2160.0,2150.0,4,250,24800.85,NSE_bhavcopy
2024-07-18,NIFTY,2024-07-18,24100.0,PE,2.1,0.15,7000440,6014800,24800.85,NSE_bhavcopy
2024-07-18,NIFTY,2024-08-08,23250.0,PE,0.0,109.9,0,0,24800.85,NSE_bhavcopy
2024-07-18,NIFTY,2024-07-18,22600.0,PE,0.25,0.05,25082,146825,24800.85,NSE_bhavcopy
2024-07-18,NIFTY,2024-08-08,23250.0,CE,0.0,1324.0,0,0,24800.85,NSE_bhavcopy
2024-07-18,NIFTY,2024-08-08,25950.0,PE,0.0,1555.65,0,0,24800.85,NSE_bhavcopy
2024-07-18,NIFTY,2024-07-18,22250.0,CE,2572.0,2572.0,2,125,24800.85,NSE_bhavcopy
2024-07-18,NIFTY,2024-07-18,22250.0,PE,0.25,0.1,4342,19500,24800.85,NSE_bhavcopy
2024-07-18,NIFTY,2024-08-08,24550.0,CE,427.55,523.25,154,900,24800.85,NSE_bhavcopy
2024-07-18,NIFTY,2024-08-08,23550.0,PE,0.0,72.7,0,75,24800.85,NSE_bhavcopy
2024-07-18,NIFTY,2024-08-08,23550.0,CE,0.0,1087.3,0,0,24800.85,NSE_bhavcopy
2024-07-18,NIFTY,2024-07-18,24850.0,CE,2.5,0.65,56672946,14457275,24800.85,NSE_bhavcopy
2024-07-18,NIFTY,2024-07-18,22300.0,CE,2240.0,2525.0,5,150,24800.85,NSE_bhavcopy
2024-07-18,NIFTY,2024-07-18,22100.0,PE,0.15,0.05,8528,123075,24800.85,NSE_bhavcopy
2024-07-18,NIFTY,2024-07-18,24500.0,PE,30.0,0.3,33495519,6866100,24800.85,NSE_bhavcopy
2024-07-18,NIFTY,2024-07-18,22100.0,CE,2440.0,2697.0,4,100,24800.85,NSE_bhavcopy
2024-07-18,NIFTY,2024-07-18,25250.0,PE,619.7,443.5,655,4050,24800.85,NSE_bhavcopy
2024-07-18,NIFTY,2024-08-08,22750.0,CE,0.0,1757.65,0,0,24800.85,NSE_bhavcopy
2024-07-18,NIFTY,2024-08-08,22750.0,PE,0.0,47.05,0,0,24800.85,NSE_bhavcopy
2024-07-18,NIFTY,2024-07-18,22200.0,PE,0.25,0.05,16369,66275,24800.85,NSE_bhavcopy
2024-07-18,NIFTY,2024-08-08,25200.0,CE,141.5,188.0,388,10800,24800.85,NSE_bhavcopy
2024-07-18,NIFTY,2024-07-18,25200.0,CE,0.3,0.1,1849665,4322275,24800.85,NSE_bhavcopy
2024-07-18,NIFTY,2024-08-08,25200.0,PE,0.0,957.7,0,0,24800.85,NSE_bhavcopy
2024-07-18,NIFTY,2024-08-08,23200.0,PE,34.95,28.55,40,950,24800.85,NSE_bhavcopy
2024-07-18,NIFTY,2024-07-18,24650.0,CE,49.0,155.55,24816578,4653525,24800.85,NSE_bhavcopy
2024-07-18,NIFTY,2024-08-08,22950.0,CE,0.0,1579.2,0,0,24800.85,NSE_bhavcopy
2024-07-18,NIFTY,2024-07-18,21650.0,CE,2881.85,3159.8,435,600,24800.85,NSE_bhavcopy
2024-07-18,NIFTY,2024-08-08,22550.0,CE,0.0,1941.35,0,0,24800.85,NSE_bhavcopy
2024-07-18,NIFTY,2024-08-08,22800.0,PE,17.6,17.6,25,1550,24800.85,NSE_bhavcopy
2024-07-18,NIFTY,2024-08-08,22800.0,CE,0.0,1712.5,0,0,24800.85,NSE_bhavcopy
2024-07-18,NIFTY,2024-07-18,22800.0,CE,1767.0,2008.0,363,1825,24800.85,NSE_bhavcopy
2024-07-18,NIFTY,2024-07-18,21900.0,CE,2632.95,2895.0,52,975,24800.85,NSE_bhavcopy
2024-07-18,NIFTY,2024-07-18,23650.0,CE,949.1,1155.65,500,2025,24800.85,NSE_bhavcopy
2024-07-18,NIFTY,2024-07-18,25000.0,CE,0.75,0.15,19236584,16389025,24800.85,NSE_bhavcopy
2024-07-18,NIFTY,2024-08-08,25000.0,CE,191.85,271.25,2164,32375,24800.85,NSE_bhavcopy
2024-07-18,NIFTY,2024-07-18,25800.0,PE,1143.5,992.65,172,750,24800.85,NSE_bhavcopy
2024-07-18,NIFTY,2024-08-08,23700.0,CE,0.0,976.9,0,0,24800.85,NSE_bhavcopy
2024-07-18,NIFTY,2024-07-18,23750.0,CE,837.8,1056.95,883,1350,24800.85,NSE_bhavcopy
2024-07-18,NIFTY,2024-08-08,24650.0,CE,370.2,458.5,223,2175,24800.85,NSE_bhavcopy
2024-07-18,NIFTY,2024-07-18,24400.0,CE,201.5,405.05,1079568,998175,24800.85,NSE_bhavcopy
2024-07-18,NIFTY,2024-07-18,21900.0,PE,0.2,0.1,6463,153175,24800.85,NSE_bhavcopy
2024-07-18,NIFTY,2024-07-18,26300.0,CE,0.2,0.05,36464,221225,24800.85,NSE_bhavcopy
2024-07-18,NIFTY,2024-08-08,23450.0,PE,0.0,148.4,0,0,24800.85,NSE_bhavcopy
2024-07-18,NIFTY,2024-07-18,21750.0,PE,0.2,0.05,40955,319250,24800.85,NSE_bhavcopy
2024-07-18,NIFTY,2024-07-18,21750.0,CE,0.0,2707.05,0,75,24800.85,NSE_bhavcopy
2024-07-18,NIFTY,2024-08-08,23150.0,PE,26.4,26.4,5,125,24800.85,NSE_bhavcopy
2024-07-18,NIFTY,2024-08-08,23150.0,CE,0.0,1407.2,0,0,24800.85,NSE_bhavcopy
2024-07-18,NIFTY,2024-07-18,23150.0,PE,0.4,0.1,43038,174800,24800.85,NSE_bhavcopy
2024-07-18,NIFTY,2024-08-08,23800.0,PE,82.0,68.95,764,14300,24800.85,NSE_bhavcopy
2024-07-18,NIFTY,2024-08-08,23800.0,CE,0.0,1050.0,0,175,24800.85,NSE_bhavcopy
2024-07-18,NIFTY,2024-08-08,23500.0,CE,0.0,1125.3,0,0,24800.85,NSE_bhavcopy
2024-07-18,NIFTY,2024-07-18,24000.0,PE,1.0,0.15,6219651,8315700,24800.85,NSE_bhavcopy
2024-07-18,NIFTY,2024-07-18,26200.0,CE,0.15,0.05,89466,1256350,24800.85,NSE_bhavcopy
2024-07-18,NIFTY,2024-08-08,26200.0,CE,15.15,21.55,2578,45275,24800.85,NSE_bhavcopy
2024-07-18,NIFTY,2024-08-08,25350.0,CE,0.0,197.55,0,0,24800.85,NSE_bhavcopy
2024-07-18,NIFTY,2024-08-08,25350.0,PE,0.0,1068.8,0,0,24800.85,NSE_bhavcopy
2024-07-18,NIFTY,2024-08-08,24750.0,CE,285.0,401.85,180,1600,24800.85,NSE_bhavcopy
2024-07-18,NIFTY,2024-08-08,24050.0,PE,120.65,109.6,2,75,24800.85,NSE_bhavcopy
2024-07-18,NIFTY,2024-07-18,22700.0,CE,1900.0,2107.1,251,800,24800.85,NSE_bhavcopy
2024-07-18,NIFTY,2024-08-08,24600.0,PE,308.3,226.15,1620,15550,24800.85,NSE_bhavcopy
2024-07-18,NIFTY,2024-07-18,26150.0,PE,0.0,2582.8,0,0,24800.85,NSE_bhavcopy
2024-07-18,NIFTY,2024-07-18,22550.0,CE,2158.85,2285.0,9,200,24800.85,NSE_bhavcopy
2024-07-18,NIFTY,2024-07-18,23450.0,PE,0.5,0.1,149068,425875,24800.85,NSE_bhavcopy
2024-07-18,NIFTY,2024-08-08,23450.0,CE,0.0,1163.9,0,0,24800.85,NSE_bhavcopy
2024-07-18,NIFTY,2024-08-08,25750.0,CE,0.0,44.8,0,125,24800.85,NSE_bhavcopy
2024-07-18,NIFTY,2024-07-18,25750.0,CE,0.2,0.05,79844,441125,24800.85,NSE_bhavcopy
2024-07-18,NIFTY,2024-08-08,25750.0,PE,0.0,1385.6,0,0,24800.85,NSE_bhavcopy
2024-07-18,NIFTY,2024-07-18,24600.0,CE,49.65,205.7,23945623,4265000,24800.85,NSE_bhavcopy
2024-07-18,NIFTY,2024-08-08,24400.0,PE,229.75,166.4,463,9875,24800.85,NSE_bhavcopy
2024-07-18,NIFTY,2024-08-08,24400.0,CE,490.0,634.05,174,5500,24800.85,NSE_bhavcopy
2024-07-18,NIFTY,2024-07-18,22900.0,CE,1750.0,1908.7,294,1975,24800.85,NSE_bhavcopy
2024-07-18,NIFTY,2024-08-08,22900.0,CE,0.0,1623.25,0,0,24800.85,NSE_bhavcopy
2024-07-18,NIFTY,2024-08-08,26300.0,PE,0.0,1867.25,0,0,24800.85,NSE_bhavcopy
2024-07-18,NIFTY,2024-07-18,24700.0,CE,24.0,105.9,33156324,7214800,24800.85,NSE_bhavcopy
2024-07-18,NIFTY,2024-08-08,25450.0,CE,0.0,173.6,0,0,24800.85,NSE_bhavcopy
2024-07-18,NIFTY,2024-08-08,25450.0,PE,0.0,1144.15,0,0,24800.85,NSE_bhavcopy
2024-07-18,NIFTY,2024-08-08,23750.0,PE,0.0,223.9,0,0,24800.85,NSE_bhavcopy
2024-07-18,NIFTY,2024-07-18,24750.0,PE,170.0,0.95,26270974,10253300,24800.85,NSE_bhavcopy
2024-07-18,NIFTY,2024-08-08,24750.0,PE,368.85,282.05,125,2325,24800.85,NSE_bhavcopy
2024-07-18,NIFTY,2024-07-18,21850.0,CE,2785.0,3071.65,118,1425,24800.85,NSE_bhavcopy
2024-07-18,NIFTY,2024-07-18,21850.0,PE,0.2,0.05,19118,137550,24800.85,NSE_bhavcopy
2024-07-18,NIFTY,2024-07-18,24000.0,CE,586.1,805.2,37855,172525,24800.85,NSE_bhavcopy
2024-07-18,NIFTY,2024-07-18,22000.0,PE,0.2,0.1,93415,953075,24800.85,NSE_bhavcopy
2024-07-18,NIFTY,2024-08-08,24000.0,CE,766.55,949.25,209,1725,24800.85,NSE_bhavcopy
2024-07-18,NIFTY,2024-08-08,24000.0,PE,126.0,89.9,1305,25775,24800.85,NSE_bhavcopy
2024-07-18,NIFTY,2024-07-18,24150.0,CE,430.05,656.0,7845,36250,24800.85,NSE_bhavcopy
2024-07-18,NIFTY,2024-08-08,24150.0,CE,665.05,665.0,2,600,24800.85,NSE_bhavcopy
2024-07-18,NIFTY,2024-07-18,25300.0,CE,0.3,0.1,763793,2630675,24800.85,NSE_bhavcopy
2024-07-18,NIFTY,2024-08-08,26050.0,CE,25.4,24.7,89,6525,24800.85,NSE_bhavcopy
2024-07-18,NIFTY,2024-08-08,24450.0,PE,249.9,236.0,8,1725,24800.85,NSE_bhavcopy
2024-07-18,NIFTY,2024-08-08,25600.0,PE,0.0,1262.65,0,0,24800.85,NSE_bhavcopy
2024-07-18,NIFTY,2024-07-18,25600.0,PE,955.0,791.7,69,675,24800.85,NSE_bhavcopy
2024-07-18,NIFTY,2024-07-18,25600.0,CE,0.2,0.1,114310,819425,24800.85,NSE_bhavcopy
2024-07-18,NIFTY,2024-08-08,25600.0,CE,60.0,82.5,171,2150,24800.85,NSE_bhavcopy
2024-07-18,NIFTY,2024-07-18,22700.0,PE,0.25,0.1,27231,159100,24800.85,NSE_bhavcopy
2024-07-18,NIFTY,2024-07-18,25100.0,CE,1.0,0.1,5193033,8008525,24800.85,NSE_bhavcopy
2024-07-18,NIFTY,2024-07-18,23600.0,CE,980.05,1208.7,1714,6275,24800.85,NSE_bhavcopy
2024-07-18,NIFTY,2024-07-18,22550.0,PE,0.35,0.1,5700,20975,24800.85,NSE_bhavcopy
2024-07-18,NIFTY,2024-08-08,22550.0,PE,22.0,16.6,22,275,24800.85,NSE_bhavcopy
2024-07-18,NIFTY,2024-08-08,26150.0,PE,0.0,1731.8,0,0,24800.85,NSE_bhavcopy
2024-07-18,NIFTY,2024-07-18,22300.0,PE,0.2,0.05,11700,46000,24800.85,NSE_bhavcopy
2024-07-18,NIFTY,2024-08-08,24500.0,CE,427.3,560.25,1114,7350,24800.85,NSE_bhavcopy
2024-07-18,NIFTY,2024-07-18,24500.0,CE,134.15,305.8,7681584,1500000,24800.85,NSE_bhavcopy
2024-07-18,NIFTY,2024-07-18,25100.0,PE,530.7,294.55,21980,27300,24800.85,NSE_bhavcopy
2024-07-18,NIFTY,2024-07-18,22750.0,PE,0.3,0.1,8032,61075,24800.85,NSE_bhavcopy
2024-07-18,NIFTY,2024-07-18,23000.0,PE,0.45,0.1,349207,2125275,24800.85,NSE_bhavcopy
2024-07-18,NIFTY,2024-08-08,23000.0,PE,28.0,24.65,1400,25200,24800.85,NSE_bhavcopy
2024-07-18,NIFTY,2024-07-18,24550.0,PE,69.0,0.3,29048573,4435225,24800.85,NSE_bhavcopy
2024-07-18,NIFTY,2024-08-08,24300.0,PE,206.8,137.85,1875,32350,24800.85,NSE_bhavcopy
2024-07-18,NIFTY,2024-07-18,24300.0,CE,291.25,506.55,238022,1085200,24800.85,NSE_bhavcopy
2024-07-18,NIFTY,2024-08-08,25400.0,CE,98.1,127.0,574,4500,24800.85,NSE_bhavcopy
2024-07-18,NIFTY,2024-08-08,24900.0,CE,230.0,319.9,124,4775,24800.85,NSE_bhavcopy
2024-07-18,NIFTY,2024-08-08,22600.0,PE,15.15,12.7,92,3150,24800.85,NSE_bhavcopy
2024-07-18,NIFTY,2024-07-18,22600.0,CE,2004.55,2200.55,289,275,24800.85,NSE_bhavcopy
2024-07-18,NIFTY,2024-07-18,23250.0,CE,1340.0,1558.5,206,525,24800.85,NSE_bhavcopy
2024-07-18,NIFTY,2024-07-18,23250.0,PE,0.1,0.1,41174,233925,24800.85,NSE_bhavcopy
2024-07-18,NIFTY,2024-08-08,22600.0,CE,0.0,1895.0,0,0,24800.85,NSE_bhavcopy
2024-07-18,NIFTY,2024-07-18,25050.0,CE,0.55,0.1,6266835,7679150,24800.85,NSE_bhavcopy
2024-07-18,NIFTY,2024-08-08,24150.0,PE,0.0,200.0,0,150,24800.85,NSE_bhavcopy
2024-07-18,NIFTY,2024-07-18,24150.0,PE,0.9,0.15,6813425,5184175,24800.85,NSE_bhavcopy
2024-07-18,NIFTY,2024-07-18,21800.0,PE,0.2,0.1,41218,519525,24800.85,NSE_bhavcopy
2024-07-18,NIFTY,2024-07-18,24300.0,PE,13.65,0.2,14336561,5053225,24800.85,NSE_bhavcopy
2024-07-18,NIFTY,2024-08-08,24300.0,CE,534.45,709.3,102,1650,24800.85,NSE_bhavcopy
2024-07-18,NIFTY,2024-08-08,25400.0,PE,0.0,1105.75,0,0,24800.85,NSE_bhavcopy
2024-07-18,NIFTY,2024-07-18,24900.0,CE,1.6,0.25,44159171,9837525,24800.85,NSE_bhavcopy
2024-07-18,NIFTY,2024-08-08,24600.0,CE,385.0,495.8,596,10575,24800.85,NSE_bhavcopy
2024-07-18,NIFTY,2024-07-18,26000.0,CE,0.15,0.05,375616,2657175,24800.85,NSE_bhavcopy
2024-07-18,NIFTY,2024-08-08,22850.0,CE,0.0,1667.7,0,0,24800.85,NSE_bhavcopy
2024-07-18,NIFTY,2024-08-08,26300.0,CE,0.0,52.6,0,0,24800.85,NSE_bhavcopy
2024-07-18,NIFTY,2024-08-08,23000.0,CE,0.0,1535.55,0,0,24800.85,NSE_bhavcopy
2024-07-18,NIFTY,2024-08-08,24550.0,PE,307.0,214.45,21,325,24800.85,NSE_bhavcopy
2024-07-18,NIFTY,2024-07-18,23550.0,CE,1010.0,1259.25,282,1225,24800.85,NSE_bhavcopy
2024-07-18,NIFTY,2024-07-18,25550.0,PE,812.6,741.0,71,775,24800.85,NSE_bhavcopy
2024-07-18,NIFTY,2024-08-08,25550.0,CE,0.0,136.5,0,50,24800.85,NSE_bhavcopy
2024-07-18,NIFTY,2024-07-18,25500.0,PE,927.0,693.75,2096,8500,24800.85,NSE_bhavcopy
2024-07-18,NIFTY,2024-08-08,24350.0,CE,504.45,630.0,86,850,24800.85,NSE_bhavcopy
2024-07-18,NIFTY,2024-07-18,23100.0,PE,0.3,0.1,61401,318175,24800.85,NSE_bhavcopy
2024-07-18,NIFTY,2024-07-18,26100.0,PE,0.0,2534.45,0,0,24800.85,NSE_bhavcopy
2024-07-18,NIFTY,2024-07-18,23000.0,CE,1580.5,1807.75,5581,12650,24800.85,NSE_bhavcopy
2024-07-18,NIFTY,2024-07-18,23550.0,PE,0.35,0.1,148286,594100,24800.85,NSE_bhavcopy
2024-07-18,NIFTY,2024-07-18,24550.0,CE,100.0,255.85,12546912,2184925,24800.85,NSE_bhavcopy
2024-07-18,NIFTY,2024-07-18,23950.0,CE,620.0,857.3,759,7200,24800.85,NSE_bhavcopy
2024-07-18,NIFTY,2024-07-18,23950.0,PE,0.75,0.15,1704897,1476175,24800.85,NSE_bhavcopy
2024-07-18,NIFTY,2024-07-18,23200.0,PE,0.3,0.1,132035,738400,24800.85,NSE_bhavcopy
2024-07-18,NIFTY,2024-08-08,23200.0,CE,0.0,1365.35,0,0,24800.85,NSE_bhavcopy
2024-07-18,NIFTY,2024-07-18,23200.0,CE,1360.0,1608.85,1242,7650,24800.85,NSE_bhavcopy
2024-07-18,NIFTY,2024-08-08,25950.0,CE,0.0,88.6,0,0,24800.85,NSE_bhavcopy
2024-07-18,NIFTY,2024-07-18,25950.0,PE,1176.15,1184.6,10,125,24800.85,NSE_bhavcopy
2024-07-18,NIFTY,2024-07-18,24100.0,CE,490.5,706.2,17911,47375,24800.85,NSE_bhavcopy
2024-07-18,NIFTY,2024-07-18,25350.0,CE,0.25,0.1,269013,525975,24800.85,NSE_bhavcopy
2024-07-18,NIFTY,2024-07-18,24750.0,CE,8.5,55.75,34506899,5359075,24800.85,NSE_bhavcopy
2024-07-18,NIFTY,2024-07-18,24950.0,CE,1.55,0.15,23148858,7177850,24800.85,NSE_bhavcopy
2024-07-18,NIFTY,2024-08-08,24850.0,PE,465.75,323.25,108,2000,24800.85,NSE_bhavcopy
2024-07-18,NIFTY,2024-07-18,24850.0,PE,263.1,45.35,9464806,8797025,24800.85,NSE_bhavcopy
2024-07-18,NIFTY,2024-07-18,22150.0,CE,2684.0,2684.0,2,0,24800.85,NSE_bhavcopy
2024-07-18,NIFTY,2024-07-18,22150.0,PE,0.15,0.05,3198,20050,24800.85,NSE_bhavcopy
2024-07-18,NIFTY,2024-08-08,22650.0,CE,0.0,1848.9,0,0,24800.85,NSE_bhavcopy
2024-07-18,NIFTY,2024-07-18,22650.0,PE,0.25,0.1,9723,61600,24800.85,NSE_bhavcopy
2024-07-18,NIFTY,2024-08-08,23600.0,CE,0.0,1050.85,0,0,24800.85,NSE_bhavcopy
2024-07-18,NIFTY,2024-08-08,23600.0,PE,64.95,50.85,186,3050,24800.85,NSE_bhavcopy
2024-07-18,NIFTY,2024-07-18,23600.0,PE,0.35,0.1,377354,1418525,24800.85,NSE_bhavcopy
2024-07-18,NIFTY,2024-07-18,22800.0,PE,0.4,0.1,48539,228225,24800.85,NSE_bhavcopy
2024-07-18,NIFTY,2024-08-08,25550.0,PE,0.0,1222.65,0,0,24800.85,NSE_bhavcopy
2024-07-18,NIFTY,2024-07-18,25500.0,CE,0.25,0.1,1121949,4437550,24800.85,NSE_bhavcopy
2024-07-18,NIFTY,2024-07-18,21700.0,CE,2840.0,3124.65,38,150,24800.85,NSE_bhavcopy
2024-07-18,NIFTY,2024-07-18,26150.0,CE,0.2,0.05,60788,538450,24800.85,NSE_bhavcopy
2024-07-18,NIFTY,2024-07-18,22400.0,CE,2126.0,2425.0,5,300,24800.85,NSE_bhavcopy
2024-07-18,NIFTY,2024-08-08,25150.0,PE,0.0,922.25,0,0,24800.85,NSE_bhavcopy
2024-07-18,NIFTY,2024-07-18,25150.0,PE,569.35,344.25,3374,7025,24800.85,NSE_bhavcopy
2024-07-18,NIFTY,2024-08-08,24450.0,CE,440.0,550.0,2,100,24800.85,NSE_bhavcopy
2024-07-18,NIFTY,2024-08-08,24950.0,PE,562.85,562.85,1,25,24800.85,NSE_bhavcopy
2024-07-18,NIFTY,2024-08-08,22700.0,CE,0.0,1803.15,0,0,24800.85,NSE_bhavcopy
2024-07-18,NIFTY,2024-08-08,22700.0,PE,19.8,19.8,2,550,24800.85,NSE_bhavcopy
2024-07-18,NIFTY,2024-07-18,23800.0,PE,0.45,0.1,1077372,2727575,24800.85,NSE_bhavcopy
2024-07-18,NIFTY,2024-07-18,23350.0,CE,1190.0,1461.8,27,650,24800.85,NSE_bhavcopy
2024-07-18,NIFTY,2024-08-08,24200.0,PE,153.45,121.35,2435,63100,24800.85,NSE_bhavcopy
2024-07-18,NIFTY,2024-07-18,25650.0,PE,852.0,839.9,29,350,24800.85,NSE_bhavcopy
2024-07-18,NIFTY,2024-07-18,24200.0,CE,380.0,604.65,62606,402825,24800.85,NSE_bhavcopy
2024-07-18,NIFTY,2024-07-18,24400.0,PE,12.0,0.2,21548335,6385350,24800.85,NSE_bhavcopy
2024-07-18,NIFTY,2024-07-18,21650.0,PE,0.15,0.1,303518,1513775,24800.85,NSE_bhavcopy
2024-07-18,NIFTY,2024-08-08,22950.0,PE,0.0,67.2,0,0,24800.85,NSE_bhavcopy
2024-07-18,NIFTY,2024-07-18,25050.0,PE,461.3,245.35,28359,64775,24800.85,NSE_bhavcopy
2024-07-18,NIFTY,2024-07-18,26350.0,CE,0.2,0.05,136114,802500,24800.85,NSE_bhavcopy
2024-07-18,NIFTY,2024-07-18,24650.0,PE,94.95,0.4,25395197,5717125,24800.85,NSE_bhavcopy
2024-07-18,NIFTY,2024-08-08,24650.0,PE,331.65,247.0,320,2650,24800.85,NSE_bhavcopy
2024-07-18,NIFTY,2024-08-08,25650.0,CE,0.0,134.0,0,0,24800.85,NSE_bhavcopy
2024-07-18,NIFTY,2024-07-18,25650.0,CE,0.2,0.05,57947,397600,24800.85,NSE_bhavcopy
2024-07-18,NIFTY,2024-08-08,25250.0,PE,0.0,993.75,0,0,24800.85,NSE_bhavcopy
2024-07-18,NIFTY,2024-08-08,25050.0,CE,265.05,253.9,404,5525,24800.85,NSE_bhavcopy
2024-07-18,NIFTY,2024-08-08,25100.0,CE,173.0,226.2,303,6900,24800.85,NSE_bhavcopy
2024-07-18,NIFTY,2024-08-08,25100.0,PE,0.0,887.5,0,0,24800.85,NSE_bhavcopy
2024-07-18,NIFTY,2024-07-18,23450.0,CE,1200.0,1358.3,199,1125,24800.85,NSE_bhavcopy
2024-07-18,NIFTY,2024-07-18,25750.0,PE,978.35,942.3,33,275,24800.85,NSE_bhavcopy
2024-07-18,NIFTY,2024-08-08,23950.0,PE,0.0,287.85,0,0,24800.85,NSE_bhavcopy
2024-07-18,NIFTY,2024-07-18,22500.0,CE,2076.95,2306.6,2162,4325,24800.85,NSE_bhavcopy
2024-07-18,NIFTY,2024-07-18,23800.0,CE,792.65,1006.95,5471,17375,24800.85,NSE_bhavcopy
2024-07-18,NIFTY,2024-08-08,23350.0,CE,0.0,1242.85,0,0,24800.85,NSE_bhavcopy
2024-07-18,NIFTY,2024-08-08,22850.0,PE,11.35,11.35,1,25,24800.85,NSE_bhavcopy
2024-07-18,NIFTY,2024-07-18,22900.0,PE,0.3,0.05,31135,169225,24800.85,NSE_bhavcopy
2024-07-18,NIFTY,2024-08-08,22900.0,PE,0.0,61.6,0,0,24800.85,NSE_bhavcopy
2024-07-18,NIFTY,2024-07-18,25550.0,CE,0.2,0.05,109137,437600,24800.85,NSE_bhavcopy
2024-07-18,NIFTY,2024-08-08,25500.0,PE,0.0,1061.75,0,25,24800.85,NSE_bhavcopy
2024-07-18,NIFTY,2024-08-08,26250.0,CE,11.9,15.95,25,625,24800.85,NSE_bhavcopy
2024-07-18,NIFTY,2024-08-08,25500.0,CE,75.0,100.7,3063,20175,24800.85,NSE_bhavcopy
2024-07-18,NIFTY,2024-07-18,22950.0,PE,0.3,0.05,9084,60725,24800.85,NSE_bhavcopy
2024-07-18,NIFTY,2024-08-08,24100.0,PE,137.8,105.65,93,3075,24800.85,NSE_bhavcopy
2024-07-18,NIFTY,2024-07-18,22200.0,CE,2450.0,2609.3,34,200,24800.85,NSE_bhavcopy
2024-07-18,NIFTY,2024-07-18,23050.0,PE,0.3,0.1,12517,71050,24800.85,NSE_bhavcopy
2024-07-18,NIFTY,2024-08-08,26350.0,CE,18.0,14.3,275,3550,24800.85,NSE_bhavcopy
2024-07-18,NIFTY,2024-08-08,26350.0,PE,0.0,1912.95,0,0,24800.85,NSE_bhavcopy
2024-07-18,NIFTY,2024-07-18,25250.0,CE,0.25,0.1,567746,1189650,24800.85,NSE_bhavcopy
2024-07-18,NIFTY,2024-07-18,25350.0,PE,688.25,541.6,310,1875,24800.85,NSE_bhavcopy
2024-07-18,NIFTY,2024-07-18,22050.0,PE,0.25,0.05,3792,25475,24800.85,NSE_bhavcopy
2024-07-18,NIFTY,2024-07-18,22050.0,CE,0.0,2570.15,0,125,24800.85,NSE_bhavcopy
2024-07-18,NIFTY,2024-07-18,22000.0,CE,2572.45,2808.45,627,1375,24800.85,NSE_bhavcopy
2024-07-18,NIFTY,2024-08-08,25050.0,PE,0.0,853.35,0,0,24800.85,NSE_bhavcopy
2024-07-18,NIFTY,2024-07-18,25200.0,PE,611.85,395.15,5817,13500,24800.85,NSE_bhavcopy
2024-07-18,NIFTY,2024-07-18,23050.0,CE,1605.0,1455.0,3,300,24800.85,NSE_bhavcopy
2024-07-18,NIFTY,2024-08-08,23050.0,CE,0.0,1492.35,0,0,24800.85,NSE_bhavcopy
2024-07-18,NIFTY,2024-08-08,23050.0,PE,0.0,24.0,0,25,24800.85,NSE_bhavcopy
2024-07-18,NIFTY,2024-07-18,26350.0,PE,1791.9,1448.4,8,75,24800.85,NSE_bhavcopy
2024-07-18,NIFTY,2024-08-08,26100.0,CE,22.0,25.1,85,1475,24800.85,NSE_bhavcopy
2024-07-18,NIFTY,2024-08-08,26100.0,PE,0.0,1687.25,0,0,24800.85,NSE_bhavcopy
2024-07-18,NIFTY,2024-07-18,26100.0,CE,0.15,0.05,24704,194450,24800.85,NSE_bhavcopy
2024-07-18,NIFTY,2024-07-18,22500.0,PE,0.3,0.05,106052,638150,24800.85,NSE_bhavcopy
2024-07-18,NIFTY,2024-08-08,23500.0,PE,58.9,42.85,910,13025,24800.85,NSE_bhavcopy
2024-07-18,NIFTY,2024-07-18,24700.0,PE,103.65,0.5,29941168,9807700,24800.85,NSE_bhavcopy
2024-07-18,NIFTY,2024-08-08,25300.0,PE,0.0,788.1,0,150,24800.85,NSE_bhavcopy
2024-07-18,NIFTY,2024-08-08,23100.0,CE,0.0,1449.55,0,0,24800.85,NSE_bhavcopy
2024-07-18,NIFTY,2024-08-08,23100.0,PE,26.0,26.0,14,650,24800.85,NSE_bhavcopy
2024-07-18,NIFTY,2024-08-08,26150.0,CE,0.0,53.95,0,100,24800.85,NSE_bhavcopy
2024-07-18,NIFTY,2024-07-18,22400.0,PE,0.3,0.05,30090,220075,24800.85,NSE_bhavcopy
2024-07-18,NIFTY,2024-08-08,24700.0,CE,305.25,426.85,1215,54325,24800.85,NSE_bhavcopy
2024-07-18,NIFTY,2024-07-18,23400.0,CE,1185.95,1408.75,1235,6825,24800.85,NSE_bhavcopy
2024-07-18,NIFTY,2024-07-18,23350.0,PE,0.4,0.1,91762,427375,24800.85,NSE_bhavcopy
2024-07-18,NIFTY,2024-08-08,26000.0,PE,1180.5,1180.5,2,500,24800.85,NSE_bhavcopy
2024-07-18,NIFTY,2024-07-18,24200.0,PE,3.15,0.15,11563011,7755500,24800.85,NSE_bhavcopy
2024-07-18,NIFTY,2024-08-08,25250.0,CE,0.0,221.8,0,0,24800.85,NSE_bhavcopy
2024-07-18,NIFTY,2024-08-08,24950.0,CE,0.0,313.1,0,0,24800.85,NSE_bhavcopy
2024-07-18,NIFTY,2024-07-18,25400.0,CE,0.2,0.1,470512,1216700,24800.85,NSE_bhavcopy
2024-07-18,NIFTY,2024-07-18,23100.0,CE,1499.0,1708.3,494,1825,24800.85,NSE_bhavcopy
2024-07-18,NIFTY,2024-07-18,24350.0,CE,235.9,455.7,207311,338500,24800.85,NSE_bhavcopy
2024-07-18,NIFTY,2024-07-18,24350.0,PE,4.9,0.2,14502823,3204425,24800.85,NSE_bhavcopy
2024-07-18,NIFTY,2024-08-08,24350.0,PE,238.4,158.2,43,1075,24800.85,NSE_bhavcopy
2024-07-18,NIFTY,2024-07-18,22950.0,CE,0.0,1710.0,0,300,24800.85,NSE_bhavcopy
2024-07-19,NIFTY,2024-07-25,24500.0,PE,102.25,220.0,1764068,5266575,24530.9,NSE_bhavcopy
2024-07-19,NIFTY,2024-07-25,22100.0,CE,2560.0,2520.0,13,14775,24530.9,NSE_bhavcopy
2024-07-19,NIFTY,2024-07-25,24500.0,CE,435.25,246.75,653939,3626025,24530.9,NSE_bhavcopy
2024-07-19,NIFTY,2024-08-14,24500.0,CE,609.55,449.25,290,3675,24530.9,NSE_bhavcopy
2024-07-19,NIFTY,2024-08-14,22800.0,PE,22.0,22.0,6,150,24530.9,NSE_bhavcopy
2024-07-19,NIFTY,2024-07-25,22800.0,PE,3.5,4.45,163413,1114600,24530.9,NSE_bhavcopy
2024-07-19,NIFTY,2024-07-25,20350.0,CE,0.0,3720.0,0,5150,24530.9,NSE_bhavcopy
2024-07-19,NIFTY,2024-07-25,21300.0,PE,2.3,3.05,22542,191650,24530.9,NSE_bhavcopy
2024-07-19,NIFTY,2024-07-25,26000.0,PE,1228.95,1476.65,970,101925,24530.9,NSE_bhavcopy
2024-07-19,NIFTY,2024-08-14,26000.0,CE,50.8,32.8,1880,37675,24530.9,NSE_bhavcopy
2024-07-19,NIFTY,2024-07-25,26000.0,CE,3.0,4.2,1241511,7781225,24530.9,NSE_bhavcopy
2024-07-19,NIFTY,2024-08-14,24200.0,PE,0.0,367.95,0,0,24530.9,NSE_bhavcopy
2024-07-19,NIFTY,2024-08-14,22650.0,CE,0.0,1853.7,0,0,24530.9,NSE_bhavcopy
2024-07-19,NIFTY,2024-08-14,22650.0,PE,0.0,34.25,0,0,24530.9,NSE_bhavcopy
2024-07-19,NIFTY,2024-07-25,22650.0,PE,4.9,3.65,23824,111800,24530.9,NSE_bhavcopy
2024-07-19,NIFTY,2024-07-25,24100.0,CE,744.35,513.1,18589,463100,24530.9,NSE_bhavcopy
2024-07-19,NIFTY,2024-08-14,24100.0,CE,0.0,800.0,0,50,24530.9,NSE_bhavcopy
2024-07-19,NIFTY,2024-07-25,21700.0,CE,3050.0,2945.0,4,16600,24530.9,NSE_bhavcopy
2024-07-19,NIFTY,2024-08-14,22600.0,CE,0.0,1900.1,0,0,24530.9,NSE_bhavcopy
2024-07-19,NIFTY,2024-08-14,23250.0,CE,0.0,1324.2,0,0,24530.9,NSE_bhavcopy
2024-07-19,NIFTY,2024-07-25,23250.0,CE,1470.0,1284.6,50,5250,24530.9,NSE_bhavcopy
2024-07-19,NIFTY,2024-07-25,20150.0,PE,1.5,0.85,311175,1669075,24530.9,NSE_bhavcopy
2024-07-19,NIFTY,2024-08-14,23250.0,PE,0.0,100.7,0,0,24530.9,NSE_bhavcopy
2024-07-19,NIFTY,2024-07-25,22600.0,CE,2150.0,1938.6,69,29475,24530.9,NSE_bhavcopy
2024-07-19,NIFTY,2024-07-25,21200.0,CE,3420.0,3353.5,255,2625,24530.9,NSE_bhavcopy
2024-07-19,NIFTY,2024-07-25,21200.0,PE,1.25,2.7,23093,224475,24530.9,NSE_bhavcopy
2024-07-19,NIFTY,2024-07-25,23900.0,CE,932.55,676.95,3839,321725,24530.9,NSE_bhavcopy
2024-07-19,NIFTY,2024-08-14,23900.0,PE,142.05,142.05,1,25,24530.9,NSE_bhavcopy
2024-07-19,NIFTY,2024-08-14,23900.0,CE,0.0,834.3,0,0,24530.9,NSE_bhavcopy
2024-07-19,NIFTY,2024-08-14,24150.0,CE,0.0,639.9,0,25,24530.9,NSE_bhavcopy
2024-07-19,NIFTY,2024-07-25,24150.0,PE,25.5,94.35,250235,466525,24530.9,NSE_bhavcopy
2024-07-19,NIFTY,2024-08-14,26400.0,PE,0.0,1946.15,0,0,24530.9,NSE_bhavcopy
2024-07-19,NIFTY,2024-07-25,26400.0,CE,1.85,2.6,247709,961125,24530.9,NSE_bhavcopy
2024-07-19,NIFTY,2024-07-25,22000.0,PE,3.0,2.6,275502,3113125,24530.9,NSE_bhavcopy
2024-07-19,NIFTY,2024-07-25,24000.0,PE,35.0,64.1,1132069,5906025,24530.9,NSE_bhavcopy
2024-07-19,NIFTY,2024-08-14,24000.0,CE,0.0,769.15,0,0,24530.9,NSE_bhavcopy
2024-07-19,NIFTY,2024-07-25,20300.0,CE,0.0,4430.0,0,7500,24530.9,NSE_bhavcopy
2024-07-19,NIFTY,2024-07-25,20300.0,PE,1.7,1.2,29632,301175,24530.9,NSE_bhavcopy
2024-07-19,NIFTY,2024-07-25,26200.0,PE,1500.0,1545.0,4,50,24530.9,NSE_bhavcopy
2024-07-19,NIFTY,2024-08-14,26550.0,CE,27.0,18.85,70,1675,24530.9,NSE_bhavcopy
2024-07-19,NIFTY,2024-07-25,24650.0,PE,154.6,299.65,1036883,400300,24530.9,NSE_bhavcopy
2024-07-19,NIFTY,2024-07-25,24400.0,CE,499.1,303.0,127545,1120650,24530.9,NSE_bhavcopy
2024-07-19,NIFTY,2024-07-25,22950.0,PE,5.25,5.6,55745,138325,24530.9,NSE_bhavcopy
2024-07-19,NIFTY,2024-07-25,21100.0,CE,0.0,3700.35,0,5300,24530.9,NSE_bhavcopy
2024-07-19,NIFTY,2024-07-25,21100.0,PE,2.7,2.7,22339,185450,24530.9,NSE_bhavcopy
2024-07-19,NIFTY,2024-07-25,21950.0,PE,2.95,2.9,28914,111675,24530.9,NSE_bhavcopy
2024-07-19,NIFTY,2024-07-25,22350.0,PE,3.7,3.05,21984,139675,24530.9,NSE_bhavcopy
2024-07-19,NIFTY,2024-07-25,22350.0,CE,2415.0,2196.0,18,3000,24530.9,NSE_bhavcopy
2024-07-19,NIFTY,2024-07-25,21950.0,CE,2755.65,2755.65,1,3875,24530.9,NSE_bhavcopy
2024-07-19,NIFTY,2024-07-25,26150.0,PE,0.0,3079.45,0,0,24530.9,NSE_bhavcopy
2024-07-19,NIFTY,2024-08-14,25150.0,CE,0.0,241.0,0,0,24530.9,NSE_bhavcopy
2024-07-19,NIFTY,2024-07-25,25150.0,CE,81.0,43.35,221537,486925,24530.9,NSE_bhavcopy
2024-07-19,NIFTY,2024-08-14,24350.0,PE,0.0,434.2,0,0,24530.9,NSE_bhavcopy
2024-07-19,NIFTY,2024-07-25,21400.0,PE,1.1,3.1,26481,250300,24530.9,NSE_bhavcopy
2024-07-19,NIFTY,2024-07-25,21400.0,CE,3393.8,3136.95,4,3950,24530.9,NSE_bhavcopy
2024-07-19,NIFTY,2024-07-25,21250.0,PE,2.55,3.45,17662,158075,24530.9,NSE_bhavcopy
2024-07-19,NIFTY,2024-07-25,22250.0,CE,0.0,2429.2,0,1850,24530.9,NSE_bhavcopy
2024-07-19,NIFTY,2024-08-14,24550.0,PE,253.35,253.35,1,25,24530.9,NSE_bhavcopy
2024-07-19,NIFTY,2024-08-14,23550.0,PE,0.0,159.4,0,0,24530.9,NSE_bhavcopy
2024-07-19,NIFTY,2024-07-25,23550.0,CE,1212.5,994.95,33,15950,24530.9,NSE_bhavcopy
2024-07-19,NIFTY,2024-07-25,23000.0,CE,1796.75,1533.05,5533,922575,24530.9,NSE_bhavcopy
2024-07-19,NIFTY,2024-08-14,23000.0,PE,37.0,42.75,536,13800,24530.9,NSE_bhavcopy
2024-07-19,NIFTY,2024-08-14,24550.0,CE,621.65,430.8,23,475,24530.9,NSE_bhavcopy
2024-07-19,NIFTY,2024-07-25,23550.0,PE,14.05,18.5,121003,528100,24530.9,NSE_bhavcopy
2024-07-19,NIFTY,2024-08-14,25550.0,CE,0.0,145.3,0,0,24530.9,NSE_bhavcopy
2024-07-19,NIFTY,2024-07-25,25550.0,CE,15.1,11.65,201016,644300,24530.9,NSE_bhavcopy
2024-07-19,NIFTY,2024-07-25,23650.0,PE,17.9,24.45,127306,409525,24530.9,NSE_bhavcopy
2024-07-19,NIFTY,2024-08-14,23650.0,PE,0.0,100.55,0,25,24530.9,NSE_bhavcopy
2024-07-19,NIFTY,2024-08-14,25800.0,PE,0.0,1412.05,0,0,24530.9,NSE_bhavcopy
2024-07-19,NIFTY,2024-08-14,25000.0,CE,316.55,215.3,346,6650,24530.9,NSE_bhavcopy
2024-07-19,NIFTY,2024-07-25,25000.0,PE,330.0,539.0,210425,1678850,24530.9,NSE_bhavcopy
2024-07-19,NIFTY,2024-07-25,23700.0,PE,19.3,28.15,319289,1514725,24530.9,NSE_bhavcopy
2024-07-19,NIFTY,2024-07-25,24250.0,CE,620.75,400.1,11382,92125,24530.9,NSE_bhavcopy
2024-07-19,NIFTY,2024-07-25,20550.0,PE,2.2,3.5,15422,157150,24530.9,NSE_bhavcopy
2024-07-19,NIFTY,2024-08-14,24250.0,PE,0.0,389.25,0,0,24530.9,NSE_bhavcopy
2024-07-19,NIFTY,2024-07-25,24250.0,PE,64.6,122.2,281650,465000,24530.9,NSE_bhavcopy
2024-07-19,NIFTY,2024-08-14,24250.0,CE,0.0,619.55,0,0,24530.9,NSE_bhavcopy
2024-07-19,NIFTY,2024-07-25,20550.0,CE,0.0,3470.0,0,1225,24530.9,NSE_bhavcopy
2024-07-19,NIFTY,2024-08-14,25450.0,CE,0.0,165.8,0,0,24530.9,NSE_bhavcopy
2024-07-19,NIFTY,2024-08-14,23300.0,CE,0.0,1282.95,0,0,24530.9,NSE_bhavcopy
2024-07-19,NIFTY,2024-07-25,23300.0,CE,1475.9,1236.05,434,146750,24530.9,NSE_bhavcopy
2024-07-19,NIFTY,2024-07-25,22850.0,PE,5.5,4.75,34520,135450,24530.9,NSE_bhavcopy
2024-07-19,NIFTY,2024-07-25,23600.0,CE,1192.0,951.75,4118,472100,24530.9,NSE_bhavcopy
2024-07-19,NIFTY,2024-07-25,24800.0,PE,225.0,393.35,1109279,1853925,24530.9,NSE_bhavcopy
2024-07-19,NIFTY,2024-08-14,24800.0,PE,354.0,479.3,201,4050,24530.9,NSE_bhavcopy
2024-07-19,NIFTY,2024-07-25,25850.0,PE,0.0,2849.4,0,0,24530.9,NSE_bhavcopy
2024-07-19,NIFTY,2024-08-14,25850.0,PE,0.0,1454.6,0,0,24530.9,NSE_bhavcopy
2024-07-19,NIFTY,2024-07-25,25700.0,PE,903.65,1178.3,74,1500,24530.9,NSE_bhavcopy
2024-07-19,NIFTY,2024-08-14,25700.0,CE,0.0,118.4,0,0,24530.9,NSE_bhavcopy
2024-07-19,NIFTY,2024-07-25,21050.0,PE,2.25,2.85,20396,180850,24530.9,NSE_bhavcopy
2024-07-19,NIFTY,2024-07-25,21050.0,CE,0.0,3240.0,0,5550,24530.9,NSE_bhavcopy
2024-07-19,NIFTY,2024-08-14,23600.0,PE,0.0,90.0,0,150,24530.9,NSE_bhavcopy
2024-07-19,NIFTY,2024-08-14,23600.0,CE,0.0,1047.15,0,0,24530.9,NSE_bhavcopy
2024-07-19,NIFTY,2024-07-25,22550.0,CE,2101.0,2101.0,1,2625,24530.9,NSE_bhavcopy
2024-07-19,NIFTY,2024-07-25,22550.0,PE,4.25,3.4,17279,66675,24530.9,NSE_bhavcopy
2024-07-19,NIFTY,2024-07-25,22800.0,CE,1799.9,1723.9,688,72175,24530.9,NSE_bhavcopy
2024-07-19,NIFTY,2024-07-25,23450.0,PE,12.9,14.9,152077,517775,24530.9,NSE_bhavcopy
2024-07-19,NIFTY,2024-07-25,21700.0,PE,3.0,2.7,30761,143400,24530.9,NSE_bhavcopy
2024-07-19,NIFTY,2024-07-25,22200.0,CE,2500.0,2352.05,8,10050,24530.9,NSE_bhavcopy
2024-07-19,NIFTY,2024-07-25,21600.0,PE,2.5,2.75,48908,413350,24530.9,NSE_bhavcopy
2024-07-19,NIFTY,2024-08-14,26050.0,CE,39.8,28.9,41,3725,24530.9,NSE_bhavcopy
2024-07-19,NIFTY,2024-08-14,26300.0,PE,0.0,1854.05,0,0,24530.9,NSE_bhavcopy
2024-07-19,NIFTY,2024-07-25,26300.0,PE,0.0,3012.15,0,0,24530.9,NSE_bhavcopy
2024-07-19,NIFTY,2024-08-14,26300.0,CE,24.5,21.1,769,20625,24530.9,NSE_bhavcopy
2024-07-19,NIFTY,2024-08-14,24700.0,PE,310.0,425.1,407,3575,24530.9,NSE_bhavcopy
2024-07-19,NIFTY,2024-07-25,20950.0,PE,1.8,2.75,20319,162125,24530.9,NSE_bhavcopy
2024-07-19,NIFTY,2024-07-25,20950.0,CE,0.0,2885.65,0,4075,24530.9,NSE_bhavcopy
2024-07-19,NIFTY,2024-07-25,20250.0,PE,1.55,1.0,29530,180900,24530.9,NSE_bhavcopy
2024-07-19,NIFTY,2024-08-14,22600.0,PE,17.0,19.8,37,1050,24530.9,NSE_bhavcopy
2024-07-19,NIFTY,2024-07-25,23250.0,PE,8.0,9.2,65707,230475,24530.9,NSE_bhavcopy
2024-07-19,NIFTY,2024-07-25,22600.0,PE,3.45,3.55,98721,319000,24530.9,NSE_bhavcopy
2024-07-19,NIFTY,2024-07-25,20150.0,CE,4600.0,4634.9,12,12450,24530.9,NSE_bhavcopy
2024-07-19,NIFTY,2024-07-25,25050.0,CE,115.0,59.2,307454,620825,24530.9,NSE_bhavcopy
2024-07-19,NIFTY,2024-07-25,20900.0,CE,3872.55,3713.9,70,5525,24530.9,NSE_bhavcopy
2024-07-19,NIFTY,2024-07-25,26500.0,PE,1960.0,1961.05,4,75,24530.9,NSE_bhavcopy
2024-07-19,NIFTY,2024-07-25,26200.0,CE,1.7,3.15,203564,826625,24530.9,NSE_bhavcopy
2024-07-19,NIFTY,2024-08-14,26200.0,PE,0.0,1763.0,0,0,24530.9,NSE_bhavcopy
2024-07-19,NIFTY,2024-08-14,26550.0,PE,0.0,2086.05,0,0,24530.9,NSE_bhavcopy
2024-07-19,NIFTY,2024-07-25,23900.0,PE,28.95,48.1,373828,1366950,24530.9,NSE_bhavcopy
2024-07-19,NIFTY,2024-08-14,24150.0,PE,200.0,199.9,3,300,24530.9,NSE_bhavcopy
2024-07-19,NIFTY,2024-07-25,24150.0,CE,672.45,473.7,8304,58200,24530.9,NSE_bhavcopy
2024-07-19,NIFTY,2024-07-25,23050.0,CE,0.0,1588.8,0,5775,24530.9,NSE_bhavcopy
2024-07-19,NIFTY,2024-08-14,23050.0,PE,0.0,52.5,0,25,24530.9,NSE_bhavcopy
2024-07-19,NIFTY,2024-08-14,26000.0,PE,0.0,1584.65,0,0,24530.9,NSE_bhavcopy
2024-07-19,NIFTY,2024-07-25,24200.0,PE,61.05,107.75,803027,2881525,24530.9,NSE_bhavcopy
2024-07-19,NIFTY,2024-07-25,20750.0,PE,1.65,3.45,7538,57900,24530.9,NSE_bhavcopy
2024-07-19,NIFTY,2024-07-25,20750.0,CE,0.0,3081.8,0,4200,24530.9,NSE_bhavcopy
2024-07-19,NIFTY,2024-07-25,23300.0,PE,8.2,10.05,278495,1298675,24530.9,NSE_bhavcopy
2024-07-19,NIFTY,2024-08-14,23300.0,PE,39.9,38.3,7,100,24530.9,NSE_bhavcopy
2024-07-19,NIFTY,2024-07-25,26300.0,CE,1.45,2.8,392844,1552100,24530.9,NSE_bhavcopy
2024-07-19,NIFTY,2024-07-25,24700.0,PE,177.25,328.5,2051107,2299975,24530.9,NSE_bhavcopy
2024-07-19,NIFTY,2024-07-25,20650.0,CE,0.0,3400.0,0,2850,24530.9,NSE_bhavcopy
2024-07-19,NIFTY,2024-08-14,24600.0,CE,520.0,393.25,137,2325,24530.9,NSE_bhavcopy
2024-07-19,NIFTY,2024-07-25,24000.0,CE,845.2,589.45,60717,2127375,24530.9,NSE_bhavcopy
2024-07-19,NIFTY,2024-07-25,22000.0,CE,2782.65,2524.4,2144,573125,24530.9,NSE_bhavcopy
2024-07-19,NIFTY,2024-08-14,23700.0,PE,90.05,106.9,40,350,24530.9,NSE_bhavcopy
2024-07-19,NIFTY,2024-08-14,24950.0,CE,0.0,390.9,0,25,24530.9,NSE_bhavcopy
2024-07-19,NIFTY,2024-07-25,24800.0,CE,240.0,121.95,1677441,4283325,24530.9,NSE_bhavcopy
2024-07-19,NIFTY,2024-08-14,24800.0,CE,389.5,301.55,394,4650,24530.9,NSE_bhavcopy
2024-07-19,NIFTY,2024-07-25,25850.0,CE,5.0,5.2,128779,340475,24530.9,NSE_bhavcopy
2024-07-19,NIFTY,2024-08-14,25850.0,CE,94.0,102.0,4,150,24530.9,NSE_bhavcopy
2024-07-19,NIFTY,2024-08-14,25500.0,CE,0.0,155.25,0,0,24530.9,NSE_bhavcopy
2024-07-19,NIFTY,2024-07-25,20800.0,PE,2.0,2.1,25447,453850,24530.9,NSE_bhavcopy
2024-07-19,NIFTY,2024-08-14,26500.0,CE,0.0,34.7,0,0,24530.9,NSE_bhavcopy
2024-07-19,NIFTY,2024-08-14,26500.0,PE,0.0,2039.2,0,0,24530.9,NSE_bhavcopy
2024-07-19,NIFTY,2024-07-25,24600.0,CE,351.15,198.75,1476714,3780575,24530.9,NSE_bhavcopy
2024-07-19,NIFTY,2024-07-25,24600.0,PE,139.75,271.15,2085523,3116475,24530.9,NSE_bhavcopy
2024-07-19,NIFTY,2024-07-25,24450.0,CE,465.25,273.7,69626,390700,24530.9,NSE_bhavcopy
2024-07-19,NIFTY,2024-08-14,25600.0,PE,0.0,1246.4,0,0,24530.9,NSE_bhavcopy
2024-07-19,NIFTY,2024-07-25,25600.0,PE,855.0,1075.45,363,4450,24530.9,NSE_bhavcopy
2024-07-19,NIFTY,2024-07-25,25600.0,CE,6.6,9.9,346805,1889050,24530.9,NSE_bhavcopy
2024-07-19,NIFTY,2024-08-14,25600.0,CE,0.0,135.85,0,0,24530.9,NSE_bhavcopy
2024-07-19,NIFTY,2024-07-25,23200.0,PE,7.6,8.45,229537,1024700,24530.9,NSE_bhavcopy
2024-07-19,NIFTY,2024-07-25,23200.0,CE,1604.45,1339.35,994,97975,24530.9,NSE_bhavcopy
2024-07-19,NIFTY,2024-08-14,23200.0,PE,0.0,49.6,0,75,24530.9,NSE_bhavcopy
2024-07-19,NIFTY,2024-08-14,23200.0,CE,0.0,1366.0,0,0,24530.9,NSE_bhavcopy
2024-07-19,NIFTY,2024-07-25,25350.0,CE,37.65,22.45,223814,568225,24530.9,NSE_bhavcopy
2024-07-19,NIFTY,2024-07-25,21850.0,CE,0.0,2225.0,0,1625,24530.9,NSE_bhavcopy
2024-07-19,NIFTY,2024-07-25,22250.0,PE,3.4,3.05,18410,135150,24530.9,NSE_bhavcopy
2024-07-19,NIFTY,2024-08-14,23000.0,CE,0.0,1537.85,0,0,24530.9,NSE_bhavcopy
2024-07-19,NIFTY,2024-08-14,23550.0,CE,0.0,1084.95,0,0,24530.9,NSE_bhavcopy
2024-07-19,NIFTY,2024-07-25,24550.0,PE,126.7,245.05,742398,521350,24530.9,NSE_bhavcopy
2024-07-19,NIFTY,2024-07-25,24550.0,CE,412.1,222.15,361918,608350,24530.9,NSE_bhavcopy
2024-07-19,NIFTY,2024-07-25,23000.0,PE,5.6,6.2,746662,5825950,24530.9,NSE_bhavcopy
2024-07-19,NIFTY,2024-07-25,20200.0,CE,4593.7,4342.2,50,51925,24530.9,NSE_bhavcopy
2024-07-19,NIFTY,2024-07-25,20200.0,PE,1.6,0.9,127649,738000,24530.9,NSE_bhavcopy
2024-07-19,NIFTY,2024-07-25,21750.0,CE,0.0,2849.1,0,2425,24530.9,NSE_bhavcopy
2024-07-19,NIFTY,2024-08-14,23150.0,CE,0.0,1408.3,0,0,24530.9,NSE_bhavcopy
2024-07-19,NIFTY,2024-07-25,23150.0,CE,1525.0,1510.0,5,4825,24530.9,NSE_bhavcopy
2024-07-19,NIFTY,2024-08-14,24700.0,CE,471.3,345.05,138,1600,24530.9,NSE_bhavcopy
2024-07-19,NIFTY,2024-08-14,23400.0,PE,0.0,127.5,0,0,24530.9,NSE_bhavcopy
2024-07-19,NIFTY,2024-08-14,25450.0,PE,0.0,1127.35,0,0,24530.9,NSE_bhavcopy
2024-07-19,NIFTY,2024-07-25,25800.0,CE,5.6,5.85,349154,1955850,24530.9,NSE_bhavcopy
2024-07-19,NIFTY,2024-07-25,23350.0,PE,10.1,11.35,94310,232850,24530.9,NSE_bhavcopy
2024-07-19,NIFTY,2024-08-14,24850.0,CE,389.25,306.0,9,175,24530.9,NSE_bhavcopy
2024-07-19,NIFTY,2024-07-25,22300.0,CE,2464.0,2230.0,135,15800,24530.9,NSE_bhavcopy
2024-07-19,NIFTY,2024-07-25,22450.0,CE,0.0,2175.0,0,1300,24530.9,NSE_bhavcopy
2024-07-19,NIFTY,2024-07-25,25450.0,CE,24.05,16.05,213307,692150,24530.9,NSE_bhavcopy
2024-07-19,NIFTY,2024-07-25,23650.0,CE,1120.0,909.05,223,11950,24530.9,NSE_bhavcopy
2024-07-19,NIFTY,2024-08-14,23650.0,CE,0.0,1010.95,0,0,24530.9,NSE_bhavcopy
2024-07-19,NIFTY,2024-08-14,25000.0,PE,468.0,594.7,48,450,24530.9,NSE_bhavcopy
2024-07-19,NIFTY,2024-08-14,25800.0,CE,0.0,129.45,0,50,24530.9,NSE_bhavcopy
2024-07-19,NIFTY,2024-07-25,26100.0,PE,0.0,3032.0,0,0,24530.9,NSE_bhavcopy
2024-07-19,NIFTY,2024-08-14,26450.0,CE,22.5,20.0,2,25,24530.9,NSE_bhavcopy
2024-07-19,NIFTY,2024-07-25,26450.0,PE,0.0,3158.05,0,0,24530.9,NSE_bhavcopy
2024-07-19,NIFTY,2024-07-25,21300.0,CE,3340.0,3325.5,3,5050,24530.9,NSE_bhavcopy
2024-07-19,NIFTY,2024-07-25,21250.0,CE,0.0,3110.0,0,3425,24530.9,NSE_bhavcopy
2024-07-19,NIFTY,2024-08-14,23850.0,CE,0.0,868.0,0,0,24530.9,NSE_bhavcopy
2024-07-19,NIFTY,2024-07-25,21750.0,PE,3.05,3.1,15309,92025,24530.9,NSE_bhavcopy
2024-07-19,NIFTY,2024-07-25,25650.0,PE,0.0,2663.4,0,0,24530.9,NSE_bhavcopy
2024-07-19,NIFTY,2024-07-25,20400.0,PE,1.8,1.85,9542,32925,24530.9,NSE_bhavcopy
2024-07-19,NIFTY,2024-07-25,20400.0,CE,4375.0,4125.0,7,6850,24530.9,NSE_bhavcopy
2024-07-19,NIFTY,2024-07-25,26050.0,PE,0.0,3037.5,0,0,24530.9,NSE_bhavcopy
2024-07-19,NIFTY,2024-07-25,26050.0,CE,2.8,4.0,126961,688675,24530.9,NSE_bhavcopy
2024-07-19,NIFTY,2024-08-14,26050.0,PE,0.0,1628.75,0,0,24530.9,NSE_bhavcopy
2024-07-19,NIFTY,2024-08-14,26250.0,CE,27.65,26.8,90,4050,24530.9,NSE_bhavcopy
2024-07-19,NIFTY,2024-07-25,26250.0,CE,1.5,3.05,122722,254550,24530.9,NSE_bhavcopy
2024-07-19,NIFTY,2024-07-25,23850.0,CE,950.0,724.25,903,53475,24530.9,NSE_bhavcopy
2024-07-19,NIFTY,2024-07-25,21150.0,CE,0.0,3039.2,0,5000,24530.9,NSE_bhavcopy
2024-07-19,NIFTY,2024-07-25,21150.0,PE,1.95,3.2,16253,157825,24530.9,NSE_bhavcopy
2024-07-19,NIFTY,2024-07-25,24750.0,PE,198.1,358.1,758906,404050,24530.9,NSE_bhavcopy
2024-07-19,NIFTY,2024-07-25,25050.0,PE,348.4,579.85,18660,77300,24530.9,NSE_bhavcopy
2024-07-19,NIFTY,2024-07-25,26400.0,PE,0.0,3109.35,0,0,24530.9,NSE_bhavcopy
2024-07-19,NIFTY,2024-07-25,22050.0,PE,2.4,3.0,27772,162825,24530.9,NSE_bhavcopy
2024-07-19,NIFTY,2024-08-14,26200.0,CE,30.6,24.15,3,25,24530.9,NSE_bhavcopy
2024-07-19,NIFTY,2024-07-25,22850.0,CE,1916.25,1680.2,14,2200,24530.9,NSE_bhavcopy
2024-07-19,NIFTY,2024-08-14,22850.0,CE,0.0,1671.15,0,0,24530.9,NSE_bhavcopy
2024-07-19,NIFTY,2024-07-25,22400.0,PE,3.05,3.2,120963,257750,24530.9,NSE_bhavcopy
2024-07-19,NIFTY,2024-07-25,24450.0,PE,102.0,197.25,451463,635675,24530.9,NSE_bhavcopy
2024-07-19,NIFTY,2024-07-25,21550.0,CE,0.0,2110.9,0,3675,24530.9,NSE_bhavcopy
2024-07-19,NIFTY,2024-08-14,26100.0,PE,0.0,1673.15,0,0,24530.9,NSE_bhavcopy
2024-07-19,NIFTY,2024-07-25,21350.0,PE,2.4,3.85,17723,158425,24530.9,NSE_bhavcopy
2024-07-19,NIFTY,2024-07-25,21350.0,CE,0.0,2478.15,0,2975,24530.9,NSE_bhavcopy
2024-07-19,NIFTY,2024-07-25,24300.0,CE,560.0,365.7,53448,894925,24530.9,NSE_bhavcopy
2024-07-19,NIFTY,2024-07-25,23100.0,CE,1657.45,1440.7,62,71075,24530.9,NSE_bhavcopy
2024-07-19,NIFTY,2024-08-14,24650.0,CE,475.2,369.05,84,1525,24530.9,NSE_bhavcopy
2024-07-19,NIFTY,2024-08-14,25050.0,PE,0.0,835.55,0,0,24530.9,NSE_bhavcopy
2024-07-19,NIFTY,2024-08-14,22950.0,PE,0.0,43.35,0,25,24530.9,NSE_bhavcopy
2024-07-19,NIFTY,2024-07-25,21650.0,PE,2.4,3.15,24696,229350,24530.9,NSE_bhavcopy
2024-07-19,NIFTY,2024-07-25,22950.0,CE,1800.0,1604.05,7,10400,24530.9,NSE_bhavcopy
2024-07-19,NIFTY,2024-07-25,22050.0,CE,0.0,2670.0,0,4000,24530.9,NSE_bhavcopy
2024-07-19,NIFTY,2024-07-25,22700.0,PE,5.35,3.85,121853,572200,24530.9,NSE_bhavcopy
2024-07-19,NIFTY,2024-08-14,25750.0,CE,0.0,110.4,0,0,24530.9,NSE_bhavcopy
2024-07-19,NIFTY,2024-07-25,25750.0,PE,0.0,2756.15,0,0,24530.9,NSE_bhavcopy
2024-07-19,NIFTY,2024-07-25,22750.0,PE,5.0,4.05,37065,183775,24530.9,NSE_bhavcopy
2024-07-19,NIFTY,2024-08-14,22750.0,PE,0.0,41.65,0,0,24530.9,NSE_bhavcopy
2024-07-19,NIFTY,2024-08-14,23950.0,CE,0.0,999.85,0,50,24530.9,NSE_bhavcopy
2024-07-19,NIFTY,2024-07-25,23850.0,PE,27.15,42.2,158973,296375,24530.9,NSE_bhavcopy
2024-07-19,NIFTY,2024-07-25,22500.0,PE,3.0,3.15,596097,3914600,24530.9,NSE_bhavcopy
2024-07-19,NIFTY,2024-07-25,22500.0,CE,2288.45,2029.55,858,302800,24530.9,NSE_bhavcopy
2024-07-19,NIFTY,2024-07-25,23500.0,CE,1316.25,1045.65,8619,1247325,24530.9,NSE_bhavcopy
2024-07-19,NIFTY,2024-08-14,25550.0,PE,0.0,1206.2,0,0,24530.9,NSE_bhavcopy
2024-07-19,NIFTY,2024-07-25,25100.0,PE,399.25,622.5,20142,85025,24530.9,NSE_bhavcopy
2024-07-19,NIFTY,2024-07-25,21900.0,PE,2.95,2.9,22306,138375,24530.9,NSE_bhavcopy
2024-07-19,NIFTY,2024-07-25,23450.0,CE,1265.75,1112.45,19,17200,24530.9,NSE_bhavcopy
2024-07-19,NIFTY,2024-07-25,25750.0,CE,7.1,6.65,175026,452000,24530.9,NSE_bhavcopy
2024-07-19,NIFTY,2024-07-25,20600.0,PE,1.75,3.25,16231,126875,24530.9,NSE_bhavcopy
2024-07-19,NIFTY,2024-07-25,20600.0,CE,4199.05,3950.35,4,8550,24530.9,NSE_bhavcopy
2024-07-19,NIFTY,2024-08-14,23500.0,PE,59.0,79.65,199,3150,24530.9,NSE_bhavcopy
2024-07-19,NIFTY,2024-07-25,23800.0,CE,1006.0,765.45,5338,502975,24530.9,NSE_bhavcopy
2024-07-19,NIFTY,2024-07-25,21000.0,CE,3766.35,3533.2,3987,494725,24530.9,NSE_bhavcopy
2024-07-19,NIFTY,2024-07-25,23700.0,CE,1122.95,857.15,2585,386725,24530.9,NSE_bhavcopy
2024-07-19,NIFTY,2024-08-14,23700.0,CE,0.0,973.35,0,0,24530.9,NSE_bhavcopy
2024-07-19,NIFTY,2024-07-25,24750.0,CE,265.05,139.45,907068,1313300,24530.9,NSE_bhavcopy
2024-07-19,NIFTY,2024-08-14,24750.0,CE,482.7,333.95,71,1250,24530.9,NSE_bhavcopy
2024-07-19,NIFTY,2024-07-25,26550.0,PE,0.0,3740.65,0,0,24530.9,NSE_bhavcopy
2024-07-19,NIFTY,2024-07-25,26550.0,CE,2.65,2.05,481388,1917650,24530.9,NSE_bhavcopy
2024-07-19,NIFTY,2024-07-25,23800.0,PE,22.95,37.0,397200,3405375,24530.9,NSE_bhavcopy
2024-07-19,NIFTY,2024-08-14,23800.0,CE,0.0,902.4,0,0,24530.9,NSE_bhavcopy
2024-07-19,NIFTY,2024-08-14,23350.0,PE,0.0,61.4,0,25,24530.9,NSE_bhavcopy
2024-07-19,NIFTY,2024-08-14,25100.0,CE,272.85,196.4,9,150,24530.9,NSE_bhavcopy
2024-07-19,NIFTY,2024-07-25,25400.0,PE,631.1,888.35,3773,26850,24530.9,NSE_bhavcopy
2024-07-19,NIFTY,2024-07-25,25400.0,CE,25.0,19.05,399656,2259750,24530.9,NSE_bhavcopy
2024-07-19,NIFTY,2024-08-14,24900.0,PE,0.0,737.15,0,0,24530.9,NSE_bhavcopy
2024-07-19,NIFTY,2024-07-25,20850.0,PE,1.95,2.35,14135,164800,24530.9,NSE_bhavcopy
2024-07-19,NIFTY,2024-08-14,24400.0,CE,667.25,597.0,13,300,24530.9,NSE_bhavcopy
2024-07-19,NIFTY,2024-08-14,24600.0,PE,269.1,378.6,149,2400,24530.9,NSE_bhavcopy
2024-07-19,NIFTY,2024-07-25,23950.0,PE,33.45,55.5,199697,391450,24530.9,NSE_bhavcopy
2024-07-19,NIFTY,2024-07-25,25200.0,PE,468.7,706.2,19037,102175,24530.9,NSE_bhavcopy
2024-07-19,NIFTY,2024-08-14,25200.0,CE,0.0,226.9,0,0,24530.9,NSE_bhavcopy
2024-07-19,NIFTY,2024-07-25,25200.0,CE,72.25,36.85,599687,2633775,24530.9,NSE_bhavcopy
2024-07-19,NIFTY,2024-08-14,25200.0,PE,0.0,940.15,0,0,24530.9,NSE_bhavcopy
2024-07-19,NIFTY,2024-08-14,25400.0,PE,0.0,1088.75,0,0,24530.9,NSE_bhavcopy
2024-07-19,NIFTY,2024-07-25,24900.0,PE,273.6,465.45,264961,610900,24530.9,NSE_bhavcopy
2024-07-19,NIFTY,2024-07-25,23100.0,PE,6.8,6.9,179811,815275,24530.9,NSE_bhavcopy
2024-07-19,NIFTY,2024-08-14,23100.0,CE,0.0,1451.0,0,0,24530.9,NSE_bhavcopy
2024-07-19,NIFTY,2024-08-14,25700.0,PE,0.0,1328.3,0,0,24530.9,NSE_bhavcopy
2024-07-19,NIFTY,2024-07-25,25700.0,CE,20.0,7.35,467749,2198100,24530.9,NSE_bhavcopy
2024-07-19,NIFTY,2024-08-14,25100.0,PE,0.0,869.75,0,0,24530.9,NSE_bhavcopy
2024-07-19,NIFTY,2024-08-14,22800.0,CE,0.0,1716.3,0,0,24530.9,NSE_bhavcopy
2024-07-19,NIFTY,2024-08-14,22550.0,CE,0.0,1946.75,0,0,24530.9,NSE_bhavcopy
2024-07-19,NIFTY,2024-08-14,22550.0,PE,0.0,28.0,0,0,24530.9,NSE_bhavcopy
2024-07-19,NIFTY,2024-07-25,21900.0,CE,2850.0,2630.0,5,5800,24530.9,NSE_bhavcopy
2024-07-19,NIFTY,2024-07-25,23950.0,CE,842.05,633.65,1190,25600,24530.9,NSE_bhavcopy
2024-07-19,NIFTY,2024-08-14,23450.0,PE,0.0,137.55,0,0,24530.9,NSE_bhavcopy
2024-07-19,NIFTY,2024-08-14,24300.0,PE,176.6,252.55,180,3225,24530.9,NSE_bhavcopy
2024-07-19,NIFTY,2024-08-14,26150.0,CE,0.0,50.1,0,25,24530.9,NSE_bhavcopy
2024-07-19,NIFTY,2024-07-25,25150.0,PE,433.55,661.65,8141,33100,24530.9,NSE_bhavcopy
2024-07-19,NIFTY,2024-08-14,23500.0,CE,0.0,1123.4,0,0,24530.9,NSE_bhavcopy
2024-07-19,NIFTY,2024-07-25,23500.0,PE,11.9,16.6,644463,6178175,24530.9,NSE_bhavcopy
2024-07-19,NIFTY,2024-08-14,23350.0,CE,0.0,1242.2,0,0,24530.9,NSE_bhavcopy
2024-07-19,NIFTY,2024-07-25,23350.0,CE,1347.4,1208.55,18,10450,24530.9,NSE_bhavcopy
2024-07-19,NIFTY,2024-08-14,26350.0,PE,0.0,1899.95,0,0,24530.9,NSE_bhavcopy
2024-07-19,NIFTY,2024-08-14,26350.0,CE,41.45,16.5,115,3675,24530.9,NSE_bhavcopy
2024-07-19,NIFTY,2024-07-25,21000.0,PE,2.15,2.3,124040,2840925,24530.9,NSE_bhavcopy
2024-07-19,NIFTY,2024-07-25,26500.0,CE,1.95,2.3,711085,2477225,24530.9,NSE_bhavcopy
2024-07-19,NIFTY,2024-07-25,23600.0,PE,6.0,21.0,377269,3770000,24530.9,NSE_bhavcopy
2024-07-19,NIFTY,2024-07-25,20700.0,CE,4074.65,3873.45,15,9725,24530.9,NSE_bhavcopy
2024-07-19,NIFTY,2024-07-25,20700.0,PE,1.65,2.9,12109,62575,24530.9,NSE_bhavcopy
2024-07-19,NIFTY,2024-07-25,21500.0,CE,3251.0,3024.15,220,70700,24530.9,NSE_bhavcopy
2024-07-19,NIFTY,2024-08-14,23750.0,CE,0.0,937.5,0,0,24530.9,NSE_bhavcopy
2024-07-19,NIFTY,2024-07-25,21500.0,PE,2.1,2.55,181945,2352450,24530.9,NSE_bhavcopy
2024-07-19,NIFTY,2024-07-25,24950.0,PE,289.25,505.3,52854,99600,24530.9,NSE_bhavcopy
2024-07-19,NIFTY,2024-07-25,25250.0,PE,487.8,747.9,3122,16150,24530.9,NSE_bhavcopy
2024-07-19,NIFTY,2024-07-25,24850.0,CE,199.7,106.9,549308,892075,24530.9,NSE_bhavcopy
2024-07-19,NIFTY,2024-08-14,24450.0,PE,305.0,316.15,3,550,24530.9,NSE_bhavcopy
2024-07-19,NIFTY,2024-07-25,24300.0,PE,70.15,139.05,920735,2725550,24530.9,NSE_bhavcopy
2024-07-19,NIFTY,2024-08-14,24300.0,CE,720.0,719.95,18,475,24530.9,NSE_bhavcopy
2024-07-19,NIFTY,2024-08-14,25400.0,CE,131.5,110.9,10,275,24530.9,NSE_bhavcopy
2024-07-19,NIFTY,2024-08-14,23150.0,PE,0.0,63.1,0,25,24530.9,NSE_bhavcopy
2024-07-19,NIFTY,2024-07-25,23150.0,PE,8.35,7.45,91263,253375,24530.9,NSE_bhavcopy
2024-07-19,NIFTY,2024-08-14,25950.0,PE,0.0,1540.9,0,0,24530.9,NSE_bhavcopy
2024-07-19,NIFTY,2024-08-14,25950.0,CE,67.0,35.2,40,750,24530.9,NSE_bhavcopy
2024-07-19,NIFTY,2024-08-14,22700.0,CE,0.0,1807.6,0,0,24530.9,NSE_bhavcopy
2024-07-19,NIFTY,2024-07-25,20500.0,CE,4260.0,4032.0,252,293975,24530.9,NSE_bhavcopy
2024-07-19,NIFTY,2024-07-25,21450.0,CE,0.0,2230.25,0,3675,24530.9,NSE_bhavcopy
2024-07-19,NIFTY,2024-07-25,21450.0,PE,2.55,3.5,16990,179850,24530.9,NSE_bhavcopy
2024-07-19,NIFTY,2024-08-14,22900.0,CE,0.0,1626.3,0,0,24530.9,NSE_bhavcopy
2024-07-19,NIFTY,2024-08-14,22900.0,PE,0.0,55.2,0,0,24530.9,NSE_bhavcopy
2024-07-19,NIFTY,2024-07-25,22900.0,CE,1879.25,1633.6,72,39975,24530.9,NSE_bhavcopy
2024-07-19,NIFTY,2024-08-14,25350.0,CE,0.0,189.45,0,0,24530.9,NSE_bhavcopy
2024-07-19,NIFTY,2024-07-25,25950.0,CE,3.7,4.45,112959,283950,24530.9,NSE_bhavcopy
2024-07-19,NIFTY,2024-08-14,24200.0,CE,0.0,647.95,0,0,24530.9,NSE_bhavcopy
2024-07-19,NIFTY,2024-07-25,25500.0,PE,763.85,978.35,8095,218675,24530.9,NSE_bhavcopy
2024-07-19,NIFTY,2024-08-14,26400.0,CE,26.05,18.65,32,700,24530.9,NSE_bhavcopy
2024-07-19,NIFTY,2024-08-14,24000.0,PE,125.75,169.5,739,7425,24530.9,NSE_bhavcopy
2024-07-19,NIFTY,2024-07-25,25300.0,CE,50.0,26.45,475844,2157675,24530.9,NSE_bhavcopy
2024-07-19,NIFTY,2024-07-25,25300.0,PE,544.4,798.25,5544,26375,24530.9,NSE_bhavcopy
2024-07-19,NIFTY,2024-08-14,25300.0,PE,0.0,1014.15,0,0,24530.9,NSE_bhavcopy
2024-07-19,NIFTY,2024-08-14,25650.0,CE,0.0,126.9,0,0,24530.9,NSE_bhavcopy
2024-07-19,NIFTY,2024-07-25,25650.0,CE,9.6,8.7,239494,630100,24530.9,NSE_bhavcopy
2024-07-19,NIFTY,2024-07-25,24700.0,CE,305.0,157.25,1808452,3463475,24530.9,NSE_bhavcopy
2024-07-19,NIFTY,2024-07-25,23400.0,CE,1416.85,1139.9,833,168025,24530.9,NSE_bhavcopy
2024-07-19,NIFTY,2024-08-14,23450.0,CE,0.0,1162.4,0,0,24530.9,NSE_bhavcopy
2024-07-19,NIFTY,2024-08-14,24100.0,PE,131.55,193.5,30,450,24530.9,NSE_bhavcopy
2024-07-19,NIFTY,2024-07-25,24100.0,PE,45.4,82.9,582891,1838650,24530.9,NSE_bhavcopy
2024-07-19,NIFTY,2024-08-14,24750.0,PE,362.15,362.15,1,25,24530.9,NSE_bhavcopy
2024-07-19,NIFTY,2024-07-25,21850.0,PE,3.05,3.4,11618,85050,24530.9,NSE_bhavcopy
2024-07-19,NIFTY,2024-07-25,21600.0,CE,3160.0,2970.0,4,3425,24530.9,NSE_bhavcopy
2024-07-19,NIFTY,2024-08-14,24050.0,CE,0.0,737.7,0,0,24530.9,NSE_bhavcopy
2024-07-19,NIFTY,2024-07-25,24050.0,PE,41.35,72.6,235062,454450,24530.9,NSE_bhavcopy
2024-07-19,NIFTY,2024-08-14,24050.0,PE,0.0,308.75,0,0,24530.9,NSE_bhavcopy
2024-07-19,NIFTY,2024-07-25,24200.0,CE,670.0,436.25,39219,992625,24530.9,NSE_bhavcopy
2024-07-19,NIFTY,2024-07-25,26450.0,CE,1.95,2.55,115546,560800,24530.9,NSE_bhavcopy
2024-07-19,NIFTY,2024-08-14,26450.0,PE,0.0,1992.55,0,0,24530.9,NSE_bhavcopy
2024-07-19,NIFTY,2024-08-14,23750.0,PE,0.0,210.6,0,0,24530.9,NSE_bhavcopy
2024-07-19,NIFTY,2024-08-14,24950.0,PE,0.0,504.0,0,50,24530.9,NSE_bhavcopy
2024-07-19,NIFTY,2024-08-14,24850.0,PE,0.0,705.8,0,0,24530.9,NSE_bhavcopy
2024-07-19,NIFTY,2024-07-25,24850.0,PE,270.0,428.55,196997,332000,24530.9,NSE_bhavcopy
2024-07-19,NIFTY,2024-07-25,23400.0,PE,10.5,12.85,248404,1058875,24530.9,NSE_bhavcopy
2024-07-19,NIFTY,2024-08-14,23400.0,CE,0.0,1202.05,0,0,24530.9,NSE_bhavcopy
2024-07-19,NIFTY,2024-07-25,20650.0,PE,1.85,3.35,9183,76100,24530.9,NSE_bhavcopy
2024-07-19,NIFTY,2024-07-25,25450.0,PE,714.75,933.55,143,800,24530.9,NSE_bhavcopy
2024-07-19,NIFTY,2024-07-25,25800.0,PE,1023.1,1282.75,214,6500,24530.9,NSE_bhavcopy
2024-07-19,NIFTY,2024-07-25,25000.0,CE,133.0,68.8,1674866,6943600,24530.9,NSE_bhavcopy
2024-07-19,NIFTY,2024-07-25,23750.0,PE,22.65,31.8,127044,424675,24530.9,NSE_bhavcopy
2024-07-19,NIFTY,2024-07-25,23750.0,CE,1041.3,809.75,339,18025,24530.9,NSE_bhavcopy
2024-07-19,NIFTY,2024-07-25,22150.0,CE,0.0,1935.75,0,1625,24530.9,NSE_bhavcopy
2024-07-19,NIFTY,2024-07-25,22150.0,PE,3.6,3.0,23156,145125,24530.9,NSE_bhavcopy
2024-07-19,NIFTY,2024-07-25,20350.0,PE,1.55,1.15,35980,226000,24530.9,NSE_bhavcopy
2024-07-19,NIFTY,2024-08-14,25750.0,PE,0.0,1369.95,0,0,24530.9,NSE_bhavcopy
2024-07-19,NIFTY,2024-07-25,22650.0,CE,0.0,2180.0,0,1950,24530.9,NSE_bhavcopy
2024-07-19,NIFTY,2024-07-25,26150.0,CE,2.15,3.45,232533,929875,24530.9,NSE_bhavcopy
2024-07-19,NIFTY,2024-07-25,22400.0,CE,2371.7,2135.65,219,19975,24530.9,NSE_bhavcopy
2024-07-19,NIFTY,2024-08-14,25150.0,PE,0.0,904.6,0,0,24530.9,NSE_bhavcopy
2024-07-19,NIFTY,2024-08-14,24450.0,CE,500.0,502.8,3,50,24530.9,NSE_bhavcopy
2024-07-19,NIFTY,2024-08-14,25350.0,PE,0.0,1051.7,0,0,24530.9,NSE_bhavcopy
2024-07-19,NIFTY,2024-07-25,25350.0,PE,594.1,843.9,1257,5700,24530.9,NSE_bhavcopy
2024-07-19,NIFTY,2024-07-25,21550.0,PE,2.7,2.95,24134,234800,24530.9,NSE_bhavcopy
2024-07-19,NIFTY,2024-08-14,24900.0,CE,350.0,250.1,20,550,24530.9,NSE_bhavcopy
2024-07-19,NIFTY,2024-07-25,20850.0,CE,0.0,2978.6,0,4275,24530.9,NSE_bhavcopy
2024-07-19,NIFTY,2024-08-14,24350.0,CE,0.0,720.3,0,25,24530.9,NSE_bhavcopy
2024-07-19,NIFTY,2024-07-25,24350.0,CE,536.55,333.2,23312,177650,24530.9,NSE_bhavcopy
2024-07-19,NIFTY,2024-08-14,23100.0,PE,0.0,37.25,0,25,24530.9,NSE_bhavcopy
2024-07-19,NIFTY,2024-08-14,23800.0,PE,0.0,225.15,0,0,24530.9,NSE_bhavcopy
2024-07-19,NIFTY,2024-07-25,24900.0,CE,176.5,92.6,827477,2280850,24530.9,NSE_bhavcopy
2024-07-19,NIFTY,2024-08-14,25900.0,CE,85.0,42.5,20,475,24530.9,NSE_bhavcopy
2024-07-19,NIFTY,2024-07-25,25900.0,PE,1120.0,1258.25,66,1400,24530.9,NSE_bhavcopy
2024-07-19,NIFTY,2024-08-14,25900.0,PE,0.0,1497.55,0,0,24530.9,NSE_bhavcopy
2024-07-19,NIFTY,2024-07-25,25900.0,CE,5.8,4.8,240151,1024725,24530.9,NSE_bhavcopy
2024-07-19,NIFTY,2024-07-25,24350.0,PE,71.7,156.05,379238,456775,24530.9,NSE_bhavcopy
2024-07-19,NIFTY,2024-08-14,24400.0,PE,0.0,457.85,0,0,24530.9,NSE_bhavcopy
2024-07-19,NIFTY,2024-07-25,21650.0,CE,0.0,2339.25,0,2925,24530.9,NSE_bhavcopy
2024-07-19,NIFTY,2024-07-25,20800.0,CE,3973.6,3934.2,9,8400,24530.9,NSE_bhavcopy
2024-07-19,NIFTY,2024-07-25,26350.0,PE,0.0,3060.7,0,0,24530.9,NSE_bhavcopy
2024-07-19,NIFTY,2024-07-25,26350.0,CE,1.2,2.8,238522,953500,24530.9,NSE_bhavcopy
2024-07-19,NIFTY,2024-08-14,22750.0,CE,0.0,1761.8,0,0,24530.9,NSE_bhavcopy
2024-07-19,NIFTY,2024-07-25,22750.0,CE,1900.0,1840.0,24,3950,24530.9,NSE_bhavcopy
2024-07-19,NIFTY,2024-08-14,23950.0,PE,0.0,273.1,0,0,24530.9,NSE_bhavcopy
2024-07-19,NIFTY,2024-08-14,25500.0,PE,0.0,1166.5,0,0,24530.9,NSE_bhavcopy
2024-07-19,NIFTY,2024-07-25,25500.0,CE,21.8,13.45,830924,8143550,24530.9,NSE_bhavcopy
2024-07-19,NIFTY,2024-08-14,26250.0,PE,0.0,1808.35,0,0,24530.9,NSE_bhavcopy
2024-07-19,NIFTY,2024-07-25,26250.0,PE,0.0,2963.65,0,0,24530.9,NSE_bhavcopy
2024-07-19,NIFTY,2024-08-14,23850.0,PE,0.0,240.45,0,0,24530.9,NSE_bhavcopy
2024-07-19,NIFTY,2024-08-14,25300.0,CE,200.0,124.1,175,2700,24530.9,NSE_bhavcopy
2024-07-19,NIFTY,2024-08-14,22950.0,CE,0.0,1581.9,0,0,24530.9,NSE_bhavcopy
2024-07-19,NIFTY,2024-07-25,20900.0,PE,2.0,2.45,24847,246475,24530.9,NSE_bhavcopy
2024-07-19,NIFTY,2024-08-14,25050.0,CE,0.0,271.25,0,0,24530.9,NSE_bhavcopy
2024-07-19,NIFTY,2024-07-25,26100.0,CE,1.6,3.35,215411,816725,24530.9,NSE_bhavcopy
2024-07-19,NIFTY,2024-08-14,26100.0,CE,0.0,66.0,0,0,24530.9,NSE_bhavcopy
2024-07-19,NIFTY,2024-07-25,20250.0,CE,0.0,4128.8,0,5425,24530.9,NSE_bhavcopy
2024-07-19,NIFTY,2024-07-25,24050.0,CE,792.6,550.5,4769,37975,24530.9,NSE_bhavcopy
2024-07-19,NIFTY,2024-07-25,22300.0,PE,3.6,3.0,47420,201000,24530.9,NSE_bhavcopy
2024-07-19,NIFTY,2024-07-25,22450.0,PE,3.75,3.25,24440,104450,24530.9,NSE_bhavcopy
2024-07-19,NIFTY,2024-07-25,22200.0,PE,2.5,2.75,84418,554475,24530.9,NSE_bhavcopy
2024-07-19,NIFTY,2024-07-25,25950.0,PE,0.0,2943.2,0,0,24530.9,NSE_bhavcopy
2024-07-19,NIFTY,2024-08-14,25650.0,PE,0.0,1287.1,0,0,24530.9,NSE_bhavcopy
2024-07-19,NIFTY,2024-08-14,25250.0,PE,0.0,976.3,0,0,24530.9,NSE_bhavcopy
2024-07-19,NIFTY,2024-07-25,25250.0,CE,58.25,31.1,272013,759175,24530.9,NSE_bhavcopy
2024-07-19,NIFTY,2024-08-14,25250.0,CE,310.0,300.0,2,75,24530.9,NSE_bhavcopy
2024-07-19,NIFTY,2024-08-14,22850.0,PE,0.0,50.35,0,0,24530.9,NSE_bhavcopy
2024-07-19,NIFTY,2024-07-25,24950.0,CE,151.75,80.6,408443,654750,24530.9,NSE_bhavcopy
2024-07-19,NIFTY,2024-07-25,21800.0,CE,2721.1,2721.1,2,4375,24530.9,NSE_bhavcopy
2024-07-19,NIFTY,2024-07-25,21800.0,PE,3.9,2.7,42069,235250,24530.9,NSE_bhavcopy
2024-07-19,NIFTY,2024-07-25,20450.0,PE,1.65,1.95,4557,22100,24530.9,NSE_bhavcopy
2024-07-19,NIFTY,2024-07-25,20450.0,CE,0.0,3378.2,0,4075,24530.9,NSE_bhavcopy
2024-07-19,NIFTY,2024-07-25,22100.0,PE,3.3,2.95,41908,191875,24530.9,NSE_bhavcopy
2024-07-19,NIFTY,2024-08-14,24500.0,PE,240.0,330.75,1437,11875,24530.9,NSE_bhavcopy
2024-07-19,NIFTY,2024-07-25,25100.0,CE,89.75,50.6,566270,1882175,24530.9,NSE_bhavcopy
2024-07-19,NIFTY,2024-08-14,24650.0,PE,333.45,333.45,2,50,24530.9,NSE_bhavcopy
2024-07-19,NIFTY,2024-07-25,25550.0,PE,785.3,1021.55,216,2000,24530.9,NSE_bhavcopy
2024-07-19,NIFTY,2024-07-25,23050.0,PE,6.4,6.4,70785,129975,24530.9,NSE_bhavcopy
2024-07-19,NIFTY,2024-08-14,23050.0,CE,0.0,1494.2,0,0,24530.9,NSE_bhavcopy
2024-07-19,NIFTY,2024-07-25,24650.0,CE,321.55,176.9,825895,1113425,24530.9,NSE_bhavcopy
2024-07-19,NIFTY,2024-07-25,24400.0,PE,84.4,175.2,957287,1971300,24530.9,NSE_bhavcopy
2024-07-19,NIFTY,2024-08-14,22700.0,PE,0.0,37.8,0,0,24530.9,NSE_bhavcopy
2024-07-19,NIFTY,2024-07-25,22700.0,CE,2075.0,1835.75,150,49750,24530.9,NSE_bhavcopy
2024-07-19,NIFTY,2024-07-25,20500.0,PE,1.9,1.5,48290,630200,24530.9,NSE_bhavcopy
2024-07-19,NIFTY,2024-07-25,22900.0,PE,5.0,5.25,240821,540775,24530.9,NSE_bhavcopy
2024-07-19,NIFTY,2024-08-14,26150.0,PE,0.0,1717.95,0,0,24530.9,NSE_bhavcopy
2024-07-25,NIFTY,2024-08-14,26400.0,PE,0.0,1946.15,0,0,24406.1,NSE_bhavcopy
2024-07-25,NIFTY,2024-07-25,26400.0,CE,0.3,0.05,133111,1724000,24406.1,NSE_bhavcopy
2024-07-25,NIFTY,2024-07-25,26400.0,PE,2283.6,2091.05,6,50,24406.1,NSE_bhavcopy
2024-07-25,NIFTY,2024-07-25,24450.0,CE,21.05,0.45,51158570,13136675,24406.1,NSE_bhavcopy
2024-07-25,NIFTY,2024-07-25,21950.0,PE,0.6,0.1,3348,22275,24406.1,NSE_bhavcopy
2024-07-25,NIFTY,2024-07-25,22350.0,PE,0.5,0.1,22365,143325,24406.1,NSE_bhavcopy
2024-07-25,NIFTY,2024-07-25,22350.0,CE,1872.5,2030.0,83,1175,24406.1,NSE_bhavcopy
2024-07-25,NIFTY,2024-07-25,24450.0,PE,150.0,47.15,8141179,2947250,24406.1,NSE_bhavcopy
2024-07-25,NIFTY,2024-08-14,26400.0,CE,13.3,4.3,114,2325,24406.1,NSE_bhavcopy
2024-07-25,NIFTY,2024-08-14,25150.0,CE,0.0,241.0,0,0,24406.1,NSE_bhavcopy
2024-07-25,NIFTY,2024-07-25,25150.0,CE,0.5,0.05,1240843,1820075,24406.1,NSE_bhavcopy
2024-07-25,NIFTY,2024-07-25,25400.0,PE,1170.0,996.8,793,8725,24406.1,NSE_bhavcopy
2024-07-25,NIFTY,2024-07-25,25400.0,CE,0.5,0.1,398928,1532650,24406.1,NSE_bhavcopy
2024-07-25,NIFTY,2024-07-25,26450.0,PE,0.0,3158.05,0,0,24406.1,NSE_bhavcopy
2024-07-25,NIFTY,2024-08-14,23550.0,PE,0.0,159.4,0,0,24406.1,NSE_bhavcopy
2024-07-25,NIFTY,2024-07-25,23550.0,CE,681.65,857.2,310,14975,24406.1,NSE_bhavcopy
2024-07-25,NIFTY,2024-07-25,23000.0,CE,1245.05,1405.05,13675,755100,24406.1,NSE_bhavcopy
2024-07-25,NIFTY,2024-07-25,26000.0,PE,1755.35,1597.0,2465,30575,24406.1,NSE_bhavcopy
2024-07-25,NIFTY,2024-08-14,26000.0,CE,8.5,6.65,1217,75350,24406.1,NSE_bhavcopy
2024-07-25,NIFTY,2024-07-25,26000.0,CE,0.25,0.05,297851,5306975,24406.1,NSE_bhavcopy
2024-07-25,NIFTY,2024-08-14,24200.0,PE,229.95,180.0,1219,8075,24406.1,NSE_bhavcopy
2024-07-25,NIFTY,2024-07-25,22850.0,PE,0.3,0.1,43885,126025,24406.1,NSE_bhavcopy
2024-07-25,NIFTY,2024-08-14,24550.0,PE,400.0,336.7,99,1650,24406.1,NSE_bhavcopy
2024-07-25,NIFTY,2024-07-25,23700.0,PE,1.5,0.1,5328943,5507800,24406.1,NSE_bhavcopy
2024-07-25,NIFTY,2024-07-25,23700.0,CE,544.5,703.0,8331,176000,24406.1,NSE_bhavcopy
2024-07-25,NIFTY,2024-08-14,23700.0,CE,0.0,973.35,0,0,24406.1,NSE_bhavcopy
2024-07-25,NIFTY,2024-07-25,24800.0,PE,580.0,397.25,77032,722250,24406.1,NSE_bhavcopy
2024-07-25,NIFTY,2024-08-14,24800.0,PE,520.0,524.35,11,1800,24406.1,NSE_bhavcopy
2024-07-25,NIFTY,2024-07-25,25850.0,PE,0.0,2849.4,0,0,24406.1,NSE_bhavcopy
2024-07-25,NIFTY,2024-08-14,25850.0,PE,0.0,1454.6,0,0,24406.1,NSE_bhavcopy
2024-07-25,NIFTY,2024-07-25,25650.0,PE,0.0,2663.4,0,0,24406.1,NSE_bhavcopy
2024-07-25,NIFTY,2024-07-25,20400.0,PE,0.2,0.05,14082,77425,24406.1,NSE_bhavcopy
2024-07-25,NIFTY,2024-07-25,20400.0,CE,3840.0,4003.4,137,4725,24406.1,NSE_bhavcopy
2024-07-25,NIFTY,2024-08-14,26000.0,PE,0.0,1584.65,0,0,24406.1,NSE_bhavcopy
2024-07-25,NIFTY,2024-08-14,24050.0,PE,132.35,132.2,8,225,24406.1,NSE_bhavcopy
2024-07-25,NIFTY,2024-07-25,24500.0,PE,195.0,97.2,3261822,2947200,24406.1,NSE_bhavcopy
2024-07-25,NIFTY,2024-07-25,22100.0,CE,2115.0,2306.75,134,7150,24406.1,NSE_bhavcopy
2024-07-25,NIFTY,2024-07-25,24500.0,CE,14.1,0.25,34964579,11848950,24406.1,NSE_bhavcopy
2024-07-25,NIFTY,2024-08-14,24500.0,CE,230.0,245.55,1472,33850,24406.1,NSE_bhavcopy
2024-07-25,NIFTY,2024-08-14,25450.0,PE,0.0,1127.35,0,0,24406.1,NSE_bhavcopy
2024-07-25,NIFTY,2024-07-25,20700.0,CE,3685.0,3709.25,101,2725,24406.1,NSE_bhavcopy
2024-07-25,NIFTY,2024-07-25,20700.0,PE,0.4,0.1,12453,32075,24406.1,NSE_bhavcopy
2024-07-25,NIFTY,2024-07-25,20950.0,PE,0.2,0.05,2959,21500,24406.1,NSE_bhavcopy
2024-07-25,NIFTY,2024-07-25,20250.0,PE,0.2,0.05,28525,191875,24406.1,NSE_bhavcopy
2024-07-25,NIFTY,2024-08-14,22600.0,CE,0.0,1900.1,0,0,24406.1,NSE_bhavcopy
2024-07-25,NIFTY,2024-08-14,23250.0,CE,0.0,1324.2,0,0,24406.1,NSE_bhavcopy
2024-07-25,NIFTY,2024-07-25,23250.0,CE,1007.8,1157.05,127,2700,24406.1,NSE_bhavcopy
2024-07-25,NIFTY,2024-07-25,20150.0,PE,0.1,0.05,407437,1324875,24406.1,NSE_bhavcopy
2024-07-25,NIFTY,2024-08-14,23250.0,PE,0.0,40.0,0,125,24406.1,NSE_bhavcopy
2024-07-25,NIFTY,2024-07-25,22600.0,CE,1631.0,1805.3,167,28525,24406.1,NSE_bhavcopy
2024-07-25,NIFTY,2024-07-25,20800.0,PE,0.35,0.05,19897,247850,24406.1,NSE_bhavcopy
2024-07-25,NIFTY,2024-08-14,26350.0,PE,0.0,1899.95,0,0,24406.1,NSE_bhavcopy
2024-07-25,NIFTY,2024-08-14,26350.0,CE,6.2,6.15,4,4750,24406.1,NSE_bhavcopy
2024-07-25,NIFTY,2024-07-25,24650.0,CE,4.9,0.1,7727096,5124100,24406.1,NSE_bhavcopy
2024-07-25,NIFTY,2024-08-14,24650.0,CE,156.1,178.1,118,3275,24406.1,NSE_bhavcopy
2024-07-25,NIFTY,2024-08-14,26200.0,CE,6.0,5.35,14,575,24406.1,NSE_bhavcopy
2024-07-25,NIFTY,2024-08-14,26200.0,PE,0.0,1763.0,0,0,24406.1,NSE_bhavcopy
2024-07-25,NIFTY,2024-07-25,26200.0,PE,0.0,1545.0,0,50,24406.1,NSE_bhavcopy
2024-07-25,NIFTY,2024-08-14,26550.0,CE,5.4,4.5,280,18175,24406.1,NSE_bhavcopy
2024-07-25,NIFTY,2024-07-25,21200.0,CE,3080.0,3205.9,42,1000,24406.1,NSE_bhavcopy
2024-07-25,NIFTY,2024-07-25,21200.0,PE,0.35,0.1,16628,107125,24406.1,NSE_bhavcopy
2024-07-25,NIFTY,2024-07-25,23900.0,CE,331.75,503.25,19766,105325,24406.1,NSE_bhavcopy
2024-07-25,NIFTY,2024-08-14,23900.0,PE,139.9,97.0,1265,14925,24406.1,NSE_bhavcopy
2024-07-25,NIFTY,2024-08-14,23900.0,CE,644.5,625.8,13,325,24406.1,NSE_bhavcopy
2024-07-25,NIFTY,2024-08-14,24150.0,CE,418.25,449.5,27,550,24406.1,NSE_bhavcopy
2024-07-25,NIFTY,2024-07-25,20850.0,CE,0.0,2978.6,0,4275,24406.1,NSE_bhavcopy
2024-07-25,NIFTY,2024-08-14,25900.0,CE,12.7,7.85,311,8200,24406.1,NSE_bhavcopy
2024-07-25,NIFTY,2024-08-14,25900.0,PE,0.0,1497.55,0,0,24406.1,NSE_bhavcopy
2024-07-25,NIFTY,2024-07-25,25900.0,CE,0.5,0.05,70116,693350,24406.1,NSE_bhavcopy
2024-07-25,NIFTY,2024-08-14,24350.0,PE,300.0,237.4,237,3150,24406.1,NSE_bhavcopy
2024-07-25,NIFTY,2024-08-14,24700.0,CE,119.0,156.25,680,6625,24406.1,NSE_bhavcopy
2024-07-25,NIFTY,2024-07-25,23400.0,PE,1.0,0.05,1505045,1394775,24406.1,NSE_bhavcopy
2024-07-25,NIFTY,2024-08-14,23400.0,CE,1195.2,1075.7,2,25,24406.1,NSE_bhavcopy
2024-07-25,NIFTY,2024-07-25,23350.0,PE,0.7,0.05,490596,701125,24406.1,NSE_bhavcopy
2024-07-25,NIFTY,2024-07-25,20750.0,PE,0.3,0.1,4363,27150,24406.1,NSE_bhavcopy
2024-07-25,NIFTY,2024-07-25,20750.0,CE,0.0,3596.4,0,4100,24406.1,NSE_bhavcopy
2024-07-25,NIFTY,2024-08-14,23300.0,CE,0.0,1282.95,0,0,24406.1,NSE_bhavcopy
2024-07-25,NIFTY,2024-07-25,24250.0,CE,88.2,153.1,10196215,1793650,24406.1,NSE_bhavcopy
2024-07-25,NIFTY,2024-07-25,20550.0,PE,0.3,0.05,12867,33825,24406.1,NSE_bhavcopy
2024-07-25,NIFTY,2024-08-14,24250.0,PE,282.05,188.7,301,4575,24406.1,NSE_bhavcopy
2024-07-25,NIFTY,2024-07-25,24250.0,PE,72.5,0.2,23791339,5766150,24406.1,NSE_bhavcopy
2024-07-25,NIFTY,2024-08-14,24250.0,CE,330.75,379.1,152,1075,24406.1,NSE_bhavcopy
2024-07-25,NIFTY,2024-07-25,25450.0,CE,0.5,0.1,159602,534300,24406.1,NSE_bhavcopy
2024-07-25,NIFTY,2024-07-25,23650.0,CE,570.0,752.3,319,7700,24406.1,NSE_bhavcopy
2024-07-25,NIFTY,2024-08-14,23650.0,CE,0.0,1010.95,0,0,24406.1,NSE_bhavcopy
2024-07-25,NIFTY,2024-08-14,24950.0,CE,65.0,85.15,54,1425,24406.1,NSE_bhavcopy
2024-07-25,NIFTY,2024-07-25,24800.0,CE,1.4,0.1,7543376,12483275,24406.1,NSE_bhavcopy
2024-07-25,NIFTY,2024-08-14,24800.0,CE,90.3,121.65,2244,34800,24406.1,NSE_bhavcopy
2024-07-25,NIFTY,2024-07-25,25850.0,CE,1.4,0.05,35446,247200,24406.1,NSE_bhavcopy
2024-07-25,NIFTY,2024-08-14,25850.0,CE,0.0,102.0,0,150,24406.1,NSE_bhavcopy
2024-07-25,NIFTY,2024-07-25,26550.0,PE,0.0,3740.65,0,0,24406.1,NSE_bhavcopy
2024-07-25,NIFTY,2024-07-25,26550.0,CE,0.25,0.05,362006,5296425,24406.1,NSE_bhavcopy
2024-07-25,NIFTY,2024-07-25,24050.0,CE,231.15,352.95,117956,54625,24406.1,NSE_bhavcopy
2024-07-25,NIFTY,2024-07-25,22300.0,PE,0.5,0.05,51758,324100,24406.1,NSE_bhavcopy
2024-07-25,NIFTY,2024-07-25,22450.0,PE,0.45,0.1,13791,46000,24406.1,NSE_bhavcopy
2024-07-25,NIFTY,2024-07-25,21050.0,PE,0.3,0.1,9152,16550,24406.1,NSE_bhavcopy
2024-07-25,NIFTY,2024-07-25,21050.0,CE,0.0,3350.0,0,5500,24406.1,NSE_bhavcopy
2024-07-25,NIFTY,2024-08-14,23600.0,PE,65.15,52.2,422,6950,24406.1,NSE_bhavcopy
2024-07-25,NIFTY,2024-07-25,22550.0,CE,1787.5,1787.5,2,2600,24406.1,NSE_bhavcopy
2024-07-25,NIFTY,2024-07-25,21900.0,CE,2340.0,2501.05,135,2125,24406.1,NSE_bhavcopy
2024-07-25,NIFTY,2024-07-25,23450.0,PE,0.8,0.05,1025033,1563750,24406.1,NSE_bhavcopy
2024-07-25,NIFTY,2024-07-25,20350.0,PE,0.2,0.05,22178,127825,24406.1,NSE_bhavcopy
2024-07-25,NIFTY,2024-08-14,25750.0,PE,0.0,1369.95,0,0,24406.1,NSE_bhavcopy
2024-07-25,NIFTY,2024-07-25,22650.0,CE,1610.0,1733.05,10,1725,24406.1,NSE_bhavcopy
2024-07-25,NIFTY,2024-07-25,22500.0,CE,1750.05,1905.85,5215,266750,24406.1,NSE_bhavcopy
2024-07-25,NIFTY,2024-07-25,26200.0,CE,0.4,0.05,78451,650500,24406.1,NSE_bhavcopy
2024-07-25,NIFTY,2024-08-14,26550.0,PE,0.0,2086.05,0,0,24406.1,NSE_bhavcopy
2024-07-25,NIFTY,2024-07-25,23900.0,PE,3.7,0.1,6771727,4050800,24406.1,NSE_bhavcopy
2024-07-25,NIFTY,2024-07-25,24150.0,CE,117.3,252.95,1345963,835800,24406.1,NSE_bhavcopy
2024-07-25,NIFTY,2024-07-25,22250.0,PE,0.45,0.05,14328,65725,24406.1,NSE_bhavcopy
2024-07-25,NIFTY,2024-08-14,23000.0,CE,1456.1,1456.75,4,100,24406.1,NSE_bhavcopy
2024-07-25,NIFTY,2024-08-14,25550.0,CE,0.0,145.3,0,0,24406.1,NSE_bhavcopy
2024-07-25,NIFTY,2024-07-25,25550.0,CE,0.5,0.1,187013,713500,24406.1,NSE_bhavcopy
2024-07-25,NIFTY,2024-07-25,25500.0,CE,0.5,0.05,1207697,7046925,24406.1,NSE_bhavcopy
2024-07-25,NIFTY,2024-07-25,26300.0,CE,0.3,0.05,172891,1345500,24406.1,NSE_bhavcopy
2024-07-25,NIFTY,2024-08-14,25450.0,CE,0.0,165.8,0,0,24406.1,NSE_bhavcopy
2024-07-25,NIFTY,2024-07-25,23650.0,PE,1.25,0.05,2439548,2098875,24406.1,NSE_bhavcopy
2024-07-25,NIFTY,2024-08-14,23650.0,PE,0.0,94.7,0,75,24406.1,NSE_bhavcopy
2024-07-25,NIFTY,2024-07-25,25950.0,PE,1740.95,1506.0,3,50,24406.1,NSE_bhavcopy
2024-07-25,NIFTY,2024-07-25,25700.0,PE,1336.0,1311.05,34,1000,24406.1,NSE_bhavcopy
2024-07-25,NIFTY,2024-08-14,25700.0,CE,0.0,118.4,0,0,24406.1,NSE_bhavcopy
2024-07-25,NIFTY,2024-08-14,25700.0,PE,0.0,1328.3,0,0,24406.1,NSE_bhavcopy
2024-07-25,NIFTY,2024-07-25,25700.0,CE,0.6,0.05,181928,1839425,24406.1,NSE_bhavcopy
2024-07-25,NIFTY,2024-07-25,20600.0,PE,0.35,0.05,10327,97500,24406.1,NSE_bhavcopy
2024-07-25,NIFTY,2024-07-25,20600.0,CE,3700.0,3810.75,197,3950,24406.1,NSE_bhavcopy
2024-07-25,NIFTY,2024-08-14,23500.0,PE,60.45,41.4,1117,20500,24406.1,NSE_bhavcopy
2024-07-25,NIFTY,2024-07-25,20350.0,CE,0.0,4030.0,0,5100,24406.1,NSE_bhavcopy
2024-07-25,NIFTY,2024-08-14,22650.0,CE,0.0,1853.7,0,0,24406.1,NSE_bhavcopy
2024-07-25,NIFTY,2024-08-14,22650.0,PE,9.3,9.3,1,25,24406.1,NSE_bhavcopy
2024-07-25,NIFTY,2024-07-25,22650.0,PE,0.2,0.05,26350,49600,24406.1,NSE_bhavcopy
2024-07-25,NIFTY,2024-08-14,24100.0,CE,476.0,477.0,12,400,24406.1,NSE_bhavcopy
2024-07-25,NIFTY,2024-07-25,22300.0,CE,1900.05,2104.05,282,5400,24406.1,NSE_bhavcopy
2024-07-25,NIFTY,2024-07-25,22450.0,CE,1984.4,1984.7,2,1275,24406.1,NSE_bhavcopy
2024-07-25,NIFTY,2024-07-25,25200.0,PE,978.55,797.0,2087,34050,24406.1,NSE_bhavcopy
2024-07-25,NIFTY,2024-07-25,25200.0,CE,0.55,0.05,1175678,3173150,24406.1,NSE_bhavcopy
2024-07-25,NIFTY,2024-08-14,25200.0,PE,0.0,940.15,0,0,24406.1,NSE_bhavcopy
2024-07-25,NIFTY,2024-08-14,25200.0,CE,32.0,42.1,289,8050,24406.1,NSE_bhavcopy
2024-07-25,NIFTY,2024-08-14,24100.0,PE,200.6,147.45,362,9625,24406.1,NSE_bhavcopy
2024-07-25,NIFTY,2024-07-25,24100.0,PE,30.55,0.15,12851395,6462950,24406.1,NSE_bhavcopy
2024-07-25,NIFTY,2024-07-25,21700.0,CE,2550.0,2707.0,485,2550,24406.1,NSE_bhavcopy
2024-07-25,NIFTY,2024-07-25,21700.0,PE,0.4,0.05,5083,55950,24406.1,NSE_bhavcopy
2024-07-25,NIFTY,2024-07-25,22200.0,CE,2005.0,2203.1,177,6325,24406.1,NSE_bhavcopy
2024-07-25,NIFTY,2024-07-25,23950.0,PE,8.9,0.1,5920454,3406550,24406.1,NSE_bhavcopy
2024-07-25,NIFTY,2024-07-25,22550.0,PE,0.45,0.05,19464,89025,24406.1,NSE_bhavcopy
2024-07-25,NIFTY,2024-07-25,22800.0,CE,1421.85,1605.45,1093,67150,24406.1,NSE_bhavcopy
2024-07-25,NIFTY,2024-08-14,22800.0,CE,0.0,1716.3,0,0,24406.1,NSE_bhavcopy
2024-07-25,NIFTY,2024-08-14,22550.0,CE,0.0,1946.75,0,0,24406.1,NSE_bhavcopy
2024-07-25,NIFTY,2024-08-14,22550.0,PE,0.0,7.45,0,50,24406.1,NSE_bhavcopy
2024-07-25,NIFTY,2024-08-14,23450.0,CE,1150.85,1024.15,9,150,24406.1,NSE_bhavcopy
2024-07-25,NIFTY,2024-08-14,24450.0,PE,350.0,280.05,111,4300,24406.1,NSE_bhavcopy
2024-07-25,NIFTY,2024-07-25,21250.0,PE,0.35,0.1,2593,21650,24406.1,NSE_bhavcopy
2024-07-25,NIFTY,2024-07-25,22250.0,CE,2095.45,2032.9,5,1550,24406.1,NSE_bhavcopy
2024-07-25,NIFTY,2024-08-14,23550.0,CE,1064.0,1064.0,1,25,24406.1,NSE_bhavcopy
2024-07-25,NIFTY,2024-07-25,24550.0,PE,230.0,147.2,496292,724700,24406.1,NSE_bhavcopy
2024-07-25,NIFTY,2024-07-25,24550.0,CE,8.0,0.15,17444909,5329925,24406.1,NSE_bhavcopy
2024-07-25,NIFTY,2024-07-25,23000.0,PE,0.6,0.05,871831,6749175,24406.1,NSE_bhavcopy
2024-07-25,NIFTY,2024-08-14,23500.0,CE,0.0,1123.4,0,0,24406.1,NSE_bhavcopy
2024-07-25,NIFTY,2024-07-25,23500.0,PE,1.5,0.05,4301884,8147775,24406.1,NSE_bhavcopy
2024-07-25,NIFTY,2024-07-25,22500.0,PE,0.55,0.05,360308,1568175,24406.1,NSE_bhavcopy
2024-07-25,NIFTY,2024-07-25,25800.0,CE,0.6,0.05,130938,1395825,24406.1,NSE_bhavcopy
2024-07-25,NIFTY,2024-07-25,25800.0,PE,1555.7,1398.1,374,2625,24406.1,NSE_bhavcopy
2024-07-25,NIFTY,2024-07-25,23750.0,PE,3.0,0.1,3321614,3725900,24406.1,NSE_bhavcopy
2024-07-25,NIFTY,2024-07-25,23750.0,CE,480.1,654.85,1094,18225,24406.1,NSE_bhavcopy
2024-07-25,NIFTY,2024-07-25,21400.0,PE,0.35,0.05,10895,99575,24406.1,NSE_bhavcopy
2024-07-25,NIFTY,2024-07-25,21400.0,CE,2840.0,3011.4,134,1075,24406.1,NSE_bhavcopy
2024-07-25,NIFTY,2024-07-25,26450.0,CE,0.25,0.05,54393,1125650,24406.1,NSE_bhavcopy
2024-07-25,NIFTY,2024-08-14,26450.0,PE,0.0,1992.55,0,0,24406.1,NSE_bhavcopy
2024-07-25,NIFTY,2024-08-14,26450.0,CE,11.2,5.95,44,2875,24406.1,NSE_bhavcopy
2024-07-25,NIFTY,2024-07-25,21500.0,CE,2805.0,2907.3,1257,23150,24406.1,NSE_bhavcopy
2024-07-25,NIFTY,2024-08-14,23750.0,CE,0.0,937.5,0,0,24406.1,NSE_bhavcopy
2024-07-25,NIFTY,2024-07-25,21500.0,PE,0.5,0.1,55878,837500,24406.1,NSE_bhavcopy
2024-07-25,NIFTY,2024-08-14,23750.0,PE,0.0,210.6,0,0,24406.1,NSE_bhavcopy
2024-07-25,NIFTY,2024-07-25,24950.0,PE,606.7,546.8,840,45525,24406.1,NSE_bhavcopy
2024-07-25,NIFTY,2024-07-25,21300.0,PE,0.35,0.1,12566,56300,24406.1,NSE_bhavcopy
2024-07-25,NIFTY,2024-07-25,21250.0,CE,0.0,3239.3,0,3425,24406.1,NSE_bhavcopy
2024-07-25,NIFTY,2024-08-14,25100.0,CE,39.0,52.4,127,8525,24406.1,NSE_bhavcopy
2024-07-25,NIFTY,2024-07-25,23600.0,CE,620.0,803.75,2281,356250,24406.1,NSE_bhavcopy
2024-07-25,NIFTY,2024-07-25,21900.0,PE,0.55,0.1,10732,99225,24406.1,NSE_bhavcopy
2024-07-25,NIFTY,2024-08-14,23150.0,CE,0.0,1408.3,0,0,24406.1,NSE_bhavcopy
2024-07-25,NIFTY,2024-07-25,23150.0,CE,1085.85,1249.8,111,1525,24406.1,NSE_bhavcopy
2024-07-25,NIFTY,2024-07-25,24300.0,PE,109.65,0.2,36880441,12220800,24406.1,NSE_bhavcopy
2024-07-25,NIFTY,2024-08-14,24300.0,CE,300.0,350.8,1006,10475,24406.1,NSE_bhavcopy
2024-07-25,NIFTY,2024-08-14,25400.0,CE,32.0,23.4,778,15850,24406.1,NSE_bhavcopy
2024-07-25,NIFTY,2024-07-25,24900.0,CE,0.8,0.1,3182093,4387875,24406.1,NSE_bhavcopy
2024-07-25,NIFTY,2024-08-14,23350.0,CE,1240.05,1116.05,2,25,24406.1,NSE_bhavcopy
2024-07-25,NIFTY,2024-07-25,23350.0,CE,947.25,1048.5,369,4925,24406.1,NSE_bhavcopy
2024-07-25,NIFTY,2024-07-25,21150.0,CE,0.0,3000.0,0,5000,24406.1,NSE_bhavcopy
2024-07-25,NIFTY,2024-07-25,21150.0,PE,0.35,0.05,2024,9925,24406.1,NSE_bhavcopy
2024-07-25,NIFTY,2024-07-25,20200.0,CE,4030.0,4212.05,1250,23875,24406.1,NSE_bhavcopy
2024-07-25,NIFTY,2024-07-25,20200.0,PE,0.15,0.05,103945,783575,24406.1,NSE_bhavcopy
2024-07-25,NIFTY,2024-07-25,21750.0,CE,0.0,2849.1,0,2425,24406.1,NSE_bhavcopy
2024-07-25,NIFTY,2024-07-25,22750.0,PE,0.1,0.05,41047,114825,24406.1,NSE_bhavcopy
2024-07-25,NIFTY,2024-08-14,22750.0,PE,12.1,12.1,1,25,24406.1,NSE_bhavcopy
2024-07-25,NIFTY,2024-07-25,22100.0,PE,0.45,0.05,21293,91325,24406.1,NSE_bhavcopy
2024-07-25,NIFTY,2024-08-14,24500.0,PE,379.1,304.5,1690,36300,24406.1,NSE_bhavcopy
2024-07-25,NIFTY,2024-07-25,25100.0,CE,0.55,0.05,2224530,3551000,24406.1,NSE_bhavcopy
2024-07-25,NIFTY,2024-07-25,23100.0,PE,0.75,0.05,332163,882350,24406.1,NSE_bhavcopy
2024-07-25,NIFTY,2024-08-14,24700.0,PE,525.0,426.2,55,1375,24406.1,NSE_bhavcopy
2024-07-25,NIFTY,2024-07-25,20650.0,PE,0.35,0.1,4154,17725,24406.1,NSE_bhavcopy
2024-07-25,NIFTY,2024-07-25,25450.0,PE,0.0,1034.45,0,1025,24406.1,NSE_bhavcopy
2024-07-25,NIFTY,2024-07-25,23200.0,PE,0.45,0.05,646060,1663925,24406.1,NSE_bhavcopy
2024-07-25,NIFTY,2024-07-25,23200.0,CE,1060.0,1204.05,2151,83125,24406.1,NSE_bhavcopy
2024-07-25,NIFTY,2024-08-14,23200.0,PE,35.0,21.75,363,3250,24406.1,NSE_bhavcopy
2024-07-25,NIFTY,2024-08-14,23200.0,CE,0.0,1366.0,0,0,24406.1,NSE_bhavcopy
2024-07-25,NIFTY,2024-07-25,25000.0,CE,0.95,0.1,4951272,11656150,24406.1,NSE_bhavcopy
2024-07-25,NIFTY,2024-08-14,25000.0,CE,60.0,73.7,2040,42100,24406.1,NSE_bhavcopy
2024-07-25,NIFTY,2024-07-25,25250.0,PE,978.3,847.6,68,13250,24406.1,NSE_bhavcopy
2024-07-25,NIFTY,2024-07-25,24850.0,CE,1.95,0.1,3088494,3597700,24406.1,NSE_bhavcopy
2024-07-25,NIFTY,2024-07-25,25000.0,PE,759.95,596.85,81438,450225,24406.1,NSE_bhavcopy
2024-07-25,NIFTY,2024-08-14,23700.0,PE,90.0,63.75,719,9450,24406.1,NSE_bhavcopy
2024-07-25,NIFTY,2024-07-25,22150.0,CE,2250.0,2249.65,10,1375,24406.1,NSE_bhavcopy
2024-07-25,NIFTY,2024-07-25,22150.0,PE,0.45,0.1,6987,27225,24406.1,NSE_bhavcopy
2024-07-25,NIFTY,2024-07-25,25500.0,PE,1277.85,1098.5,4761,118700,24406.1,NSE_bhavcopy
2024-07-25,NIFTY,2024-07-25,23850.0,PE,2.5,0.1,3887431,2153775,24406.1,NSE_bhavcopy
2024-07-25,NIFTY,2024-08-14,25750.0,CE,0.0,103.1,0,200,24406.1,NSE_bhavcopy
2024-07-25,NIFTY,2024-07-25,25750.0,PE,0.0,2756.15,0,0,24406.1,NSE_bhavcopy
2024-07-25,NIFTY,2024-07-25,24100.0,CE,181.0,302.8,840423,520825,24406.1,NSE_bhavcopy
2024-07-25,NIFTY,2024-08-14,23950.0,CE,625.0,605.7,4,450,24406.1,NSE_bhavcopy
2024-07-25,NIFTY,2024-08-14,25550.0,PE,0.0,1206.2,0,0,24406.1,NSE_bhavcopy
2024-07-25,NIFTY,2024-07-25,22700.0,PE,0.4,0.05,103456,507800,24406.1,NSE_bhavcopy
2024-07-25,NIFTY,2024-08-14,24450.0,CE,234.0,268.2,323,4775,24406.1,NSE_bhavcopy
2024-07-25,NIFTY,2024-08-14,24950.0,PE,0.0,565.7,0,75,24406.1,NSE_bhavcopy
2024-07-25,NIFTY,2024-08-14,24850.0,PE,0.0,499.4,0,875,24406.1,NSE_bhavcopy
2024-07-25,NIFTY,2024-08-14,24850.0,CE,0.0,250.2,0,250,24406.1,NSE_bhavcopy
2024-07-25,NIFTY,2024-07-25,24850.0,PE,594.45,446.7,3470,201625,24406.1,NSE_bhavcopy
2024-07-25,NIFTY,2024-07-25,21350.0,PE,0.35,0.1,1799,13525,24406.1,NSE_bhavcopy
2024-07-25,NIFTY,2024-07-25,21350.0,CE,0.0,3155.0,0,2975,24406.1,NSE_bhavcopy
2024-07-25,NIFTY,2024-07-25,25100.0,PE,850.0,697.8,930,49900,24406.1,NSE_bhavcopy
2024-07-25,NIFTY,2024-07-25,23450.0,CE,770.75,955.75,326,16400,24406.1,NSE_bhavcopy
2024-07-25,NIFTY,2024-07-25,25750.0,CE,0.4,0.05,57611,565800,24406.1,NSE_bhavcopy
2024-07-25,NIFTY,2024-07-25,22200.0,PE,0.5,0.05,48041,393200,24406.1,NSE_bhavcopy
2024-07-25,NIFTY,2024-08-14,25500.0,PE,0.0,1166.5,0,0,24406.1,NSE_bhavcopy
2024-07-25,NIFTY,2024-08-14,26250.0,CE,8.95,6.0,101,4350,24406.1,NSE_bhavcopy
2024-07-25,NIFTY,2024-07-25,26250.0,CE,0.35,0.05,64163,364675,24406.1,NSE_bhavcopy
2024-07-25,NIFTY,2024-08-14,23850.0,PE,90.45,90.65,37,925,24406.1,NSE_bhavcopy
2024-07-25,NIFTY,2024-08-14,23450.0,PE,0.0,63.8,0,500,24406.1,NSE_bhavcopy
2024-07-25,NIFTY,2024-07-25,23800.0,CE,425.0,604.65,20827,318475,24406.1,NSE_bhavcopy
2024-07-25,NIFTY,2024-07-25,21550.0,CE,0.0,2110.9,0,3675,24406.1,NSE_bhavcopy
2024-07-25,NIFTY,2024-07-25,26100.0,PE,0.0,3032.0,0,0,24406.1,NSE_bhavcopy
2024-07-25,NIFTY,2024-08-14,25650.0,CE,0.0,126.9,0,0,24406.1,NSE_bhavcopy
2024-07-25,NIFTY,2024-07-25,25650.0,CE,0.5,0.05,90033,457450,24406.1,NSE_bhavcopy
2024-07-25,NIFTY,2024-07-25,25150.0,PE,876.95,751.65,368,27350,24406.1,NSE_bhavcopy
2024-07-25,NIFTY,2024-08-14,25000.0,PE,583.25,633.75,214,2625,24406.1,NSE_bhavcopy
2024-07-25,NIFTY,2024-08-14,25800.0,CE,13.55,11.2,98,1275,24406.1,NSE_bhavcopy
2024-07-25,NIFTY,2024-08-14,24900.0,CE,91.9,98.4,221,3800,24406.1,NSE_bhavcopy
2024-07-25,NIFTY,2024-07-25,21800.0,CE,2435.0,2605.85,70,3425,24406.1,NSE_bhavcopy
2024-07-25,NIFTY,2024-08-14,25800.0,PE,0.0,1412.05,0,0,24406.1,NSE_bhavcopy
2024-07-25,NIFTY,2024-08-14,24650.0,PE,383.85,383.85,2,175,24406.1,NSE_bhavcopy
2024-07-25,NIFTY,2024-08-14,25600.0,PE,0.0,1246.4,0,0,24406.1,NSE_bhavcopy
2024-07-25,NIFTY,2024-07-25,25600.0,PE,1310.0,1197.8,167,1450,24406.1,NSE_bhavcopy
2024-07-25,NIFTY,2024-07-25,25600.0,CE,0.6,0.05,381612,2308600,24406.1,NSE_bhavcopy
2024-07-25,NIFTY,2024-08-14,25600.0,CE,0.0,90.75,0,25,24406.1,NSE_bhavcopy
2024-07-25,NIFTY,2024-07-25,25550.0,PE,1338.3,1147.25,67,850,24406.1,NSE_bhavcopy
2024-07-25,NIFTY,2024-08-14,23850.0,CE,684.45,684.65,4,100,24406.1,NSE_bhavcopy
2024-07-25,NIFTY,2024-07-25,21750.0,PE,0.4,0.05,3548,30100,24406.1,NSE_bhavcopy
2024-07-25,NIFTY,2024-07-25,21850.0,CE,2448.05,2560.0,14,1525,24406.1,NSE_bhavcopy
2024-07-25,NIFTY,2024-07-25,23600.0,PE,0.9,0.05,2933273,3953050,24406.1,NSE_bhavcopy
2024-07-25,NIFTY,2024-08-14,23600.0,CE,0.0,1047.15,0,0,24406.1,NSE_bhavcopy
2024-07-25,NIFTY,2024-07-25,23850.0,CE,365.4,553.45,7727,46250,24406.1,NSE_bhavcopy
2024-07-25,NIFTY,2024-08-14,23050.0,PE,26.25,26.25,2,100,24406.1,NSE_bhavcopy
2024-07-25,NIFTY,2024-07-25,21000.0,PE,0.3,0.05,139723,2252000,24406.1,NSE_bhavcopy
2024-07-25,NIFTY,2024-08-14,23150.0,PE,0.0,34.3,0,25,24406.1,NSE_bhavcopy
2024-07-25,NIFTY,2024-08-14,25950.0,PE,0.0,1540.9,0,0,24406.1,NSE_bhavcopy
2024-07-25,NIFTY,2024-08-14,25950.0,CE,10.0,8.5,56,2700,24406.1,NSE_bhavcopy
2024-07-25,NIFTY,2024-07-25,20850.0,PE,0.65,0.05,5450,46100,24406.1,NSE_bhavcopy
2024-07-25,NIFTY,2024-07-25,25900.0,PE,1529.0,1511.1,34,925,24406.1,NSE_bhavcopy
2024-07-25,NIFTY,2024-08-14,24350.0,CE,261.9,320.4,276,1625,24406.1,NSE_bhavcopy
2024-07-25,NIFTY,2024-07-25,24350.0,CE,26.9,53.35,31299245,4434725,24406.1,NSE_bhavcopy
2024-07-25,NIFTY,2024-08-14,23100.0,PE,27.9,19.65,312,3400,24406.1,NSE_bhavcopy
2024-07-25,NIFTY,2024-07-25,20450.0,PE,0.3,0.1,14700,49375,24406.1,NSE_bhavcopy
2024-07-25,NIFTY,2024-07-25,20450.0,CE,0.0,3378.2,0,4075,24406.1,NSE_bhavcopy
2024-07-25,NIFTY,2024-07-25,21850.0,PE,0.4,0.05,2717,24050,24406.1,NSE_bhavcopy
2024-07-25,NIFTY,2024-08-14,25350.0,PE,0.0,1051.7,0,0,24406.1,NSE_bhavcopy
2024-07-25,NIFTY,2024-07-25,25350.0,PE,1132.95,945.3,97,4325,24406.1,NSE_bhavcopy
2024-07-25,NIFTY,2024-07-25,24200.0,CE,95.0,203.1,6535031,1967500,24406.1,NSE_bhavcopy
2024-07-25,NIFTY,2024-08-14,24050.0,CE,529.4,530.2,4,125,24406.1,NSE_bhavcopy
2024-07-25,NIFTY,2024-07-25,24050.0,PE,11.2,0.1,7398367,2765500,24406.1,NSE_bhavcopy
2024-07-25,NIFTY,2024-08-14,26300.0,PE,0.0,1854.05,0,0,24406.1,NSE_bhavcopy
2024-07-25,NIFTY,2024-07-25,26300.0,PE,0.0,3012.15,0,0,24406.1,NSE_bhavcopy
2024-07-25,NIFTY,2024-08-14,26300.0,CE,4.4,6.45,37,21775,24406.1,NSE_bhavcopy
2024-07-25,NIFTY,2024-07-25,24700.0,PE,419.0,296.55,105940,619850,24406.1,NSE_bhavcopy
2024-07-25,NIFTY,2024-08-14,23400.0,PE,39.25,35.0,189,3200,24406.1,NSE_bhavcopy
2024-07-25,NIFTY,2024-07-25,20650.0,CE,0.0,3692.3,0,2000,24406.1,NSE_bhavcopy
2024-07-25,NIFTY,2024-07-25,20550.0,CE,3770.0,3770.0,4,1125,24406.1,NSE_bhavcopy
2024-07-25,NIFTY,2024-08-14,24200.0,CE,399.9,416.9,517,4525,24406.1,NSE_bhavcopy
2024-07-25,NIFTY,2024-07-25,20900.0,PE,0.35,0.05,10527,116600,24406.1,NSE_bhavcopy
2024-07-25,NIFTY,2024-08-14,22700.0,PE,0.0,37.8,0,0,24406.1,NSE_bhavcopy
2024-07-25,NIFTY,2024-07-25,22700.0,CE,1593.1,1704.35,646,48800,24406.1,NSE_bhavcopy
2024-07-25,NIFTY,2024-07-25,21450.0,PE,0.25,0.1,2624,19775,24406.1,NSE_bhavcopy
2024-07-25,NIFTY,2024-07-25,20500.0,PE,0.15,0.05,92573,668425,24406.1,NSE_bhavcopy
2024-07-25,NIFTY,2024-07-25,22850.0,CE,1385.0,1550.4,52,800,24406.1,NSE_bhavcopy
2024-07-25,NIFTY,2024-08-14,22850.0,CE,0.0,1671.15,0,0,24406.1,NSE_bhavcopy
2024-07-25,NIFTY,2024-07-25,22750.0,CE,1500.75,1660.0,99,925,24406.1,NSE_bhavcopy
2024-07-25,NIFTY,2024-08-14,23950.0,PE,114.25,110.6,83,4075,24406.1,NSE_bhavcopy
2024-07-25,NIFTY,2024-08-14,22700.0,CE,0.0,1807.6,0,0,24406.1,NSE_bhavcopy
2024-07-25,NIFTY,2024-07-25,20500.0,CE,3720.05,3907.4,4648,125825,24406.1,NSE_bhavcopy
2024-07-25,NIFTY,2024-07-25,21450.0,CE,0.0,2230.25,0,3675,24406.1,NSE_bhavcopy
2024-07-25,NIFTY,2024-08-14,22900.0,CE,0.0,1626.3,0,0,24406.1,NSE_bhavcopy
2024-07-25,NIFTY,2024-08-14,22900.0,PE,23.0,23.0,5,125,24406.1,NSE_bhavcopy
2024-07-25,NIFTY,2024-07-25,22900.0,CE,1349.95,1504.5,280,37900,24406.1,NSE_bhavcopy
2024-07-25,NIFTY,2024-07-25,23050.0,CE,1248.85,1350.95,101,3800,24406.1,NSE_bhavcopy
2024-07-25,NIFTY,2024-08-14,24400.0,CE,320.0,291.75,862,12850,24406.1,NSE_bhavcopy
2024-07-25,NIFTY,2024-08-14,24600.0,PE,451.05,363.45,225,3050,24406.1,NSE_bhavcopy
2024-07-25,NIFTY,2024-07-25,21000.0,CE,3250.05,3406.0,9487,247350,24406.1,NSE_bhavcopy
2024-07-25,NIFTY,2024-07-25,21600.0,CE,2650.0,2805.3,71,2125,24406.1,NSE_bhavcopy
2024-07-25,NIFTY,2024-08-14,26050.0,CE,9.2,6.85,70,4875,24406.1,NSE_bhavcopy
2024-07-25,NIFTY,2024-07-25,26050.0,PE,0.0,1559.3,0,25,24406.1,NSE_bhavcopy
2024-07-25,NIFTY,2024-07-25,26050.0,CE,0.4,0.05,37127,355275,24406.1,NSE_bhavcopy
2024-07-25,NIFTY,2024-08-14,26050.0,PE,0.0,1628.75,0,0,24406.1,NSE_bhavcopy
2024-07-25,NIFTY,2024-07-25,24600.0,CE,6.65,0.15,15369832,8675075,24406.1,NSE_bhavcopy
2024-07-25,NIFTY,2024-07-25,23950.0,CE,278.9,453.1,17993,33850,24406.1,NSE_bhavcopy
2024-07-25,NIFTY,2024-07-25,23500.0,CE,726.1,904.25,12695,1012725,24406.1,NSE_bhavcopy
2024-07-25,NIFTY,2024-07-25,23800.0,PE,1.9,0.1,6151243,7823300,24406.1,NSE_bhavcopy
2024-07-25,NIFTY,2024-08-14,23800.0,CE,725.3,725.35,5,125,24406.1,NSE_bhavcopy
2024-07-25,NIFTY,2024-08-14,23350.0,PE,0.0,60.55,0,50,24406.1,NSE_bhavcopy
2024-07-25,NIFTY,2024-07-25,23300.0,CE,1044.65,1104.5,2355,126575,24406.1,NSE_bhavcopy
2024-07-25,NIFTY,2024-07-25,25300.0,CE,0.45,0.05,535480,2088425,24406.1,NSE_bhavcopy
2024-07-25,NIFTY,2024-07-25,25300.0,PE,1063.75,897.75,321,10750,24406.1,NSE_bhavcopy
2024-07-25,NIFTY,2024-07-25,23050.0,PE,0.4,0.05,135451,378475,24406.1,NSE_bhavcopy
2024-07-25,NIFTY,2024-08-14,23050.0,CE,1519.5,1408.95,5,75,24406.1,NSE_bhavcopy
2024-07-25,NIFTY,2024-07-25,26350.0,PE,0.0,1773.75,0,0,24406.1,NSE_bhavcopy
2024-07-25,NIFTY,2024-08-14,24000.0,PE,152.0,117.9,2798,38625,24406.1,NSE_bhavcopy
2024-07-25,NIFTY,2024-08-14,25300.0,PE,0.0,1014.15,0,0,24406.1,NSE_bhavcopy
2024-07-25,NIFTY,2024-07-25,26150.0,CE,0.6,0.05,80309,507700,24406.1,NSE_bhavcopy
2024-07-25,NIFTY,2024-07-25,21600.0,PE,0.45,0.05,28281,243000,24406.1,NSE_bhavcopy
2024-07-25,NIFTY,2024-08-14,25350.0,CE,0.0,189.45,0,0,24406.1,NSE_bhavcopy
2024-07-25,NIFTY,2024-07-25,24750.0,PE,498.15,347.45,10366,68725,24406.1,NSE_bhavcopy
2024-07-25,NIFTY,2024-08-14,24750.0,PE,0.0,431.15,0,75,24406.1,NSE_bhavcopy
2024-07-25,NIFTY,2024-08-14,23000.0,PE,27.9,16.25,4284,57700,24406.1,NSE_bhavcopy
2024-07-25,NIFTY,2024-08-14,24550.0,CE,203.45,217.45,78,3475,24406.1,NSE_bhavcopy
2024-07-25,NIFTY,2024-07-25,23550.0,PE,1.55,0.05,1942326,2082925,24406.1,NSE_bhavcopy
2024-07-25,NIFTY,2024-08-14,26250.0,PE,0.0,1808.35,0,0,24406.1,NSE_bhavcopy
2024-07-25,NIFTY,2024-07-25,26250.0,PE,0.0,2963.65,0,0,24406.1,NSE_bhavcopy
2024-07-25,NIFTY,2024-07-25,21300.0,CE,2980.0,3090.15,61,3675,24406.1,NSE_bhavcopy
2024-07-25,NIFTY,2024-08-14,25050.0,CE,0.0,271.25,0,0,24406.1,NSE_bhavcopy
2024-07-25,NIFTY,2024-07-25,20250.0,CE,0.0,4128.8,0,5425,24406.1,NSE_bhavcopy
2024-07-25,NIFTY,2024-08-14,22600.0,PE,10.5,8.1,156,3700,24406.1,NSE_bhavcopy
2024-07-25,NIFTY,2024-07-25,22600.0,PE,0.5,0.05,85533,389550,24406.1,NSE_bhavcopy
2024-07-25,NIFTY,2024-07-25,23250.0,PE,0.5,0.1,355854,496350,24406.1,NSE_bhavcopy
2024-07-25,NIFTY,2024-07-25,20150.0,CE,4100.0,4259.7,470,3250,24406.1,NSE_bhavcopy
2024-07-25,NIFTY,2024-07-25,20900.0,CE,3460.0,3501.0,18,2400,24406.1,NSE_bhavcopy
2024-07-25,NIFTY,2024-08-14,26500.0,CE,5.75,4.7,150,4800,24406.1,NSE_bhavcopy
2024-07-25,NIFTY,2024-08-14,26500.0,PE,0.0,2039.2,0,0,24406.1,NSE_bhavcopy
2024-07-25,NIFTY,2024-08-14,25050.0,PE,0.0,835.55,0,0,24406.1,NSE_bhavcopy
2024-07-25,NIFTY,2024-08-14,26150.0,CE,9.5,7.0,2,350,24406.1,NSE_bhavcopy
2024-07-25,NIFTY,2024-07-25,21550.0,PE,0.3,0.1,1426,35025,24406.1,NSE_bhavcopy
2024-07-25,NIFTY,2024-07-25,24400.0,PE,138.0,2.05,54933396,21748025,24406.1,NSE_bhavcopy
2024-07-25,NIFTY,2024-08-14,24400.0,PE,329.95,257.9,1815,24325,24406.1,NSE_bhavcopy
2024-07-25,NIFTY,2024-07-25,21650.0,CE,0.0,2775.0,0,2900,24406.1,NSE_bhavcopy
2024-07-25,NIFTY,2024-07-25,22400.0,CE,1825.25,2005.65,394,12800,24406.1,NSE_bhavcopy
2024-07-25,NIFTY,2024-08-14,25150.0,PE,0.0,904.6,0,0,24406.1,NSE_bhavcopy
2024-07-25,NIFTY,2024-07-25,22050.0,CE,2241.35,2388.85,179,3075,24406.1,NSE_bhavcopy
2024-07-25,NIFTY,2024-07-25,24900.0,PE,556.65,495.7,16865,255875,24406.1,NSE_bhavcopy
2024-07-25,NIFTY,2024-08-14,23100.0,CE,0.0,1451.0,0,0,24406.1,NSE_bhavcopy
2024-07-25,NIFTY,2024-07-25,23100.0,CE,1151.25,1303.7,581,62300,24406.1,NSE_bhavcopy
2024-07-25,NIFTY,2024-08-14,23800.0,PE,85.0,77.45,482,14375,24406.1,NSE_bhavcopy
2024-07-25,NIFTY,2024-07-25,23400.0,CE,820.0,1003.7,2035,103150,24406.1,NSE_bhavcopy
2024-07-25,NIFTY,2024-08-14,22950.0,PE,0.0,20.2,0,25,24406.1,NSE_bhavcopy
2024-07-25,NIFTY,2024-07-25,21650.0,PE,0.25,0.05,3105,17900,24406.1,NSE_bhavcopy
2024-07-25,NIFTY,2024-07-25,22950.0,CE,1269.0,1452.55,98,7200,24406.1,NSE_bhavcopy
2024-07-25,NIFTY,2024-08-14,26100.0,PE,0.0,1673.15,0,0,24406.1,NSE_bhavcopy
2024-07-25,NIFTY,2024-08-14,24300.0,PE,280.0,216.9,2362,26350,24406.1,NSE_bhavcopy
2024-07-25,NIFTY,2024-07-25,24200.0,PE,56.0,0.15,22942123,9516600,24406.1,NSE_bhavcopy
2024-07-25,NIFTY,2024-07-25,23300.0,PE,0.6,0.05,629128,1297500,24406.1,NSE_bhavcopy
2024-07-25,NIFTY,2024-08-14,23300.0,PE,33.0,26.2,324,4750,24406.1,NSE_bhavcopy
2024-07-25,NIFTY,2024-08-14,25500.0,CE,0.0,155.25,0,0,24406.1,NSE_bhavcopy
2024-07-25,NIFTY,2024-07-25,23150.0,PE,0.65,0.05,204805,151800,24406.1,NSE_bhavcopy
2024-07-25,NIFTY,2024-07-25,25950.0,CE,0.4,0.05,30973,348300,24406.1,NSE_bhavcopy
2024-07-25,NIFTY,2024-07-25,24650.0,PE,441.55,247.2,48029,98075,24406.1,NSE_bhavcopy
2024-07-25,NIFTY,2024-07-25,24400.0,CE,30.0,4.5,80691297,22188800,24406.1,NSE_bhavcopy
2024-07-25,NIFTY,2024-07-25,22950.0,PE,0.5,0.05,94465,263775,24406.1,NSE_bhavcopy
2024-07-25,NIFTY,2024-08-14,22950.0,CE,1615.75,1454.2,2,0,24406.1,NSE_bhavcopy
2024-07-25,NIFTY,2024-08-14,26150.0,PE,0.0,1717.95,0,0,24406.1,NSE_bhavcopy
2024-07-25,NIFTY,2024-07-25,26100.0,CE,0.45,0.05,78734,741425,24406.1,NSE_bhavcopy
2024-07-25,NIFTY,2024-08-14,26100.0,CE,8.9,7.4,17,325,24406.1,NSE_bhavcopy
2024-07-25,NIFTY,2024-07-25,24300.0,CE,40.0,103.15,25420290,5471175,24406.1,NSE_bhavcopy
2024-07-25,NIFTY,2024-08-14,22800.0,PE,13.05,10.4,192,3000,24406.1,NSE_bhavcopy
2024-07-25,NIFTY,2024-07-25,22800.0,PE,0.4,0.05,139941,739350,24406.1,NSE_bhavcopy
2024-07-25,NIFTY,2024-08-14,25650.0,PE,0.0,1287.1,0,0,24406.1,NSE_bhavcopy
2024-07-25,NIFTY,2024-08-14,25250.0,PE,0.0,976.3,0,0,24406.1,NSE_bhavcopy
2024-07-25,NIFTY,2024-07-25,25250.0,CE,0.45,0.05,336634,1106475,24406.1,NSE_bhavcopy
2024-07-25,NIFTY,2024-08-14,25250.0,CE,0.0,300.0,0,75,24406.1,NSE_bhavcopy
2024-07-25,NIFTY,2024-07-25,25350.0,CE,0.35,0.05,181998,921125,24406.1,NSE_bhavcopy
2024-07-25,NIFTY,2024-07-25,21800.0,PE,0.4,0.05,12183,133125,24406.1,NSE_bhavcopy
2024-07-25,NIFTY,2024-08-14,25300.0,CE,41.5,31.35,719,11225,24406.1,NSE_bhavcopy
2024-07-25,NIFTY,2024-07-25,25050.0,CE,0.75,0.05,2403195,2523825,24406.1,NSE_bhavcopy
2024-07-25,NIFTY,2024-07-25,25050.0,PE,835.0,648.2,423,62000,24406.1,NSE_bhavcopy
2024-07-25,NIFTY,2024-08-14,22850.0,PE,15.55,15.3,2,50,24406.1,NSE_bhavcopy
2024-07-25,NIFTY,2024-07-25,26500.0,PE,2244.15,2097.65,127,850,24406.1,NSE_bhavcopy
2024-07-25,NIFTY,2024-07-25,22900.0,PE,0.35,0.05,153167,433700,24406.1,NSE_bhavcopy
2024-07-25,NIFTY,2024-07-25,20800.0,CE,3580.0,3610.0,38,4325,24406.1,NSE_bhavcopy
2024-07-25,NIFTY,2024-07-25,26350.0,CE,0.8,0.05,205068,1052800,24406.1,NSE_bhavcopy
2024-07-25,NIFTY,2024-07-25,24600.0,PE,348.0,196.9,418385,1246225,24406.1,NSE_bhavcopy
2024-07-25,NIFTY,2024-07-25,22000.0,PE,0.55,0.05,189485,2349050,24406.1,NSE_bhavcopy
2024-07-25,NIFTY,2024-07-25,24000.0,PE,10.0,0.1,13709223,10525150,24406.1,NSE_bhavcopy
2024-07-25,NIFTY,2024-08-14,24000.0,CE,507.95,560.35,510,9575,24406.1,NSE_bhavcopy
2024-07-25,NIFTY,2024-07-25,20300.0,CE,3987.6,4114.2,146,3900,24406.1,NSE_bhavcopy
2024-07-25,NIFTY,2024-07-25,20300.0,PE,0.15,0.1,27961,452250,24406.1,NSE_bhavcopy
2024-07-25,NIFTY,2024-07-25,24950.0,CE,0.8,0.05,1813491,2142025,24406.1,NSE_bhavcopy
2024-07-25,NIFTY,2024-08-14,24600.0,CE,149.45,195.1,362,8625,24406.1,NSE_bhavcopy
2024-07-25,NIFTY,2024-07-25,24000.0,CE,290.0,403.15,384645,1623625,24406.1,NSE_bhavcopy
2024-07-25,NIFTY,2024-07-25,22000.0,CE,2230.05,2406.1,9275,420175,24406.1,NSE_bhavcopy
2024-07-25,NIFTY,2024-07-25,22050.0,PE,0.3,0.05,5441,26900,24406.1,NSE_bhavcopy
2024-07-25,NIFTY,2024-07-25,24150.0,PE,38.0,0.15,12143936,4274600,24406.1,NSE_bhavcopy
2024-07-25,NIFTY,2024-08-14,24150.0,PE,190.0,167.15,40,1250,24406.1,NSE_bhavcopy
2024-07-25,NIFTY,2024-08-14,25400.0,PE,0.0,1088.75,0,0,24406.1,NSE_bhavcopy
2024-07-25,NIFTY,2024-08-14,24900.0,PE,0.0,530.0,0,125,24406.1,NSE_bhavcopy
2024-07-25,NIFTY,2024-07-25,21100.0,CE,3302.0,3305.5,65,4850,24406.1,NSE_bhavcopy
2024-07-25,NIFTY,2024-07-25,21100.0,PE,0.25,0.1,5261,27825,24406.1,NSE_bhavcopy
2024-07-25,NIFTY,2024-07-25,21950.0,CE,2338.75,2459.05,118,1200,24406.1,NSE_bhavcopy
2024-07-25,NIFTY,2024-07-25,26150.0,PE,0.0,3079.45,0,0,24406.1,NSE_bhavcopy
2024-07-25,NIFTY,2024-07-25,22400.0,PE,0.95,0.05,58657,268350,24406.1,NSE_bhavcopy
2024-07-25,NIFTY,2024-07-25,24350.0,PE,142.0,0.35,40639556,15324875,24406.1,NSE_bhavcopy
2024-07-25,NIFTY,2024-08-14,25100.0,PE,0.0,869.75,0,0,24406.1,NSE_bhavcopy
2024-07-25,NIFTY,2024-07-25,24750.0,CE,2.0,0.1,5061571,5204775,24406.1,NSE_bhavcopy
2024-07-25,NIFTY,2024-08-14,24750.0,CE,146.05,150.05,28,2125,24406.1,NSE_bhavcopy
2024-07-25,NIFTY,2024-07-25,24700.0,CE,2.95,0.1,8165716,6398675,24406.1,NSE_bhavcopy
2024-07-25,NIFTY,2024-08-14,22750.0,CE,0.0,1761.8,0,0,24406.1,NSE_bhavcopy
2024-07-25,NIFTY,2024-07-25,20950.0,CE,0.0,2885.65,0,4075,24406.1,NSE_bhavcopy
2024-07-25,NIFTY,2024-07-25,26500.0,CE,0.3,0.05,345451,3647975,24406.1,NSE_bhavcopy
2024-08-16,NIFTY,2024-08-22,22500.0,PE,2.8,2.5,564068,2546950,24541.15,NSE_bhavcopy
2024-08-16,NIFTY,2024-09-12,22500.0,PE,35.0,23.65,145,1475,24541.15,NSE_bhavcopy
2024-08-16,NIFTY,2024-09-12,23500.0,PE,98.8,67.3,965,7450,24541.15,NSE_bhavcopy
2024-08-16,NIFTY,2024-08-22,23500.0,CE,828.25,1075.55,4717,70475,24541.15,NSE_bhavcopy
2024-08-16,NIFTY,2024-09-12,26000.0,CE,12.5,12.65,1222,37500,24541.15,NSE_bhavcopy
2024-08-16,NIFTY,2024-09-12,23300.0,PE,89.3,51.2,431,5425,24541.15,NSE_bhavcopy
2024-08-16,NIFTY,2024-09-12,23300.0,CE,0.0,1130.15,0,0,24541.15,NSE_bhavcopy
2024-08-16,NIFTY,2024-08-22,26300.0,PE,0.0,1970.0,0,50,24541.15,NSE_bhavcopy
2024-08-16,NIFTY,2024-08-22,24250.0,CE,196.0,358.85,994099,433250,24541.15,NSE_bhavcopy
2024-08-16,NIFTY,2024-09-12,24250.0,PE,236.0,180.65,65,1275,24541.15,NSE_bhavcopy
2024-08-16,NIFTY,2024-08-22,24250.0,PE,172.0,42.85,1614511,1196500,24541.15,NSE_bhavcopy
2024-08-16,NIFTY,2024-09-12,24250.0,CE,470.0,536.0,51,675,24541.15,NSE_bhavcopy
2024-08-16,NIFTY,2024-09-12,23650.0,PE,0.0,244.35,0,0,24541.15,NSE_bhavcopy
2024-08-16,NIFTY,2024-09-12,23650.0,CE,0.0,875.4,0,0,24541.15,NSE_bhavcopy
2024-08-16,NIFTY,2024-08-22,23650.0,CE,760.0,921.65,331,5400,24541.15,NSE_bhavcopy
2024-08-16,NIFTY,2024-09-12,23700.0,CE,0.0,841.8,0,0,24541.15,NSE_bhavcopy
2024-08-16,NIFTY,2024-09-12,24800.0,PE,0.0,770.0,0,150,24541.15,NSE_bhavcopy
2024-08-16,NIFTY,2024-08-22,24800.0,CE,15.35,38.65,2249817,3585175,24541.15,NSE_bhavcopy
2024-08-16,NIFTY,2024-08-22,24800.0,PE,485.95,271.75,70945,317725,24541.15,NSE_bhavcopy
2024-08-16,NIFTY,2024-08-22,25850.0,PE,0.0,1694.4,0,0,24541.15,NSE_bhavcopy
2024-08-16,NIFTY,2024-08-22,25650.0,PE,1268.2,1236.1,2,25,24541.15,NSE_bhavcopy
2024-08-16,NIFTY,2024-09-12,25650.0,PE,0.0,1454.85,0,0,24541.15,NSE_bhavcopy
2024-08-16,NIFTY,2024-08-22,25650.0,CE,1.5,1.2,23185,64425,24541.15,NSE_bhavcopy
2024-08-16,NIFTY,2024-09-12,25800.0,PE,0.0,1584.4,0,0,24541.15,NSE_bhavcopy
2024-08-16,NIFTY,2024-09-12,25800.0,CE,0.0,80.35,0,0,24541.15,NSE_bhavcopy
2024-08-16,NIFTY,2024-09-12,25000.0,CE,93.0,168.95,2092,18325,24541.15,NSE_bhavcopy
2024-08-16,NIFTY,2024-08-22,25000.0,CE,4.05,9.6,2868100,7278200,24541.15,NSE_bhavcopy
2024-08-16,NIFTY,2024-08-22,23700.0,CE,660.0,875.85,2818,37425,24541.15,NSE_bhavcopy
2024-08-16,NIFTY,2024-08-22,23700.0,PE,29.1,8.6,1376924,1981300,24541.15,NSE_bhavcopy
2024-08-16,NIFTY,2024-08-22,24050.0,PE,64.8,21.6,672122,690125,24541.15,NSE_bhavcopy
2024-08-16,NIFTY,2024-09-12,24050.0,CE,558.65,523.9,8,200,24541.15,NSE_bhavcopy
2024-08-16,NIFTY,2024-09-12,24050.0,PE,0.0,287.75,0,25,24541.15,NSE_bhavcopy
2024-08-16,NIFTY,2024-09-12,25250.0,PE,0.0,1129.0,0,0,24541.15,NSE_bhavcopy
2024-08-16,NIFTY,2024-08-22,25250.0,PE,1038.6,679.05,17,150,24541.15,NSE_bhavcopy
2024-08-16,NIFTY,2024-08-22,24850.0,PE,446.85,312.6,9487,54500,24541.15,NSE_bhavcopy
2024-08-16,NIFTY,2024-09-12,23600.0,CE,0.0,909.75,0,0,24541.15,NSE_bhavcopy
2024-08-16,NIFTY,2024-09-12,22550.0,CE,0.0,1766.85,0,0,24541.15,NSE_bhavcopy
2024-08-16,NIFTY,2024-08-22,22800.0,PE,4.0,2.95,290568,586250,24541.15,NSE_bhavcopy
2024-08-16,NIFTY,2024-08-22,22800.0,CE,1474.25,1749.0,2,2275,24541.15,NSE_bhavcopy
2024-08-16,NIFTY,2024-09-12,22800.0,CE,0.0,1543.45,0,0,24541.15,NSE_bhavcopy
2024-08-16,NIFTY,2024-09-12,22800.0,PE,30.0,32.05,56,1375,24541.15,NSE_bhavcopy
2024-08-16,NIFTY,2024-09-12,23450.0,PE,0.0,188.3,0,0,24541.15,NSE_bhavcopy
2024-08-16,NIFTY,2024-08-22,23450.0,CE,902.5,1118.3,125,2450,24541.15,NSE_bhavcopy
2024-08-16,NIFTY,2024-08-22,26650.0,CE,1.05,0.55,57435,149525,24541.15,NSE_bhavcopy
2024-08-16,NIFTY,2024-08-22,26650.0,PE,0.0,1730.0,0,0,24541.15,NSE_bhavcopy
2024-08-16,NIFTY,2024-09-12,23250.0,CE,0.0,1169.1,0,0,24541.15,NSE_bhavcopy
2024-08-16,NIFTY,2024-09-12,22600.0,CE,0.0,1721.45,0,0,24541.15,NSE_bhavcopy
2024-08-16,NIFTY,2024-08-22,23250.0,PE,9.0,4.3,302667,643825,24541.15,NSE_bhavcopy
2024-08-16,NIFTY,2024-08-22,23250.0,CE,1057.0,1196.95,3,50,24541.15,NSE_bhavcopy
2024-08-16,NIFTY,2024-08-22,26200.0,PE,0.0,1342.65,0,0,24541.15,NSE_bhavcopy
2024-08-16,NIFTY,2024-09-12,23900.0,CE,600.4,600.4,1,1000,24541.15,NSE_bhavcopy
2024-08-16,NIFTY,2024-08-22,23900.0,CE,464.55,679.45,29707,92050,24541.15,NSE_bhavcopy
2024-08-16,NIFTY,2024-09-12,23900.0,PE,0.0,331.85,0,0,24541.15,NSE_bhavcopy
2024-08-16,NIFTY,2024-09-12,24150.0,PE,213.35,155.0,62,1575,24541.15,NSE_bhavcopy
2024-08-16,NIFTY,2024-08-22,24150.0,PE,81.0,30.1,926066,1026525,24541.15,NSE_bhavcopy
2024-08-16,NIFTY,2024-09-12,25300.0,CE,0.0,160.5,0,0,24541.15,NSE_bhavcopy
2024-08-16,NIFTY,2024-08-22,23150.0,CE,1223.3,1161.8,2,25,24541.15,NSE_bhavcopy
2024-08-16,NIFTY,2024-08-22,22500.0,CE,1880.0,1950.0,43,24800,24541.15,NSE_bhavcopy
2024-08-16,NIFTY,2024-08-22,26400.0,CE,1.25,0.65,59605,176775,24541.15,NSE_bhavcopy
2024-08-16,NIFTY,2024-08-22,26400.0,PE,0.0,1510.9,0,0,24541.15,NSE_bhavcopy
2024-08-16,NIFTY,2024-09-12,22350.0,PE,19.9,19.9,2,50,24541.15,NSE_bhavcopy
2024-08-16,NIFTY,2024-09-12,22350.0,CE,0.0,1951.4,0,0,24541.15,NSE_bhavcopy
2024-08-16,NIFTY,2024-08-22,22350.0,CE,0.0,1941.0,0,50,24541.15,NSE_bhavcopy
2024-08-16,NIFTY,2024-08-22,22350.0,PE,2.65,2.5,103550,421100,24541.15,NSE_bhavcopy
2024-08-16,NIFTY,2024-08-22,25400.0,PE,980.95,833.1,142,1575,24541.15,NSE_bhavcopy
2024-08-16,NIFTY,2024-08-22,24900.0,PE,593.15,351.35,11040,74575,24541.15,NSE_bhavcopy
2024-08-16,NIFTY,2024-09-12,24900.0,PE,0.0,872.5,0,0,24541.15,NSE_bhavcopy
2024-08-16,NIFTY,2024-09-12,24900.0,CE,196.55,203.85,166,2675,24541.15,NSE_bhavcopy
2024-08-16,NIFTY,2024-08-22,25900.0,PE,0.0,1691.05,0,175,24541.15,NSE_bhavcopy
2024-08-16,NIFTY,2024-08-22,25900.0,CE,1.5,1.0,44492,268650,24541.15,NSE_bhavcopy
2024-08-16,NIFTY,2024-09-12,25900.0,CE,0.0,69.25,0,0,24541.15,NSE_bhavcopy
2024-08-16,NIFTY,2024-09-12,25900.0,PE,0.0,1672.6,0,0,24541.15,NSE_bhavcopy
2024-08-16,NIFTY,2024-08-22,24100.0,CE,265.0,490.85,352554,500925,24541.15,NSE_bhavcopy
2024-08-16,NIFTY,2024-08-22,22750.0,PE,3.5,2.9,39513,104950,24541.15,NSE_bhavcopy
2024-08-16,NIFTY,2024-09-12,23550.0,PE,0.0,158.5,0,25,24541.15,NSE_bhavcopy
2024-08-16,NIFTY,2024-08-22,24550.0,CE,65.0,140.85,1713322,1363450,24541.15,NSE_bhavcopy
2024-08-16,NIFTY,2024-08-22,25500.0,CE,1.65,1.4,1156927,4698725,24541.15,NSE_bhavcopy
2024-08-16,NIFTY,2024-08-22,26250.0,CE,1.4,0.8,5197,22275,24541.15,NSE_bhavcopy
2024-08-16,NIFTY,2024-08-22,25800.0,CE,1.45,1.0,98763,270825,24541.15,NSE_bhavcopy
2024-08-16,NIFTY,2024-09-12,25000.0,PE,0.0,942.6,0,0,24541.15,NSE_bhavcopy
2024-08-16,NIFTY,2024-09-12,23700.0,PE,100.0,85.05,59,1425,24541.15,NSE_bhavcopy
2024-08-16,NIFTY,2024-08-22,23750.0,PE,28.75,9.45,552865,615850,24541.15,NSE_bhavcopy
2024-08-16,NIFTY,2024-08-22,23750.0,CE,629.45,827.3,2042,9150,24541.15,NSE_bhavcopy
2024-08-16,NIFTY,2024-09-12,24950.0,CE,205.0,184.8,35,325,24541.15,NSE_bhavcopy
2024-08-16,NIFTY,2024-08-22,24950.0,CE,7.0,13.75,1100451,2483225,24541.15,NSE_bhavcopy
2024-08-16,NIFTY,2024-09-12,24800.0,CE,179.95,256.55,485,4625,24541.15,NSE_bhavcopy
2024-08-16,NIFTY,2024-09-12,25850.0,CE,0.0,19.3,0,975,24541.15,NSE_bhavcopy
2024-08-16,NIFTY,2024-08-22,25850.0,CE,1.5,1.05,15609,59425,24541.15,NSE_bhavcopy
2024-08-16,NIFTY,2024-09-12,25850.0,PE,0.0,1628.3,0,0,24541.15,NSE_bhavcopy
2024-08-16,NIFTY,2024-09-12,25700.0,PE,0.0,1497.65,0,0,24541.15,NSE_bhavcopy
2024-08-16,NIFTY,2024-08-22,25700.0,CE,1.3,1.1,139294,685075,24541.15,NSE_bhavcopy
2024-08-16,NIFTY,2024-08-22,25700.0,PE,1395.0,1168.45,19,225,24541.15,NSE_bhavcopy
2024-08-16,NIFTY,2024-09-12,25650.0,CE,30.9,30.9,3,275,24541.15,NSE_bhavcopy
2024-08-16,NIFTY,2024-09-12,23150.0,PE,51.0,51.0,67,1700,24541.15,NSE_bhavcopy
2024-08-16,NIFTY,2024-09-12,25750.0,CE,0.0,86.45,0,0,24541.15,NSE_bhavcopy
2024-08-16,NIFTY,2024-08-22,25750.0,CE,1.6,1.15,35107,123900,24541.15,NSE_bhavcopy
2024-08-16,NIFTY,2024-09-12,22650.0,PE,0.0,52.25,0,0,24541.15,NSE_bhavcopy
2024-08-16,NIFTY,2024-09-12,24100.0,PE,220.0,150.85,866,5825,24541.15,NSE_bhavcopy
2024-08-16,NIFTY,2024-08-22,24100.0,PE,72.15,25.25,1845028,2550075,24541.15,NSE_bhavcopy
2024-08-16,NIFTY,2024-08-22,24050.0,CE,320.0,537.1,77237,148375,24541.15,NSE_bhavcopy
2024-08-16,NIFTY,2024-08-22,22450.0,PE,1.3,2.65,130820,363475,24541.15,NSE_bhavcopy
2024-08-16,NIFTY,2024-09-12,22450.0,PE,0.0,41.05,0,1275,24541.15,NSE_bhavcopy
2024-08-16,NIFTY,2024-09-12,22450.0,CE,0.0,1858.55,0,0,24541.15,NSE_bhavcopy
2024-08-16,NIFTY,2024-09-12,23750.0,PE,0.0,277.15,0,0,24541.15,NSE_bhavcopy
2024-08-16,NIFTY,2024-09-12,23750.0,CE,0.0,808.9,0,0,24541.15,NSE_bhavcopy
2024-08-16,NIFTY,2024-08-22,24950.0,PE,563.4,396.45,1672,17000,24541.15,NSE_bhavcopy
2024-08-16,NIFTY,2024-09-12,25200.0,PE,0.0,1090.55,0,0,24541.15,NSE_bhavcopy
2024-08-16,NIFTY,2024-08-22,25200.0,PE,850.05,628.9,1889,22375,24541.15,NSE_bhavcopy
2024-08-16,NIFTY,2024-09-12,25200.0,CE,0.0,182.4,0,0,24541.15,NSE_bhavcopy
2024-08-16,NIFTY,2024-08-22,25200.0,CE,2.95,2.8,969278,2426275,24541.15,NSE_bhavcopy
2024-08-16,NIFTY,2024-08-22,23200.0,CE,1215.0,1356.55,198,4975,24541.15,NSE_bhavcopy
2024-08-16,NIFTY,2024-09-12,23200.0,CE,0.0,1208.6,0,0,24541.15,NSE_bhavcopy
2024-08-16,NIFTY,2024-09-12,23200.0,PE,83.65,47.7,71,1625,24541.15,NSE_bhavcopy
2024-08-16,NIFTY,2024-09-12,25050.0,PE,0.0,978.6,0,0,24541.15,NSE_bhavcopy
2024-08-16,NIFTY,2024-08-22,26600.0,PE,0.0,2399.0,0,50,24541.15,NSE_bhavcopy
2024-08-16,NIFTY,2024-09-12,26050.0,PE,0.0,1807.35,0,0,24541.15,NSE_bhavcopy
2024-08-16,NIFTY,2024-08-22,25150.0,PE,897.95,586.85,30,2250,24541.15,NSE_bhavcopy
2024-08-16,NIFTY,2024-08-22,25150.0,CE,4.0,3.65,320897,437975,24541.15,NSE_bhavcopy
2024-08-16,NIFTY,2024-08-22,22250.0,CE,0.0,1864.8,0,25,24541.15,NSE_bhavcopy
2024-08-16,NIFTY,2024-08-22,22250.0,PE,2.4,2.2,792721,4440600,24541.15,NSE_bhavcopy
2024-08-16,NIFTY,2024-08-22,23000.0,PE,6.3,3.5,947600,5235075,24541.15,NSE_bhavcopy
2024-08-16,NIFTY,2024-09-12,24550.0,PE,369.9,281.3,11,200,24541.15,NSE_bhavcopy
2024-08-16,NIFTY,2024-08-22,25550.0,CE,2.15,1.35,46269,157950,24541.15,NSE_bhavcopy
2024-08-16,NIFTY,2024-08-22,25550.0,PE,1037.95,982.9,15,125,24541.15,NSE_bhavcopy
2024-08-16,NIFTY,2024-09-12,25550.0,CE,0.0,114.8,0,0,24541.15,NSE_bhavcopy
2024-08-16,NIFTY,2024-09-12,23400.0,PE,59.0,59.45,54,1200,24541.15,NSE_bhavcopy
2024-08-16,NIFTY,2024-09-12,23500.0,CE,0.0,980.5,0,0,24541.15,NSE_bhavcopy
2024-08-16,NIFTY,2024-08-22,25000.0,PE,678.0,442.15,32774,252700,24541.15,NSE_bhavcopy
2024-08-16,NIFTY,2024-08-22,25800.0,PE,1399.5,1312.2,9,975,24541.15,NSE_bhavcopy
2024-08-16,NIFTY,2024-08-22,23350.0,PE,10.0,4.8,446796,310575,24541.15,NSE_bhavcopy
2024-08-16,NIFTY,2024-09-12,23350.0,CE,0.0,1091.85,0,0,24541.15,NSE_bhavcopy
2024-08-16,NIFTY,2024-08-22,23350.0,CE,0.0,1010.0,0,75,24541.15,NSE_bhavcopy
2024-08-16,NIFTY,2024-08-22,22450.0,CE,0.0,2516.05,0,0,24541.15,NSE_bhavcopy
2024-08-16,NIFTY,2024-08-22,24500.0,PE,230.05,104.7,1935897,4416525,24541.15,NSE_bhavcopy
2024-08-16,NIFTY,2024-08-22,22300.0,PE,2.5,2.35,762173,3538850,24541.15,NSE_bhavcopy
2024-08-16,NIFTY,2024-08-22,22300.0,CE,0.0,2662.35,0,0,24541.15,NSE_bhavcopy
2024-08-16,NIFTY,2024-09-12,24500.0,CE,312.25,418.2,887,7125,24541.15,NSE_bhavcopy
2024-08-16,NIFTY,2024-08-22,26600.0,CE,1.3,0.55,103778,400250,24541.15,NSE_bhavcopy
2024-08-16,NIFTY,2024-09-12,24400.0,CE,364.4,483.7,265,3050,24541.15,NSE_bhavcopy
2024-08-16,NIFTY,2024-09-12,22950.0,CE,0.0,1414.25,0,0,24541.15,NSE_bhavcopy
2024-08-16,NIFTY,2024-08-22,23000.0,CE,1342.25,1560.3,1050,60275,24541.15,NSE_bhavcopy
2024-08-16,NIFTY,2024-09-12,23000.0,CE,0.0,1372.1,0,0,24541.15,NSE_bhavcopy
2024-08-16,NIFTY,2024-09-12,23550.0,CE,0.0,944.8,0,0,24541.15,NSE_bhavcopy
2024-08-16,NIFTY,2024-09-12,24550.0,CE,341.55,394.15,16,325,24541.15,NSE_bhavcopy
2024-08-16,NIFTY,2024-09-12,23000.0,PE,48.15,36.5,1190,19850,24541.15,NSE_bhavcopy
2024-08-16,NIFTY,2024-08-22,24550.0,PE,300.0,124.0,477610,881650,24541.15,NSE_bhavcopy
2024-08-16,NIFTY,2024-08-22,23300.0,CE,1130.8,1259.05,149,3625,24541.15,NSE_bhavcopy
2024-08-16,NIFTY,2024-08-22,23300.0,PE,12.45,4.55,920260,2279375,24541.15,NSE_bhavcopy
2024-08-16,NIFTY,2024-08-22,23400.0,CE,944.2,1171.0,389,11875,24541.15,NSE_bhavcopy
2024-08-16,NIFTY,2024-09-12,22750.0,CE,0.0,1587.4,0,0,24541.15,NSE_bhavcopy
2024-08-16,NIFTY,2024-09-12,26050.0,CE,11.55,14.1,272,2200,24541.15,NSE_bhavcopy
2024-08-16,NIFTY,2024-09-12,24400.0,PE,327.45,225.8,607,6975,24541.15,NSE_bhavcopy
2024-08-16,NIFTY,2024-09-12,24850.0,PE,0.0,838.45,0,0,24541.15,NSE_bhavcopy
2024-08-16,NIFTY,2024-09-12,22500.0,CE,0.0,1812.55,0,0,24541.15,NSE_bhavcopy
2024-08-16,NIFTY,2024-08-22,24000.0,CE,412.0,583.95,274697,546700,24541.15,NSE_bhavcopy
2024-08-16,NIFTY,2024-08-22,23800.0,CE,569.95,768.7,21259,68925,24541.15,NSE_bhavcopy
2024-08-16,NIFTY,2024-09-12,24000.0,CE,661.4,765.0,58,1700,24541.15,NSE_bhavcopy
2024-08-16,NIFTY,2024-08-22,26150.0,PE,0.0,1301.7,0,0,24541.15,NSE_bhavcopy
2024-08-16,NIFTY,2024-08-22,23050.0,CE,0.0,1943.7,0,0,24541.15,NSE_bhavcopy
2024-08-16,NIFTY,2024-09-12,23050.0,PE,0.0,103.55,0,0,24541.15,NSE_bhavcopy
2024-08-16,NIFTY,2024-08-22,26350.0,PE,0.0,1468.2,0,0,24541.15,NSE_bhavcopy
2024-08-16,NIFTY,2024-09-12,24650.0,PE,0.0,425.0,0,200,24541.15,NSE_bhavcopy
2024-08-16,NIFTY,2024-09-12,23450.0,CE,0.0,1018.0,0,0,24541.15,NSE_bhavcopy
2024-08-16,NIFTY,2024-08-22,23450.0,PE,16.8,5.55,447307,439125,24541.15,NSE_bhavcopy
2024-08-16,NIFTY,2024-09-12,25750.0,PE,0.0,1540.8,0,0,24541.15,NSE_bhavcopy
2024-08-16,NIFTY,2024-09-12,22750.0,PE,45.7,35.55,7,150,24541.15,NSE_bhavcopy
2024-08-16,NIFTY,2024-09-12,23950.0,CE,0.0,684.75,0,0,24541.15,NSE_bhavcopy
2024-08-16,NIFTY,2024-08-22,23200.0,PE,8.0,3.85,912429,3877650,24541.15,NSE_bhavcopy
2024-08-16,NIFTY,2024-08-22,26750.0,CE,1.15,0.5,388225,1615875,24541.15,NSE_bhavcopy
2024-08-16,NIFTY,2024-08-22,26750.0,PE,2671.1,2404.0,2,25,24541.15,NSE_bhavcopy
2024-08-16,NIFTY,2024-08-22,26050.0,CE,1.25,0.85,14828,80200,24541.15,NSE_bhavcopy
2024-08-16,NIFTY,2024-08-22,26700.0,PE,1990.0,2170.0,3,75,24541.15,NSE_bhavcopy
2024-08-16,NIFTY,2024-08-22,26050.0,PE,0.0,1221.25,0,0,24541.15,NSE_bhavcopy
2024-08-16,NIFTY,2024-08-22,26100.0,PE,0.0,1261.2,0,0,24541.15,NSE_bhavcopy
2024-08-16,NIFTY,2024-08-22,24350.0,CE,145.0,277.55,1927931,500100,24541.15,NSE_bhavcopy
2024-08-16,NIFTY,2024-08-22,26450.0,PE,0.0,1554.0,0,0,24541.15,NSE_bhavcopy
2024-08-16,NIFTY,2024-08-22,23850.0,CE,530.0,726.05,7762,29800,24541.15,NSE_bhavcopy
2024-08-16,NIFTY,2024-08-22,23850.0,PE,32.25,11.95,570827,702975,24541.15,NSE_bhavcopy
2024-08-16,NIFTY,2024-09-12,25700.0,CE,25.0,30.2,98,1725,24541.15,NSE_bhavcopy
2024-08-16,NIFTY,2024-08-22,26300.0,CE,1.2,0.6,152201,577250,24541.15,NSE_bhavcopy
2024-08-16,NIFTY,2024-09-12,24700.0,CE,243.65,297.85,131,1300,24541.15,NSE_bhavcopy
2024-08-16,NIFTY,2024-09-12,23400.0,CE,0.0,1054.15,0,0,24541.15,NSE_bhavcopy
2024-08-16,NIFTY,2024-08-22,25450.0,CE,1.75,1.4,72674,194800,24541.15,NSE_bhavcopy
2024-08-16,NIFTY,2024-08-22,25450.0,PE,0.0,1276.2,0,1925,24541.15,NSE_bhavcopy
2024-08-16,NIFTY,2024-09-12,24950.0,PE,0.0,907.2,0,0,24541.15,NSE_bhavcopy
2024-08-16,NIFTY,2024-09-12,25050.0,CE,0.0,306.0,0,100,24541.15,NSE_bhavcopy
2024-08-16,NIFTY,2024-09-12,23150.0,CE,0.0,1248.65,0,0,24541.15,NSE_bhavcopy
2024-08-16,NIFTY,2024-09-12,25950.0,PE,0.0,1717.2,0,0,24541.15,NSE_bhavcopy
2024-08-16,NIFTY,2024-08-22,25950.0,PE,1715.45,1592.35,2,0,24541.15,NSE_bhavcopy
2024-08-16,NIFTY,2024-09-12,25950.0,CE,0.0,64.2,0,0,24541.15,NSE_bhavcopy
2024-08-16,NIFTY,2024-09-12,23050.0,CE,0.0,1330.45,0,0,24541.15,NSE_bhavcopy
2024-08-16,NIFTY,2024-08-22,23050.0,PE,7.65,3.6,80502,186900,24541.15,NSE_bhavcopy
2024-08-16,NIFTY,2024-08-22,24400.0,PE,182.0,73.2,3139258,3875875,24541.15,NSE_bhavcopy
2024-08-16,NIFTY,2024-08-22,24400.0,CE,121.65,238.4,4080632,1937950,24541.15,NSE_bhavcopy
2024-08-16,NIFTY,2024-08-22,22950.0,CE,0.0,1446.0,0,100,24541.15,NSE_bhavcopy
2024-08-16,NIFTY,2024-08-22,22950.0,PE,5.9,3.2,61060,199775,24541.15,NSE_bhavcopy
2024-08-16,NIFTY,2024-08-22,25050.0,PE,650.0,487.3,1397,12550,24541.15,NSE_bhavcopy
2024-08-16,NIFTY,2024-08-22,26000.0,PE,0.0,1820.8,0,19475,24541.15,NSE_bhavcopy
2024-08-16,NIFTY,2024-08-22,26000.0,CE,1.5,0.9,487213,2425700,24541.15,NSE_bhavcopy
2024-08-16,NIFTY,2024-09-12,26000.0,PE,0.0,1762.1,0,0,24541.15,NSE_bhavcopy
2024-08-16,NIFTY,2024-09-12,22850.0,CE,0.0,1499.95,0,0,24541.15,NSE_bhavcopy
2024-08-16,NIFTY,2024-09-12,24600.0,PE,405.25,299.8,176,4325,24541.15,NSE_bhavcopy
2024-08-16,NIFTY,2024-09-12,24850.0,CE,0.0,277.85,0,0,24541.15,NSE_bhavcopy
2024-08-16,NIFTY,2024-09-12,25450.0,PE,0.0,1288.05,0,0,24541.15,NSE_bhavcopy
2024-08-16,NIFTY,2024-09-12,25450.0,CE,0.0,131.6,0,0,24541.15,NSE_bhavcopy
2024-08-16,NIFTY,2024-09-12,22950.0,PE,0.0,72.25,0,25,24541.15,NSE_bhavcopy
2024-08-16,NIFTY,2024-08-22,23500.0,PE,15.4,6.25,1462351,5113875,24541.15,NSE_bhavcopy
2024-08-16,NIFTY,2024-08-22,23800.0,PE,25.35,10.55,1248697,2429100,24541.15,NSE_bhavcopy
2024-08-16,NIFTY,2024-09-12,26100.0,PE,0.0,1852.85,0,0,24541.15,NSE_bhavcopy
2024-08-16,NIFTY,2024-08-22,23900.0,PE,42.0,13.45,1123867,2448975,24541.15,NSE_bhavcopy
2024-08-16,NIFTY,2024-09-12,24150.0,CE,430.0,518.55,8,100,24541.15,NSE_bhavcopy
2024-08-16,NIFTY,2024-08-22,25300.0,PE,975.45,745.2,4326,7375,24541.15,NSE_bhavcopy
2024-08-16,NIFTY,2024-09-12,23600.0,PE,85.2,77.15,70,1600,24541.15,NSE_bhavcopy
2024-08-16,NIFTY,2024-08-22,23600.0,CE,748.0,971.6,1048,50275,24541.15,NSE_bhavcopy
2024-08-16,NIFTY,2024-08-22,22550.0,CE,0.0,2419.1,0,0,24541.15,NSE_bhavcopy
2024-08-16,NIFTY,2024-09-12,24200.0,CE,497.0,628.2,396,2375,24541.15,NSE_bhavcopy
2024-08-16,NIFTY,2024-09-12,24750.0,PE,0.0,425.0,0,125,24541.15,NSE_bhavcopy
2024-08-16,NIFTY,2024-09-12,24750.0,CE,264.8,267.45,10,250,24541.15,NSE_bhavcopy
2024-08-16,NIFTY,2024-08-22,26250.0,PE,0.0,1384.05,0,0,24541.15,NSE_bhavcopy
2024-08-16,NIFTY,2024-08-22,26350.0,CE,1.3,0.7,10846,37325,24541.15,NSE_bhavcopy
2024-08-16,NIFTY,2024-08-22,24650.0,CE,43.65,89.95,1160852,861725,24541.15,NSE_bhavcopy
2024-08-16,NIFTY,2024-09-12,24650.0,CE,300.0,300.0,1,25,24541.15,NSE_bhavcopy
2024-08-16,NIFTY,2024-08-22,24650.0,PE,334.75,173.3,106727,318675,24541.15,NSE_bhavcopy
2024-08-16,NIFTY,2024-09-12,23100.0,CE,0.0,1289.3,0,0,24541.15,NSE_bhavcopy
2024-08-16,NIFTY,2024-09-12,22700.0,CE,0.0,1631.7,0,0,24541.15,NSE_bhavcopy
2024-08-16,NIFTY,2024-09-12,24700.0,PE,0.0,740.45,0,0,24541.15,NSE_bhavcopy
2024-08-16,NIFTY,2024-09-12,25350.0,PE,0.0,1207.45,0,0,24541.15,NSE_bhavcopy
2024-08-16,NIFTY,2024-09-12,22900.0,PE,0.0,81.0,0,0,24541.15,NSE_bhavcopy
2024-08-16,NIFTY,2024-08-22,26500.0,PE,2008.0,1913.0,3,75,24541.15,NSE_bhavcopy
2024-08-16,NIFTY,2024-08-22,24150.0,CE,263.35,444.3,247628,343975,24541.15,NSE_bhavcopy
2024-08-16,NIFTY,2024-08-22,23650.0,PE,18.75,7.8,601127,511225,24541.15,NSE_bhavcopy
2024-08-16,NIFTY,2024-08-22,25400.0,CE,1.4,1.5,240690,618600,24541.15,NSE_bhavcopy
2024-08-16,NIFTY,2024-09-12,25400.0,CE,75.0,66.0,204,2675,24541.15,NSE_bhavcopy
2024-08-16,NIFTY,2024-09-12,23100.0,PE,0.0,94.55,0,100,24541.15,NSE_bhavcopy
2024-08-16,NIFTY,2024-08-22,22900.0,CE,1395.0,1673.9,113,10550,24541.15,NSE_bhavcopy
2024-08-16,NIFTY,2024-08-22,22900.0,PE,3.95,3.2,262251,854725,24541.15,NSE_bhavcopy
2024-08-16,NIFTY,2024-09-12,22900.0,CE,0.0,1456.9,0,0,24541.15,NSE_bhavcopy
2024-08-16,NIFTY,2024-09-12,26100.0,CE,13.0,11.6,296,3650,24541.15,NSE_bhavcopy
2024-08-16,NIFTY,2024-08-22,24300.0,PE,156.5,50.85,3746877,3501575,24541.15,NSE_bhavcopy
2024-08-16,NIFTY,2024-09-12,24500.0,PE,454.95,263.1,1050,9825,24541.15,NSE_bhavcopy
2024-08-16,NIFTY,2024-08-22,24500.0,CE,75.15,170.0,4454618,3426950,24541.15,NSE_bhavcopy
2024-08-16,NIFTY,2024-09-12,25100.0,PE,0.0,1015.25,0,0,24541.15,NSE_bhavcopy
2024-08-16,NIFTY,2024-09-12,25100.0,CE,0.0,206.4,0,0,24541.15,NSE_bhavcopy
2024-08-16,NIFTY,2024-08-22,25100.0,PE,760.0,539.65,898,12050,24541.15,NSE_bhavcopy
2024-08-16,NIFTY,2024-08-22,26200.0,CE,1.15,0.7,57935,164825,24541.15,NSE_bhavcopy
2024-08-16,NIFTY,2024-08-22,26700.0,CE,1.2,0.55,275416,1553300,24541.15,NSE_bhavcopy
2024-08-16,NIFTY,2024-08-22,22700.0,CE,0.0,1472.15,0,950,24541.15,NSE_bhavcopy
2024-08-16,NIFTY,2024-08-22,22700.0,PE,3.0,2.8,218610,832700,24541.15,NSE_bhavcopy
2024-08-16,NIFTY,2024-08-22,26150.0,CE,2.0,0.8,10575,46350,24541.15,NSE_bhavcopy
2024-08-16,NIFTY,2024-09-12,25150.0,CE,0.0,195.1,0,0,24541.15,NSE_bhavcopy
2024-08-16,NIFTY,2024-09-12,24450.0,PE,0.0,591.6,0,0,24541.15,NSE_bhavcopy
2024-08-16,NIFTY,2024-08-22,24450.0,PE,265.0,87.0,1213478,1349625,24541.15,NSE_bhavcopy
2024-08-16,NIFTY,2024-08-22,26550.0,PE,0.0,1641.3,0,0,24541.15,NSE_bhavcopy
2024-08-16,NIFTY,2024-08-22,26550.0,CE,1.4,0.5,649795,3341050,24541.15,NSE_bhavcopy
2024-08-16,NIFTY,2024-08-22,24600.0,CE,51.1,113.95,2810329,2406725,24541.15,NSE_bhavcopy
2024-08-16,NIFTY,2024-09-12,24000.0,PE,195.9,133.55,2613,24200,24541.15,NSE_bhavcopy
2024-08-16,NIFTY,2024-08-22,24000.0,PE,50.0,18.4,2221712,4291700,24541.15,NSE_bhavcopy
2024-08-16,NIFTY,2024-09-12,25550.0,PE,0.0,1370.55,0,0,24541.15,NSE_bhavcopy
2024-08-16,NIFTY,2024-09-12,23850.0,PE,0.0,239.8,0,25,24541.15,NSE_bhavcopy
2024-08-16,NIFTY,2024-08-22,23150.0,PE,8.8,3.85,149675,266650,24541.15,NSE_bhavcopy
2024-08-16,NIFTY,2024-08-22,24300.0,CE,185.0,316.2,3145737,1455175,24541.15,NSE_bhavcopy
2024-08-16,NIFTY,2024-09-12,25400.0,PE,0.0,1247.5,0,0,24541.15,NSE_bhavcopy
2024-08-16,NIFTY,2024-08-22,24900.0,CE,8.0,19.6,1871805,3680125,24541.15,NSE_bhavcopy
2024-08-16,NIFTY,2024-08-22,25350.0,CE,2.05,1.65,96763,269625,24541.15,NSE_bhavcopy
2024-08-16,NIFTY,2024-08-22,24750.0,PE,420.25,234.0,28958,138875,24541.15,NSE_bhavcopy
2024-08-16,NIFTY,2024-09-12,24300.0,PE,265.25,199.65,361,4550,24541.15,NSE_bhavcopy
2024-08-16,NIFTY,2024-08-22,24350.0,PE,189.5,60.55,1925372,1909200,24541.15,NSE_bhavcopy
2024-08-16,NIFTY,2024-09-12,24350.0,CE,392.6,521.95,246,1600,24541.15,NSE_bhavcopy
2024-08-16,NIFTY,2024-09-12,22850.0,PE,0.0,74.45,0,0,24541.15,NSE_bhavcopy
2024-08-16,NIFTY,2024-08-22,24700.0,CE,35.35,69.6,2222955,2371200,24541.15,NSE_bhavcopy
2024-08-16,NIFTY,2024-08-22,24450.0,CE,109.15,203.05,2041306,643375,24541.15,NSE_bhavcopy
2024-08-16,NIFTY,2024-09-12,24450.0,CE,390.05,412.0,10,300,24541.15,NSE_bhavcopy
2024-08-16,NIFTY,2024-09-12,24300.0,CE,436.0,558.35,375,2400,24541.15,NSE_bhavcopy
2024-08-16,NIFTY,2024-08-22,22650.0,PE,4.5,2.9,37904,117425,24541.15,NSE_bhavcopy
2024-08-16,NIFTY,2024-09-12,22650.0,CE,0.0,1676.4,0,0,24541.15,NSE_bhavcopy
2024-08-16,NIFTY,2024-08-22,22850.0,PE,4.7,3.05,47756,119350,24541.15,NSE_bhavcopy
2024-08-16,NIFTY,2024-09-12,24350.0,PE,316.6,208.55,95,1275,24541.15,NSE_bhavcopy
2024-08-16,NIFTY,2024-08-22,23100.0,PE,7.8,3.6,378821,778025,24541.15,NSE_bhavcopy
2024-08-16,NIFTY,2024-08-22,26450.0,CE,1.2,0.65,9226,73725,24541.15,NSE_bhavcopy
2024-08-16,NIFTY,2024-08-22,25350.0,PE,0.0,723.0,0,0,24541.15,NSE_bhavcopy
2024-08-16,NIFTY,2024-08-22,24750.0,CE,21.0,52.4,1167998,1261575,24541.15,NSE_bhavcopy
2024-08-16,NIFTY,2024-08-22,22400.0,PE,2.8,2.5,225257,826375,24541.15,NSE_bhavcopy
2024-08-16,NIFTY,2024-08-22,24200.0,CE,240.0,400.15,1189920,881350,24541.15,NSE_bhavcopy
2024-08-16,NIFTY,2024-08-22,22850.0,CE,0.0,2131.55,0,0,24541.15,NSE_bhavcopy
2024-08-16,NIFTY,2024-08-22,24700.0,PE,401.05,202.4,166522,570825,24541.15,NSE_bhavcopy
2024-08-16,NIFTY,2024-08-22,23400.0,PE,16.5,5.1,896080,2061075,24541.15,NSE_bhavcopy
2024-08-16,NIFTY,2024-09-12,23800.0,CE,0.0,776.75,0,0,24541.15,NSE_bhavcopy
2024-08-16,NIFTY,2024-08-22,23550.0,PE,21.3,6.6,533209,427225,24541.15,NSE_bhavcopy
2024-08-16,NIFTY,2024-08-22,23550.0,CE,810.0,1027.1,235,8175,24541.15,NSE_bhavcopy
2024-08-16,NIFTY,2024-08-22,25500.0,PE,1129.95,930.85,795,20100,24541.15,NSE_bhavcopy
2024-08-16,NIFTY,2024-09-12,25500.0,CE,32.25,46.65,5775,86525,24541.15,NSE_bhavcopy
2024-08-16,NIFTY,2024-09-12,23850.0,CE,0.0,745.3,0,0,24541.15,NSE_bhavcopy
2024-08-16,NIFTY,2024-08-22,22600.0,CE,1675.1,1675.1,1,700,24541.15,NSE_bhavcopy
2024-08-16,NIFTY,2024-08-22,22600.0,PE,1.65,2.65,176755,380575,24541.15,NSE_bhavcopy
2024-08-16,NIFTY,2024-09-12,22600.0,PE,28.0,28.4,3,450,24541.15,NSE_bhavcopy
2024-08-16,NIFTY,2024-08-22,26500.0,CE,1.1,0.7,232971,1188400,24541.15,NSE_bhavcopy
2024-08-16,NIFTY,2024-09-12,25500.0,PE,0.0,1329.05,0,0,24541.15,NSE_bhavcopy
2024-08-16,NIFTY,2024-08-22,25950.0,CE,1.5,1.0,13436,36275,24541.15,NSE_bhavcopy
2024-08-16,NIFTY,2024-08-22,22750.0,CE,0.0,2226.75,0,0,24541.15,NSE_bhavcopy
2024-08-16,NIFTY,2024-09-12,23250.0,PE,0.0,140.8,0,0,24541.15,NSE_bhavcopy
2024-08-16,NIFTY,2024-08-22,25050.0,CE,5.9,6.7,644789,1032350,24541.15,NSE_bhavcopy
2024-08-16,NIFTY,2024-09-12,23800.0,PE,120.3,99.45,420,5325,24541.15,NSE_bhavcopy
2024-08-16,NIFTY,2024-09-12,23350.0,PE,0.0,143.15,0,0,24541.15,NSE_bhavcopy
2024-08-16,NIFTY,2024-08-22,25300.0,CE,2.5,1.9,691215,1866200,24541.15,NSE_bhavcopy
2024-08-16,NIFTY,2024-09-12,25300.0,PE,0.0,1167.95,0,0,24541.15,NSE_bhavcopy
2024-08-16,NIFTY,2024-09-12,22400.0,PE,24.0,21.6,71,1800,24541.15,NSE_bhavcopy
2024-08-16,NIFTY,2024-08-22,23600.0,PE,17.9,7.2,1115057,1714700,24541.15,NSE_bhavcopy
2024-08-16,NIFTY,2024-09-12,22550.0,PE,0.0,43.4,0,0,24541.15,NSE_bhavcopy
2024-08-16,NIFTY,2024-08-22,22550.0,PE,3.0,2.7,25736,48000,24541.15,NSE_bhavcopy
2024-08-16,NIFTY,2024-08-22,23950.0,PE,49.7,15.6,512103,665450,24541.15,NSE_bhavcopy
2024-08-16,NIFTY,2024-08-22,23950.0,CE,423.05,630.55,19509,64325,24541.15,NSE_bhavcopy
2024-08-16,NIFTY,2024-09-12,25350.0,CE,0.0,150.35,0,0,24541.15,NSE_bhavcopy
2024-08-16,NIFTY,2024-08-22,25600.0,PE,1205.0,1023.3,9,325,24541.15,NSE_bhavcopy
2024-08-16,NIFTY,2024-09-12,25600.0,CE,0.0,107.1,0,0,24541.15,NSE_bhavcopy
2024-08-16,NIFTY,2024-09-12,25600.0,PE,0.0,1412.5,0,0,24541.15,NSE_bhavcopy
2024-08-16,NIFTY,2024-08-22,25600.0,CE,3.0,1.25,151101,656575,24541.15,NSE_bhavcopy
2024-08-16,NIFTY,2024-08-22,25250.0,CE,2.3,2.3,245668,620325,24541.15,NSE_bhavcopy
2024-08-16,NIFTY,2024-08-22,25100.0,CE,3.0,5.0,1350961,2117825,24541.15,NSE_bhavcopy
2024-08-16,NIFTY,2024-08-22,23100.0,CE,1201.0,1460.0,55,2275,24541.15,NSE_bhavcopy
2024-08-16,NIFTY,2024-09-12,24200.0,PE,240.0,171.55,283,4525,24541.15,NSE_bhavcopy
2024-08-16,NIFTY,2024-08-22,24200.0,PE,134.2,35.8,2638250,3270025,24541.15,NSE_bhavcopy
2024-08-16,NIFTY,2024-09-12,23950.0,PE,0.0,351.6,0,0,24541.15,NSE_bhavcopy
2024-08-16,NIFTY,2024-09-12,22700.0,PE,0.0,57.2,0,0,24541.15,NSE_bhavcopy
2024-08-16,NIFTY,2024-09-12,25150.0,PE,0.0,1053.65,0,0,24541.15,NSE_bhavcopy
2024-08-16,NIFTY,2024-09-12,22400.0,CE,0.0,1904.85,0,0,24541.15,NSE_bhavcopy
2024-08-16,NIFTY,2024-08-22,22400.0,CE,0.0,1768.9,0,6225,24541.15,NSE_bhavcopy
2024-08-16,NIFTY,2024-09-12,24600.0,CE,287.05,360.8,458,1725,24541.15,NSE_bhavcopy
2024-08-16,NIFTY,2024-08-22,26100.0,CE,1.45,0.8,39294,264525,24541.15,NSE_bhavcopy
2024-08-16,NIFTY,2024-09-12,25250.0,CE,0.0,171.15,0,0,24541.15,NSE_bhavcopy
2024-08-16,NIFTY,2024-08-22,24850.0,CE,19.9,27.8,1258348,1598225,24541.15,NSE_bhavcopy
2024-08-16,NIFTY,2024-08-22,25750.0,PE,0.0,1800.0,0,0,24541.15,NSE_bhavcopy
2024-08-16,NIFTY,2024-08-22,22650.0,CE,0.0,2322.6,0,0,24541.15,NSE_bhavcopy
2024-08-16,NIFTY,2024-09-12,24100.0,CE,555.4,657.95,23,150,24541.15,NSE_bhavcopy
2024-08-16,NIFTY,2024-08-22,24600.0,PE,301.05,146.45,480024,910825,24541.15,NSE_bhavcopy
2024-08-22,NIFTY,2024-09-12,23550.0,PE,0.0,158.5,0,25,24811.5,NSE_bhavcopy
2024-08-22,NIFTY,2024-08-22,24550.0,CE,275.65,258.25,89773,222025,24811.5,NSE_bhavcopy
2024-08-22,NIFTY,2024-09-12,23900.0,CE,0.0,600.4,0,1000,24811.5,NSE_bhavcopy
2024-08-22,NIFTY,2024-08-22,23900.0,CE,910.0,908.9,1680,62950,24811.5,NSE_bhavcopy
2024-08-22,NIFTY,2024-09-12,24150.0,PE,85.95,62.1,4,1725,24811.5,NSE_bhavcopy
2024-08-22,NIFTY,2024-08-22,24150.0,PE,0.65,0.1,880162,1601025,24811.5,NSE_bhavcopy
2024-08-22,NIFTY,2024-09-12,26300.0,PE,0.0,2037.45,0,0,24811.5,NSE_bhavcopy
2024-08-22,NIFTY,2024-09-12,26300.0,CE,6.35,6.15,102,4500,24811.5,NSE_bhavcopy
2024-08-22,NIFTY,2024-09-12,22350.0,PE,11.0,10.7,2,175,24811.5,NSE_bhavcopy
2024-08-22,NIFTY,2024-09-12,22350.0,CE,0.0,1951.4,0,0,24811.5,NSE_bhavcopy
2024-08-22,NIFTY,2024-08-22,22350.0,CE,0.0,2400.0,0,50,24811.5,NSE_bhavcopy
2024-08-22,NIFTY,2024-09-12,23400.0,PE,0.0,35.0,0,1475,24811.5,NSE_bhavcopy
2024-08-22,NIFTY,2024-08-22,25650.0,PE,827.3,839.95,143,1625,24811.5,NSE_bhavcopy
2024-08-22,NIFTY,2024-09-12,25650.0,PE,0.0,1454.85,0,0,24811.5,NSE_bhavcopy
2024-08-22,NIFTY,2024-08-22,25650.0,CE,0.25,0.05,252137,818725,24811.5,NSE_bhavcopy
2024-08-22,NIFTY,2024-08-22,22500.0,PE,0.2,0.1,117088,916500,24811.5,NSE_bhavcopy
2024-08-22,NIFTY,2024-09-12,22500.0,PE,8.3,7.05,290,11150,24811.5,NSE_bhavcopy
2024-08-22,NIFTY,2024-09-12,23500.0,PE,21.35,17.95,1802,36875,24811.5,NSE_bhavcopy
2024-08-22,NIFTY,2024-08-22,23500.0,CE,1317.0,1310.9,2072,25625,24811.5,NSE_bhavcopy
2024-08-22,NIFTY,2024-08-22,26450.0,PE,0.0,1745.75,0,25,24811.5,NSE_bhavcopy
2024-08-22,NIFTY,2024-08-22,26300.0,PE,0.0,1970.0,0,50,24811.5,NSE_bhavcopy
2024-08-22,NIFTY,2024-08-22,25800.0,CE,0.2,0.05,182087,1022375,24811.5,NSE_bhavcopy
2024-08-22,NIFTY,2024-09-12,25000.0,PE,300.0,297.3,1265,24750,24811.5,NSE_bhavcopy
2024-08-22,NIFTY,2024-08-22,22350.0,PE,0.2,0.05,95641,354525,24811.5,NSE_bhavcopy
2024-08-22,NIFTY,2024-09-12,23650.0,PE,0.0,244.35,0,0,24811.5,NSE_bhavcopy
2024-08-22,NIFTY,2024-08-22,24900.0,PE,100.0,91.45,6872424,1306475,24811.5,NSE_bhavcopy
2024-08-22,NIFTY,2024-09-12,24900.0,PE,258.55,248.35,718,8325,24811.5,NSE_bhavcopy
2024-08-22,NIFTY,2024-09-12,24900.0,CE,290.05,268.15,289,8025,24811.5,NSE_bhavcopy
2024-08-22,NIFTY,2024-09-12,22700.0,CE,0.0,1631.7,0,0,24811.5,NSE_bhavcopy
2024-08-22,NIFTY,2024-09-12,24700.0,CE,403.05,390.6,518,16875,24811.5,NSE_bhavcopy
2024-08-22,NIFTY,2024-09-12,22550.0,CE,0.0,1766.85,0,0,24811.5,NSE_bhavcopy
2024-08-22,NIFTY,2024-08-22,22800.0,PE,0.2,0.05,37170,276400,24811.5,NSE_bhavcopy
2024-08-22,NIFTY,2024-08-22,22800.0,CE,2000.0,2044.1,1365,10025,24811.5,NSE_bhavcopy
2024-08-22,NIFTY,2024-09-12,22800.0,CE,0.0,1543.45,0,0,24811.5,NSE_bhavcopy
2024-08-22,NIFTY,2024-09-12,22800.0,PE,12.0,9.6,350,800,24811.5,NSE_bhavcopy
2024-08-22,NIFTY,2024-09-12,23250.0,CE,0.0,1169.1,0,0,24811.5,NSE_bhavcopy
2024-08-22,NIFTY,2024-09-12,22600.0,CE,0.0,1721.45,0,0,24811.5,NSE_bhavcopy
2024-08-22,NIFTY,2024-08-22,23250.0,PE,0.35,0.05,27710,186700,24811.5,NSE_bhavcopy
2024-08-22,NIFTY,2024-09-12,23250.0,PE,0.0,140.8,0,0,24811.5,NSE_bhavcopy
2024-08-22,NIFTY,2024-08-22,23250.0,CE,0.0,1450.25,0,50,24811.5,NSE_bhavcopy
2024-08-22,NIFTY,2024-08-22,22900.0,CE,1896.0,1851.25,386,3625,24811.5,NSE_bhavcopy
2024-08-22,NIFTY,2024-09-12,22900.0,PE,0.0,81.0,0,0,24811.5,NSE_bhavcopy
2024-08-22,NIFTY,2024-08-22,22900.0,PE,0.25,0.05,64290,770050,24811.5,NSE_bhavcopy
2024-08-22,NIFTY,2024-09-12,22900.0,CE,0.0,1456.9,0,0,24811.5,NSE_bhavcopy
2024-08-22,NIFTY,2024-09-12,24000.0,PE,50.0,41.85,3483,90775,24811.5,NSE_bhavcopy
2024-08-22,NIFTY,2024-08-22,24000.0,PE,0.4,0.1,1646610,4563300,24811.5,NSE_bhavcopy
2024-08-22,NIFTY,2024-08-22,24350.0,CE,423.95,458.8,8064,273050,24811.5,NSE_bhavcopy
2024-08-22,NIFTY,2024-08-22,26250.0,CE,0.65,0.1,8933,59625,24811.5,NSE_bhavcopy
2024-08-22,NIFTY,2024-09-12,26250.0,PE,0.0,1990.95,0,0,24811.5,NSE_bhavcopy
2024-08-22,NIFTY,2024-09-12,23300.0,PE,16.35,14.6,172,5550,24811.5,NSE_bhavcopy
2024-08-22,NIFTY,2024-09-12,23300.0,CE,0.0,1130.15,0,0,24811.5,NSE_bhavcopy
2024-08-22,NIFTY,2024-08-22,24700.0,PE,10.15,0.15,28883881,8451325,24811.5,NSE_bhavcopy
2024-08-22,NIFTY,2024-08-22,23400.0,CE,1425.0,1412.5,95,8925,24811.5,NSE_bhavcopy
2024-08-22,NIFTY,2024-09-12,24800.0,CE,343.4,326.0,1539,20325,24811.5,NSE_bhavcopy
2024-08-22,NIFTY,2024-08-22,23300.0,CE,1500.0,1509.9,54,3475,24811.5,NSE_bhavcopy
2024-08-22,NIFTY,2024-08-22,23300.0,PE,0.4,0.05,49083,678025,24811.5,NSE_bhavcopy
2024-08-22,NIFTY,2024-09-12,26150.0,CE,8.0,11.3,9,1950,24811.5,NSE_bhavcopy
2024-08-22,NIFTY,2024-08-22,25400.0,PE,589.1,590.8,1090,2350,24811.5,NSE_bhavcopy
2024-08-22,NIFTY,2024-08-22,23000.0,PE,0.2,0.05,227365,2365475,24811.5,NSE_bhavcopy
2024-08-22,NIFTY,2024-09-12,24550.0,PE,139.85,127.2,23,900,24811.5,NSE_bhavcopy
2024-08-22,NIFTY,2024-08-22,25500.0,CE,0.2,0.05,1427960,6861850,24811.5,NSE_bhavcopy
2024-08-22,NIFTY,2024-08-22,23850.0,CE,943.45,960.95,319,26450,24811.5,NSE_bhavcopy
2024-08-22,NIFTY,2024-09-12,23400.0,CE,0.0,1054.15,0,0,24811.5,NSE_bhavcopy
2024-08-22,NIFTY,2024-08-22,24250.0,CE,551.4,560.3,4989,371375,24811.5,NSE_bhavcopy
2024-08-22,NIFTY,2024-09-12,24250.0,PE,80.0,65.8,152,3275,24811.5,NSE_bhavcopy
2024-08-22,NIFTY,2024-08-22,24250.0,PE,0.95,0.1,1316787,2350900,24811.5,NSE_bhavcopy
2024-08-22,NIFTY,2024-08-22,22300.0,PE,0.2,0.05,154341,2219300,24811.5,NSE_bhavcopy
2024-08-22,NIFTY,2024-08-22,22300.0,CE,0.0,2504.95,0,100,24811.5,NSE_bhavcopy
2024-08-22,NIFTY,2024-08-22,22450.0,PE,0.5,0.1,56421,107750,24811.5,NSE_bhavcopy
2024-08-22,NIFTY,2024-09-12,23650.0,CE,0.0,875.4,0,0,24811.5,NSE_bhavcopy
2024-08-22,NIFTY,2024-08-22,23650.0,CE,1160.0,1158.15,23,5150,24811.5,NSE_bhavcopy
2024-08-22,NIFTY,2024-08-22,23650.0,PE,0.4,0.05,76686,542900,24811.5,NSE_bhavcopy
2024-08-22,NIFTY,2024-09-12,25800.0,PE,0.0,1584.4,0,0,24811.5,NSE_bhavcopy
2024-08-22,NIFTY,2024-09-12,25800.0,CE,0.0,80.35,0,0,24811.5,NSE_bhavcopy
2024-08-22,NIFTY,2024-09-12,25000.0,CE,230.0,216.45,1719,42225,24811.5,NSE_bhavcopy
2024-08-22,NIFTY,2024-08-22,25000.0,CE,7.0,0.1,17349328,11874300,24811.5,NSE_bhavcopy
2024-08-22,NIFTY,2024-09-12,24050.0,CE,0.0,738.0,0,375,24811.5,NSE_bhavcopy
2024-08-22,NIFTY,2024-09-12,24050.0,PE,0.0,287.75,0,25,24811.5,NSE_bhavcopy
2024-08-22,NIFTY,2024-08-22,22450.0,CE,0.0,2516.05,0,0,24811.5,NSE_bhavcopy
2024-08-22,NIFTY,2024-08-22,24500.0,PE,3.0,0.1,7423311,7430400,24811.5,NSE_bhavcopy
2024-08-22,NIFTY,2024-08-22,22650.0,PE,0.1,0.05,9813,65225,24811.5,NSE_bhavcopy
2024-08-22,NIFTY,2024-09-12,22650.0,CE,0.0,1676.4,0,0,24811.5,NSE_bhavcopy
2024-08-22,NIFTY,2024-09-12,23050.0,PE,12.0,12.0,1,1575,24811.5,NSE_bhavcopy
2024-08-22,NIFTY,2024-09-12,25200.0,CE,133.0,133.6,981,33325,24811.5,NSE_bhavcopy
2024-08-22,NIFTY,2024-09-12,25200.0,PE,396.55,396.55,1,25,24811.5,NSE_bhavcopy
2024-08-22,NIFTY,2024-08-22,25200.0,PE,393.05,390.6,22470,20200,24811.5,NSE_bhavcopy
2024-08-22,NIFTY,2024-08-22,25200.0,CE,0.65,0.1,3783053,6144800,24811.5,NSE_bhavcopy
2024-08-22,NIFTY,2024-08-22,23200.0,CE,1603.8,1605.4,56,2625,24811.5,NSE_bhavcopy
2024-08-22,NIFTY,2024-09-12,23200.0,CE,0.0,1208.6,0,0,24811.5,NSE_bhavcopy
2024-08-22,NIFTY,2024-09-12,23200.0,PE,19.7,17.0,2,1650,24811.5,NSE_bhavcopy
2024-08-22,NIFTY,2024-08-22,24000.0,CE,815.0,810.55,12262,218375,24811.5,NSE_bhavcopy
2024-08-22,NIFTY,2024-08-22,26650.0,CE,0.5,0.1,63126,612125,24811.5,NSE_bhavcopy
2024-08-22,NIFTY,2024-08-22,26650.0,PE,0.0,1834.1,0,25,24811.5,NSE_bhavcopy
2024-08-22,NIFTY,2024-08-22,22600.0,PE,0.1,0.05,28428,172250,24811.5,NSE_bhavcopy
2024-08-22,NIFTY,2024-09-12,22600.0,PE,5.8,11.95,10,375,24811.5,NSE_bhavcopy
2024-08-22,NIFTY,2024-08-22,22600.0,CE,2220.0,2275.15,12,375,24811.5,NSE_bhavcopy
2024-08-22,NIFTY,2024-09-12,23900.0,PE,0.0,331.85,0,0,24811.5,NSE_bhavcopy
2024-08-22,NIFTY,2024-08-22,23900.0,PE,0.45,0.05,442132,1485475,24811.5,NSE_bhavcopy
2024-08-22,NIFTY,2024-08-22,24150.0,CE,661.0,660.1,2990,224600,24811.5,NSE_bhavcopy
2024-08-22,NIFTY,2024-08-22,25300.0,PE,483.8,490.4,5824,6100,24811.5,NSE_bhavcopy
2024-08-22,NIFTY,2024-08-22,26400.0,PE,0.0,1672.1,0,25,24811.5,NSE_bhavcopy
2024-08-22,NIFTY,2024-09-12,26400.0,CE,0.0,6.3,0,125,24811.5,NSE_bhavcopy
2024-08-22,NIFTY,2024-08-22,23000.0,CE,1808.0,1810.25,1358,25775,24811.5,NSE_bhavcopy
2024-08-22,NIFTY,2024-09-12,23000.0,CE,0.0,1372.1,0,0,24811.5,NSE_bhavcopy
2024-08-22,NIFTY,2024-09-12,23550.0,CE,0.0,944.8,0,0,24811.5,NSE_bhavcopy
2024-08-22,NIFTY,2024-09-12,24550.0,CE,486.3,482.3,7,1200,24811.5,NSE_bhavcopy
2024-08-22,NIFTY,2024-09-12,23000.0,PE,12.25,9.9,1376,29850,24811.5,NSE_bhavcopy
2024-08-22,NIFTY,2024-08-22,25550.0,CE,0.3,0.05,291065,636150,24811.5,NSE_bhavcopy
2024-08-22,NIFTY,2024-08-22,25550.0,PE,730.0,744.25,66,225,24811.5,NSE_bhavcopy
2024-08-22,NIFTY,2024-08-22,23800.0,CE,1018.25,1010.2,1040,27975,24811.5,NSE_bhavcopy
2024-08-22,NIFTY,2024-08-22,23350.0,PE,0.4,0.05,15301,207350,24811.5,NSE_bhavcopy
2024-08-22,NIFTY,2024-09-12,23350.0,CE,0.0,1091.85,0,0,24811.5,NSE_bhavcopy
2024-08-22,NIFTY,2024-08-22,23350.0,CE,1463.7,1457.15,3,1525,24811.5,NSE_bhavcopy
2024-08-22,NIFTY,2024-09-12,25350.0,CE,0.0,150.35,0,0,24811.5,NSE_bhavcopy
2024-08-22,NIFTY,2024-08-22,25350.0,CE,0.45,0.05,1489166,2496500,24811.5,NSE_bhavcopy
2024-08-22,NIFTY,2024-08-22,24750.0,PE,29.0,0.2,38461824,7996475,24811.5,NSE_bhavcopy
2024-08-22,NIFTY,2024-09-12,23700.0,CE,0.0,841.8,0,0,24811.5,NSE_bhavcopy
2024-08-22,NIFTY,2024-09-12,23700.0,PE,39.1,24.8,227,4550,24811.5,NSE_bhavcopy
2024-08-22,NIFTY,2024-09-12,24950.0,CE,235.5,244.85,39,725,24811.5,NSE_bhavcopy
2024-08-22,NIFTY,2024-08-22,24950.0,CE,13.0,0.1,18752073,4807000,24811.5,NSE_bhavcopy
2024-08-22,NIFTY,2024-09-12,25850.0,CE,0.0,14.05,0,7375,24811.5,NSE_bhavcopy
2024-08-22,NIFTY,2024-08-22,25850.0,CE,0.2,0.05,92545,517550,24811.5,NSE_bhavcopy
2024-08-22,NIFTY,2024-09-12,25850.0,PE,0.0,1628.3,0,0,24811.5,NSE_bhavcopy
2024-08-22,NIFTY,2024-09-12,25700.0,PE,0.0,1497.65,0,0,24811.5,NSE_bhavcopy
2024-08-22,NIFTY,2024-08-22,25700.0,CE,0.2,0.05,262291,1661200,24811.5,NSE_bhavcopy
2024-08-22,NIFTY,2024-09-12,22450.0,PE,0.0,9.7,0,1275,24811.5,NSE_bhavcopy
2024-08-22,NIFTY,2024-09-12,22450.0,CE,0.0,1858.55,0,0,24811.5,NSE_bhavcopy
2024-08-22,NIFTY,2024-09-12,24500.0,PE,148.0,112.8,1893,46300,24811.5,NSE_bhavcopy
2024-08-22,NIFTY,2024-09-12,25100.0,PE,0.0,1015.25,0,0,24811.5,NSE_bhavcopy
2024-08-22,NIFTY,2024-09-12,24150.0,CE,0.0,645.75,0,100,24811.5,NSE_bhavcopy
2024-08-22,NIFTY,2024-09-12,25300.0,CE,0.0,160.5,0,0,24811.5,NSE_bhavcopy
2024-08-22,NIFTY,2024-08-22,26400.0,CE,0.65,0.05,18602,268050,24811.5,NSE_bhavcopy
2024-08-22,NIFTY,2024-09-12,26400.0,PE,0.0,2131.1,0,0,24811.5,NSE_bhavcopy
2024-08-22,NIFTY,2024-08-22,22250.0,CE,0.0,2477.75,0,50,24811.5,NSE_bhavcopy
2024-08-22,NIFTY,2024-08-22,22250.0,PE,0.15,0.1,313797,3501575,24811.5,NSE_bhavcopy
2024-08-22,NIFTY,2024-08-22,24550.0,PE,5.5,0.1,6619402,2804800,24811.5,NSE_bhavcopy
2024-08-22,NIFTY,2024-09-12,26250.0,CE,0.0,40.05,0,0,24811.5,NSE_bhavcopy
2024-08-22,NIFTY,2024-08-22,26250.0,PE,0.0,1384.05,0,0,24811.5,NSE_bhavcopy
2024-08-22,NIFTY,2024-09-12,25150.0,PE,0.0,1053.65,0,0,24811.5,NSE_bhavcopy
2024-08-22,NIFTY,2024-09-12,22400.0,CE,0.0,1904.85,0,0,24811.5,NSE_bhavcopy
2024-08-22,NIFTY,2024-08-22,22400.0,CE,2493.25,2401.4,2,6250,24811.5,NSE_bhavcopy
2024-08-22,NIFTY,2024-08-22,24450.0,CE,359.75,359.25,22575,163325,24811.5,NSE_bhavcopy
2024-08-22,NIFTY,2024-09-12,24600.0,CE,473.65,457.5,296,4825,24811.5,NSE_bhavcopy
2024-08-22,NIFTY,2024-09-12,23150.0,CE,0.0,1248.65,0,0,24811.5,NSE_bhavcopy
2024-08-22,NIFTY,2024-08-22,23150.0,PE,0.35,0.05,29988,231725,24811.5,NSE_bhavcopy
2024-08-22,NIFTY,2024-09-12,25950.0,CE,0.0,17.0,0,625,24811.5,NSE_bhavcopy
2024-08-22,NIFTY,2024-08-22,22500.0,CE,2325.0,2307.15,13,24525,24811.5,NSE_bhavcopy
2024-08-22,NIFTY,2024-08-22,23800.0,PE,0.45,0.05,405250,1804500,24811.5,NSE_bhavcopy
2024-08-22,NIFTY,2024-09-12,23800.0,PE,37.05,27.65,1053,14775,24811.5,NSE_bhavcopy
2024-08-22,NIFTY,2024-09-12,23350.0,PE,0.0,143.15,0,0,24811.5,NSE_bhavcopy
2024-08-22,NIFTY,2024-09-12,26000.0,PE,0.0,1762.1,0,0,24811.5,NSE_bhavcopy
2024-08-22,NIFTY,2024-09-12,26000.0,CE,11.35,10.65,901,76000,24811.5,NSE_bhavcopy
2024-08-22,NIFTY,2024-08-22,23700.0,PE,0.35,0.05,251715,1074525,24811.5,NSE_bhavcopy
2024-08-22,NIFTY,2024-09-12,22500.0,CE,0.0,1812.55,0,0,24811.5,NSE_bhavcopy
2024-08-22,NIFTY,2024-08-22,26000.0,PE,1195.0,1190.65,336,14550,24811.5,NSE_bhavcopy
2024-08-22,NIFTY,2024-08-22,26000.0,CE,0.2,0.05,297063,2125825,24811.5,NSE_bhavcopy
2024-08-22,NIFTY,2024-08-22,22850.0,CE,0.0,2131.55,0,0,24811.5,NSE_bhavcopy
2024-08-22,NIFTY,2024-08-22,24700.0,CE,156.0,108.95,5015962,1647025,24811.5,NSE_bhavcopy
2024-08-22,NIFTY,2024-09-12,25650.0,CE,87.0,35.9,63,1475,24811.5,NSE_bhavcopy
2024-08-22,NIFTY,2024-09-12,25350.0,PE,0.0,1207.45,0,0,24811.5,NSE_bhavcopy
2024-08-22,NIFTY,2024-08-22,24600.0,PE,5.0,0.1,11520398,6735775,24811.5,NSE_bhavcopy
2024-08-22,NIFTY,2024-08-22,26200.0,PE,0.0,1453.65,0,25,24811.5,NSE_bhavcopy
2024-08-22,NIFTY,2024-09-12,26200.0,CE,33.55,23.55,2,25,24811.5,NSE_bhavcopy
2024-08-22,NIFTY,2024-08-22,26200.0,CE,0.75,0.05,107808,1054750,24811.5,NSE_bhavcopy
2024-08-22,NIFTY,2024-09-12,26050.0,PE,0.0,1807.35,0,0,24811.5,NSE_bhavcopy
2024-08-22,NIFTY,2024-08-22,26700.0,CE,0.15,0.05,157676,1145100,24811.5,NSE_bhavcopy
2024-08-22,NIFTY,2024-08-22,25050.0,CE,4.0,0.1,7272213,6185425,24811.5,NSE_bhavcopy
2024-08-22,NIFTY,2024-08-22,26500.0,CE,0.15,0.05,96545,753600,24811.5,NSE_bhavcopy
2024-08-22,NIFTY,2024-08-22,23050.0,CE,0.0,1943.7,0,0,24811.5,NSE_bhavcopy
2024-08-22,NIFTY,2024-09-12,24400.0,PE,105.0,89.75,3098,59325,24811.5,NSE_bhavcopy
2024-08-22,NIFTY,2024-08-22,25700.0,PE,898.8,892.0,139,1175,24811.5,NSE_bhavcopy
2024-08-22,NIFTY,2024-09-12,22700.0,PE,0.0,57.2,0,0,24811.5,NSE_bhavcopy
2024-08-22,NIFTY,2024-08-22,26300.0,CE,0.15,0.05,102405,848400,24811.5,NSE_bhavcopy
2024-08-22,NIFTY,2024-08-22,23700.0,CE,1108.3,1109.9,322,29250,24811.5,NSE_bhavcopy
2024-08-22,NIFTY,2024-09-12,24950.0,PE,0.0,907.2,0,0,24811.5,NSE_bhavcopy
2024-08-22,NIFTY,2024-09-12,25250.0,PE,0.0,1129.0,0,0,24811.5,NSE_bhavcopy
2024-08-22,NIFTY,2024-08-22,25250.0,PE,435.2,440.1,3778,4325,24811.5,NSE_bhavcopy
2024-08-22,NIFTY,2024-08-22,24850.0,CE,40.4,0.35,61226422,17272750,24811.5,NSE_bhavcopy
2024-08-22,NIFTY,2024-08-22,22950.0,PE,0.4,0.05,13521,95400,24811.5,NSE_bhavcopy
2024-08-22,NIFTY,2024-08-22,26100.0,PE,1326.9,1288.35,2,25,24811.5,NSE_bhavcopy
2024-08-22,NIFTY,2024-09-12,22400.0,PE,8.05,8.05,3,3825,24811.5,NSE_bhavcopy
2024-08-22,NIFTY,2024-08-22,24450.0,PE,1.6,0.1,3314580,4031600,24811.5,NSE_bhavcopy
2024-08-22,NIFTY,2024-09-12,24450.0,PE,0.0,168.15,0,250,24811.5,NSE_bhavcopy
2024-08-22,NIFTY,2024-09-12,24400.0,CE,630.0,597.95,21,2775,24811.5,NSE_bhavcopy
2024-08-22,NIFTY,2024-09-12,22950.0,CE,0.0,1414.25,0,0,24811.5,NSE_bhavcopy
2024-08-22,NIFTY,2024-08-22,24600.0,CE,225.0,209.2,634218,831575,24811.5,NSE_bhavcopy
2024-08-22,NIFTY,2024-09-12,23950.0,PE,0.0,351.6,0,0,24811.5,NSE_bhavcopy
2024-08-22,NIFTY,2024-08-22,25350.0,PE,542.85,538.8,411,1400,24811.5,NSE_bhavcopy
2024-08-22,NIFTY,2024-08-22,24750.0,CE,85.25,58.85,12305185,1823475,24811.5,NSE_bhavcopy
2024-08-22,NIFTY,2024-09-12,23600.0,CE,0.0,909.75,0,0,24811.5,NSE_bhavcopy
2024-08-22,NIFTY,2024-09-12,22550.0,PE,14.95,11.85,3,25,24811.5,NSE_bhavcopy
2024-08-22,NIFTY,2024-08-22,22550.0,PE,0.2,0.05,6696,71000,24811.5,NSE_bhavcopy
2024-08-22,NIFTY,2024-08-22,25050.0,PE,243.6,241.1,74748,22475,24811.5,NSE_bhavcopy
2024-08-22,NIFTY,2024-09-12,24800.0,PE,205.2,206.9,1440,15025,24811.5,NSE_bhavcopy
2024-08-22,NIFTY,2024-08-22,24800.0,CE,65.0,9.55,74191054,26514650,24811.5,NSE_bhavcopy
2024-08-22,NIFTY,2024-09-12,25550.0,PE,0.0,1370.55,0,0,24811.5,NSE_bhavcopy
2024-08-22,NIFTY,2024-09-12,23850.0,PE,0.0,239.8,0,25,24811.5,NSE_bhavcopy
2024-08-22,NIFTY,2024-08-22,23150.0,CE,0.0,1469.35,0,50,24811.5,NSE_bhavcopy
2024-08-22,NIFTY,2024-09-12,23150.0,PE,0.0,22.8,0,1700,24811.5,NSE_bhavcopy
2024-08-22,NIFTY,2024-08-22,23550.0,PE,0.4,0.05,88335,492575,24811.5,NSE_bhavcopy
2024-08-22,NIFTY,2024-08-22,23550.0,CE,1241.8,1253.8,12,14325,24811.5,NSE_bhavcopy
2024-08-22,NIFTY,2024-09-12,25550.0,CE,0.0,114.8,0,0,24811.5,NSE_bhavcopy
2024-08-22,NIFTY,2024-08-22,25600.0,PE,790.0,792.95,47,2625,24811.5,NSE_bhavcopy
2024-08-22,NIFTY,2024-09-12,25600.0,CE,0.0,107.1,0,0,24811.5,NSE_bhavcopy
2024-08-22,NIFTY,2024-08-22,25600.0,CE,0.3,0.05,325796,1100925,24811.5,NSE_bhavcopy
2024-08-22,NIFTY,2024-09-12,25600.0,PE,0.0,1412.5,0,0,24811.5,NSE_bhavcopy
2024-08-22,NIFTY,2024-09-12,23050.0,CE,0.0,1330.45,0,0,24811.5,NSE_bhavcopy
2024-08-22,NIFTY,2024-08-22,23050.0,PE,0.3,0.05,10955,90375,24811.5,NSE_bhavcopy
2024-08-22,NIFTY,2024-08-22,24400.0,PE,1.75,0.1,4191379,6684100,24811.5,NSE_bhavcopy
2024-08-22,NIFTY,2024-08-22,22950.0,CE,0.0,1446.0,0,100,24811.5,NSE_bhavcopy
2024-08-22,NIFTY,2024-08-22,26600.0,PE,1805.0,1805.0,1,75,24811.5,NSE_bhavcopy
2024-08-22,NIFTY,2024-08-22,23100.0,CE,1690.0,1707.6,26,1475,24811.5,NSE_bhavcopy
2024-08-22,NIFTY,2024-08-22,23100.0,PE,0.3,0.05,46198,368875,24811.5,NSE_bhavcopy
2024-08-22,NIFTY,2024-09-12,26450.0,CE,5.85,4.95,448,5750,24811.5,NSE_bhavcopy
2024-08-22,NIFTY,2024-09-12,26450.0,PE,0.0,2178.2,0,0,24811.5,NSE_bhavcopy
2024-08-22,NIFTY,2024-08-22,26450.0,CE,0.2,0.05,12526,105675,24811.5,NSE_bhavcopy
2024-08-22,NIFTY,2024-08-22,24300.0,CE,495.6,508.35,35295,505700,24811.5,NSE_bhavcopy
2024-08-22,NIFTY,2024-09-12,25400.0,PE,0.0,1247.5,0,0,24811.5,NSE_bhavcopy
2024-08-22,NIFTY,2024-08-22,24900.0,CE,24.0,0.15,35959578,10470800,24811.5,NSE_bhavcopy
2024-08-22,NIFTY,2024-08-22,26350.0,CE,0.2,0.05,7498,71750,24811.5,NSE_bhavcopy
2024-08-22,NIFTY,2024-08-22,25100.0,CE,1.45,0.1,6699881,7952100,24811.5,NSE_bhavcopy
2024-08-22,NIFTY,2024-09-12,23750.0,CE,0.0,808.9,0,0,24811.5,NSE_bhavcopy
2024-08-22,NIFTY,2024-08-22,24950.0,PE,140.2,141.15,1215163,449575,24811.5,NSE_bhavcopy
2024-08-22,NIFTY,2024-09-12,25250.0,CE,0.0,171.15,0,0,24811.5,NSE_bhavcopy
2024-08-22,NIFTY,2024-09-12,22850.0,PE,0.0,74.45,0,0,24811.5,NSE_bhavcopy
2024-08-22,NIFTY,2024-09-12,26350.0,PE,0.0,2084.15,0,0,24811.5,NSE_bhavcopy
2024-08-22,NIFTY,2024-09-12,24750.0,PE,219.45,189.2,86,3825,24811.5,NSE_bhavcopy
2024-08-22,NIFTY,2024-09-12,24750.0,CE,366.25,356.95,117,3625,24811.5,NSE_bhavcopy
2024-08-22,NIFTY,2024-08-22,26150.0,CE,0.9,0.1,31169,291225,24811.5,NSE_bhavcopy
2024-08-22,NIFTY,2024-09-12,25150.0,CE,0.0,249.05,0,25,24811.5,NSE_bhavcopy
2024-08-22,NIFTY,2024-09-12,24450.0,CE,0.0,550.55,0,325,24811.5,NSE_bhavcopy
2024-08-22,NIFTY,2024-09-12,25450.0,PE,0.0,1288.05,0,0,24811.5,NSE_bhavcopy
2024-08-22,NIFTY,2024-09-12,25450.0,CE,0.0,131.6,0,0,24811.5,NSE_bhavcopy
2024-08-22,NIFTY,2024-08-22,23600.0,PE,0.3,0.05,275832,942700,24811.5,NSE_bhavcopy
2024-08-22,NIFTY,2024-08-22,22550.0,CE,0.0,2233.1,0,100,24811.5,NSE_bhavcopy
2024-08-22,NIFTY,2024-08-22,25150.0,PE,344.1,340.6,11720,7750,24811.5,NSE_bhavcopy
2024-08-22,NIFTY,2024-08-22,25150.0,CE,1.0,0.1,3885131,8030500,24811.5,NSE_bhavcopy
2024-08-22,NIFTY,2024-08-22,26100.0,CE,0.9,0.05,165635,1135500,24811.5,NSE_bhavcopy
2024-08-22,NIFTY,2024-08-22,25500.0,PE,684.95,692.9,3327,9375,24811.5,NSE_bhavcopy
2024-08-22,NIFTY,2024-09-12,25500.0,CE,59.95,55.6,1710,69150,24811.5,NSE_bhavcopy
2024-08-22,NIFTY,2024-09-12,23850.0,CE,0.0,745.3,0,0,24811.5,NSE_bhavcopy
2024-08-22,NIFTY,2024-09-12,23450.0,CE,0.0,1018.0,0,0,24811.5,NSE_bhavcopy
2024-08-22,NIFTY,2024-09-12,25750.0,PE,0.0,1540.8,0,0,24811.5,NSE_bhavcopy
2024-08-22,NIFTY,2024-09-12,23950.0,CE,0.0,684.75,0,0,24811.5,NSE_bhavcopy
2024-08-22,NIFTY,2024-08-22,22400.0,PE,0.15,0.05,55320,570575,24811.5,NSE_bhavcopy
2024-08-22,NIFTY,2024-09-12,26500.0,CE,11.1,4.75,216,3225,24811.5,NSE_bhavcopy
2024-08-22,NIFTY,2024-09-12,26500.0,PE,0.0,2225.5,0,0,24811.5,NSE_bhavcopy
2024-08-22,NIFTY,2024-08-22,26500.0,PE,0.0,1965.0,0,75,24811.5,NSE_bhavcopy
2024-08-22,NIFTY,2024-08-22,23500.0,PE,0.3,0.05,621142,3244600,24811.5,NSE_bhavcopy
2024-08-22,NIFTY,2024-09-12,24850.0,CE,310.0,297.55,368,3650,24811.5,NSE_bhavcopy
2024-08-22,NIFTY,2024-08-22,24850.0,PE,68.15,41.6,22550216,3847075,24811.5,NSE_bhavcopy
2024-08-22,NIFTY,2024-08-22,24050.0,PE,0.55,0.1,754871,1596700,24811.5,NSE_bhavcopy
2024-08-22,NIFTY,2024-08-22,26750.0,CE,0.2,0.05,148343,1820400,24811.5,NSE_bhavcopy
2024-08-22,NIFTY,2024-09-12,22750.0,CE,0.0,1587.4,0,0,24811.5,NSE_bhavcopy
2024-08-22,NIFTY,2024-08-22,25950.0,CE,0.25,0.1,65874,129100,24811.5,NSE_bhavcopy
2024-08-22,NIFTY,2024-08-22,23200.0,PE,0.3,0.05,85206,670625,24811.5,NSE_bhavcopy
2024-08-22,NIFTY,2024-09-12,24650.0,PE,170.0,161.95,30,2275,24811.5,NSE_bhavcopy
2024-08-22,NIFTY,2024-09-12,22750.0,PE,10.0,12.0,16,475,24811.5,NSE_bhavcopy
2024-08-22,NIFTY,2024-08-22,22750.0,CE,2105.8,2046.4,2,225,24811.5,NSE_bhavcopy
2024-08-22,NIFTY,2024-08-22,26600.0,CE,0.5,0.05,78318,279075,24811.5,NSE_bhavcopy
2024-08-22,NIFTY,2024-09-12,24200.0,CE,790.85,795.25,53,1975,24811.5,NSE_bhavcopy
2024-08-22,NIFTY,2024-09-12,22850.0,CE,0.0,1499.95,0,0,24811.5,NSE_bhavcopy
2024-08-22,NIFTY,2024-08-22,23450.0,PE,0.45,0.05,33238,260675,24811.5,NSE_bhavcopy
2024-08-22,NIFTY,2024-09-12,23450.0,PE,24.0,24.0,1,25,24811.5,NSE_bhavcopy
2024-08-22,NIFTY,2024-08-22,23450.0,CE,1378.25,1378.25,2,2400,24811.5,NSE_bhavcopy
2024-08-22,NIFTY,2024-08-22,22700.0,CE,2120.0,2069.85,44,675,24811.5,NSE_bhavcopy
2024-08-22,NIFTY,2024-08-22,22700.0,PE,0.25,0.1,32913,462850,24811.5,NSE_bhavcopy
2024-08-22,NIFTY,2024-09-12,23750.0,PE,0.0,277.15,0,0,24811.5,NSE_bhavcopy
2024-08-22,NIFTY,2024-08-22,25250.0,CE,0.65,0.1,1851388,2151150,24811.5,NSE_bhavcopy
2024-08-22,NIFTY,2024-09-12,24850.0,PE,244.4,226.2,37,625,24811.5,NSE_bhavcopy
2024-08-22,NIFTY,2024-08-22,23750.0,PE,0.4,0.05,108275,439200,24811.5,NSE_bhavcopy
2024-08-22,NIFTY,2024-08-22,23750.0,CE,1069.65,1060.45,37,8125,24811.5,NSE_bhavcopy
2024-08-22,NIFTY,2024-08-22,25850.0,PE,1019.25,1043.6,4,50,24811.5,NSE_bhavcopy
2024-08-22,NIFTY,2024-09-12,25700.0,CE,29.25,28.5,416,13150,24811.5,NSE_bhavcopy
2024-08-22,NIFTY,2024-09-12,24100.0,CE,0.0,771.65,0,875,24811.5,NSE_bhavcopy
2024-08-22,NIFTY,2024-09-12,25950.0,PE,0.0,1717.2,0,0,24811.5,NSE_bhavcopy
2024-08-22,NIFTY,2024-08-22,25950.0,PE,0.0,1592.35,0,0,24811.5,NSE_bhavcopy
2024-08-22,NIFTY,2024-09-12,23500.0,CE,0.0,1320.0,0,725,24811.5,NSE_bhavcopy
2024-08-22,NIFTY,2024-09-12,25100.0,CE,290.0,174.55,36,500,24811.5,NSE_bhavcopy
2024-08-22,NIFTY,2024-08-22,25100.0,PE,325.0,290.5,71013,26350,24811.5,NSE_bhavcopy
2024-08-22,NIFTY,2024-09-12,25050.0,CE,200.05,193.05,207,3775,24811.5,NSE_bhavcopy
2024-08-22,NIFTY,2024-08-22,24350.0,PE,1.05,0.1,2045536,2971675,24811.5,NSE_bhavcopy
2024-08-22,NIFTY,2024-09-12,22950.0,PE,0.0,72.25,0,25,24811.5,NSE_bhavcopy
2024-08-22,NIFTY,2024-09-12,24600.0,PE,131.45,138.6,487,10775,24811.5,NSE_bhavcopy
2024-08-22,NIFTY,2024-08-22,24650.0,CE,164.4,158.9,803054,603450,24811.5,NSE_bhavcopy
2024-08-22,NIFTY,2024-09-12,24650.0,CE,399.5,420.45,29,1050,24811.5,NSE_bhavcopy
2024-08-22,NIFTY,2024-08-22,24100.0,CE,708.2,709.7,11785,205450,24811.5,NSE_bhavcopy
2024-08-22,NIFTY,2024-08-22,22750.0,PE,0.25,0.05,18446,145100,24811.5,NSE_bhavcopy
2024-08-22,NIFTY,2024-09-12,24700.0,PE,180.0,170.1,899,15025,24811.5,NSE_bhavcopy
2024-08-22,NIFTY,2024-08-22,23400.0,PE,0.4,0.05,65353,850125,24811.5,NSE_bhavcopy
2024-08-22,NIFTY,2024-09-12,24250.0,CE,0.0,686.05,0,675,24811.5,NSE_bhavcopy
2024-08-22,NIFTY,2024-08-22,25450.0,CE,0.3,0.05,489442,975250,24811.5,NSE_bhavcopy
2024-08-22,NIFTY,2024-08-22,25450.0,PE,651.4,639.95,343,2500,24811.5,NSE_bhavcopy
2024-08-22,NIFTY,2024-09-12,26050.0,CE,44.2,10.6,16,2375,24811.5,NSE_bhavcopy
2024-08-22,NIFTY,2024-09-12,25750.0,CE,0.0,86.45,0,0,24811.5,NSE_bhavcopy
2024-08-22,NIFTY,2024-09-12,22650.0,PE,0.0,52.25,0,0,24811.5,NSE_bhavcopy
2024-08-22,NIFTY,2024-09-12,24100.0,PE,62.8,48.05,538,7975,24811.5,NSE_bhavcopy
2024-08-22,NIFTY,2024-08-22,24100.0,PE,0.75,0.1,1035447,2898525,24811.5,NSE_bhavcopy
2024-08-22,NIFTY,2024-09-12,24300.0,CE,700.0,676.85,8,1350,24811.5,NSE_bhavcopy
2024-08-22,NIFTY,2024-09-12,23100.0,PE,15.0,12.0,3,1325,24811.5,NSE_bhavcopy
2024-08-22,NIFTY,2024-09-12,23600.0,PE,33.0,20.1,107,3450,24811.5,NSE_bhavcopy
2024-08-22,NIFTY,2024-08-22,23600.0,CE,1209.0,1208.2,1428,15275,24811.5,NSE_bhavcopy
2024-08-22,NIFTY,2024-08-22,25750.0,CE,0.2,0.1,103046,472150,24811.5,NSE_bhavcopy
2024-08-22,NIFTY,2024-08-22,25750.0,PE,0.0,1046.3,0,25,24811.5,NSE_bhavcopy
2024-08-22,NIFTY,2024-08-22,22650.0,CE,0.0,2043.0,0,200,24811.5,NSE_bhavcopy
2024-08-22,NIFTY,2024-09-12,23800.0,CE,0.0,776.75,0,0,24811.5,NSE_bhavcopy
2024-08-22,NIFTY,2024-08-22,24200.0,CE,612.8,608.65,26411,182875,24811.5,NSE_bhavcopy
2024-08-22,NIFTY,2024-08-22,24800.0,PE,44.2,1.25,88283430,28307450,24811.5,NSE_bhavcopy
2024-08-22,NIFTY,2024-09-12,26100.0,PE,0.0,1852.85,0,0,24811.5,NSE_bhavcopy
2024-08-22,NIFTY,2024-09-12,24300.0,PE,92.0,72.6,1173,22025,24811.5,NSE_bhavcopy
2024-08-22,NIFTY,2024-08-22,24300.0,PE,1.0,0.1,2911379,4689100,24811.5,NSE_bhavcopy
2024-08-22,NIFTY,2024-08-22,25400.0,CE,0.35,0.05,2228966,4867000,24811.5,NSE_bhavcopy
2024-08-22,NIFTY,2024-09-12,25400.0,CE,80.0,76.0,998,19750,24811.5,NSE_bhavcopy
2024-08-22,NIFTY,2024-09-12,24350.0,CE,0.0,626.35,0,1575,24811.5,NSE_bhavcopy
2024-08-22,NIFTY,2024-09-12,23100.0,CE,0.0,1289.3,0,0,24811.5,NSE_bhavcopy
2024-08-22,NIFTY,2024-09-12,24000.0,CE,946.6,926.05,46,2175,24811.5,NSE_bhavcopy
2024-08-22,NIFTY,2024-09-12,26150.0,PE,0.0,1898.6,0,0,24811.5,NSE_bhavcopy
2024-08-22,NIFTY,2024-08-22,26150.0,PE,0.0,1301.7,0,0,24811.5,NSE_bhavcopy
2024-08-22,NIFTY,2024-09-12,26200.0,PE,0.0,1944.65,0,0,24811.5,NSE_bhavcopy
2024-08-22,NIFTY,2024-08-22,26750.0,PE,0.0,2042.95,0,25,24811.5,NSE_bhavcopy
2024-08-22,NIFTY,2024-08-22,24050.0,CE,758.7,757.4,982,119525,24811.5,NSE_bhavcopy
2024-08-22,NIFTY,2024-08-22,24400.0,CE,400.0,408.6,41755,601400,24811.5,NSE_bhavcopy
2024-08-22,NIFTY,2024-08-22,26550.0,PE,0.0,1641.3,0,0,24811.5,NSE_bhavcopy
2024-08-22,NIFTY,2024-08-22,26550.0,CE,0.15,0.05,88780,1043475,24811.5,NSE_bhavcopy
2024-08-22,NIFTY,2024-08-22,25300.0,CE,0.4,0.1,2884624,8881150,24811.5,NSE_bhavcopy
2024-08-22,NIFTY,2024-09-12,25300.0,PE,0.0,1167.95,0,0,24811.5,NSE_bhavcopy
2024-08-22,NIFTY,2024-08-22,24500.0,CE,276.45,309.5,219424,444100,24811.5,NSE_bhavcopy
2024-08-22,NIFTY,2024-09-12,24500.0,CE,554.45,526.1,317,6625,24811.5,NSE_bhavcopy
2024-08-22,NIFTY,2024-08-22,23950.0,PE,0.5,0.1,330141,991475,24811.5,NSE_bhavcopy
2024-08-22,NIFTY,2024-08-22,23950.0,CE,845.65,859.65,192,59625,24811.5,NSE_bhavcopy
2024-08-22,NIFTY,2024-08-22,25900.0,PE,1118.6,1092.5,7,225,24811.5,NSE_bhavcopy
2024-08-22,NIFTY,2024-08-22,25900.0,CE,0.25,0.05,230372,530350,24811.5,NSE_bhavcopy
2024-08-22,NIFTY,2024-09-12,25900.0,CE,0.0,69.25,0,0,24811.5,NSE_bhavcopy
2024-08-22,NIFTY,2024-09-12,25900.0,PE,0.0,1672.6,0,0,24811.5,NSE_bhavcopy
2024-08-22,NIFTY,2024-09-12,24350.0,PE,99.25,80.7,37,1925,24811.5,NSE_bhavcopy
2024-08-22,NIFTY,2024-09-12,26100.0,CE,9.9,8.55,354,12575,24811.5,NSE_bhavcopy
2024-08-22,NIFTY,2024-08-22,23850.0,PE,0.5,0.05,227941,685775,24811.5,NSE_bhavcopy
2024-08-22,NIFTY,2024-08-22,22850.0,PE,0.3,0.05,18497,103325,24811.5,NSE_bhavcopy
2024-08-22,NIFTY,2024-08-22,25000.0,PE,200.0,191.35,995194,436800,24811.5,NSE_bhavcopy
2024-08-22,NIFTY,2024-08-22,25800.0,PE,1007.8,992.9,87,1350,24811.5,NSE_bhavcopy
2024-08-22,NIFTY,2024-08-22,26350.0,PE,0.0,1468.2,0,0,24811.5,NSE_bhavcopy
2024-08-22,NIFTY,2024-09-12,26350.0,CE,0.0,33.95,0,0,24811.5,NSE_bhavcopy
2024-08-22,NIFTY,2024-08-22,24650.0,PE,9.4,0.15,14548220,4655150,24811.5,NSE_bhavcopy
2024-08-22,NIFTY,2024-09-12,25500.0,PE,0.0,1329.05,0,0,24811.5,NSE_bhavcopy
2024-08-22,NIFTY,2024-09-12,24200.0,PE,73.0,59.6,2185,48350,24811.5,NSE_bhavcopy
2024-08-22,NIFTY,2024-08-22,24200.0,PE,0.9,0.1,2254835,5193425,24811.5,NSE_bhavcopy
2024-08-22,NIFTY,2024-08-22,26050.0,CE,0.25,0.05,70229,597225,24811.5,NSE_bhavcopy
2024-08-22,NIFTY,2024-08-22,26700.0,PE,1920.9,1896.0,18,125,24811.5,NSE_bhavcopy
2024-08-22,NIFTY,2024-08-22,26050.0,PE,0.0,1344.6,0,25,24811.5,NSE_bhavcopy
2024-08-22,NIFTY,2024-09-12,25050.0,PE,0.0,978.6,0,0,24811.5,NSE_bhavcopy
2024-08-30,NIFTY,2024-09-05,25800.0,CE,5.2,4.15,1117214,4082850,25235.9,NSE_bhavcopy
2024-08-30,NIFTY,2024-09-05,25800.0,PE,573.7,498.85,3339,11425,25235.9,NSE_bhavcopy
2024-08-30,NIFTY,2024-09-05,25000.0,CE,300.05,334.15,377210,1582750,25235.9,NSE_bhavcopy
2024-08-30,NIFTY,2024-09-05,26400.0,CE,1.25,1.15,148621,562700,25235.9,NSE_bhavcopy
2024-08-30,NIFTY,2024-09-26,26400.0,CE,21.0,21.55,20589,221800,25235.9,NSE_bhavcopy
2024-08-30,NIFTY,2024-09-26,29000.0,CE,2.75,2.8,8349,663625,25235.9,NSE_bhavcopy
2024-08-30,NIFTY,2024-09-05,26000.0,CE,2.0,2.0,887513,6526175,25235.9,NSE_bhavcopy
2024-08-30,NIFTY,2024-09-05,26000.0,PE,759.9,698.3,6420,51050,25235.9,NSE_bhavcopy
2024-08-30,NIFTY,2024-09-26,23300.0,PE,26.8,23.75,8403,257700,25235.9,NSE_bhavcopy
2024-08-30,NIFTY,2024-09-05,23300.0,PE,2.45,2.35,71092,188325,25235.9,NSE_bhavcopy
2024-08-30,NIFTY,2024-09-26,24700.0,PE,135.0,117.8,30575,772650,25235.9,NSE_bhavcopy
2024-08-30,NIFTY,2024-09-26,23400.0,CE,1914.95,2017.4,59,4825,25235.9,NSE_bhavcopy
2024-08-30,NIFTY,2024-09-05,26650.0,PE,0.0,1544.15,0,0,25235.9,NSE_bhavcopy
2024-08-30,NIFTY,2024-09-26,26650.0,PE,0.0,2307.75,0,0,25235.9,NSE_bhavcopy
2024-08-30,NIFTY,2024-09-05,26650.0,CE,1.4,0.8,96218,228075,25235.9,NSE_bhavcopy
2024-08-30,NIFTY,2024-09-26,26650.0,CE,10.5,11.35,1465,10375,25235.9,NSE_bhavcopy
2024-08-30,NIFTY,2024-09-26,23250.0,CE,0.0,1813.65,0,50,25235.9,NSE_bhavcopy
2024-08-30,NIFTY,2024-09-26,23250.0,PE,28.8,22.95,347,4525,25235.9,NSE_bhavcopy
2024-08-30,NIFTY,2024-09-26,22600.0,PE,14.1,15.4,4458,208625,25235.9,NSE_bhavcopy
2024-08-30,NIFTY,2024-09-05,22600.0,CE,2620.9,2620.9,1,450,25235.9,NSE_bhavcopy
2024-08-30,NIFTY,2024-09-05,22600.0,PE,1.95,1.95,52576,60550,25235.9,NSE_bhavcopy
2024-08-30,NIFTY,2024-09-05,25700.0,CE,14.1,8.45,1148543,4403125,25235.9,NSE_bhavcopy
2024-08-30,NIFTY,2024-09-05,25700.0,PE,501.35,406.0,11949,57175,25235.9,NSE_bhavcopy
2024-08-30,NIFTY,2024-09-26,24450.0,PE,100.4,82.8,1977,43200,25235.9,NSE_bhavcopy
2024-08-30,NIFTY,2024-09-26,29000.0,PE,3633.4,3581.55,5489,32650,25235.9,NSE_bhavcopy
2024-08-30,NIFTY,2024-09-26,17000.0,CE,0.0,8263.95,0,50,25235.9,NSE_bhavcopy
2024-08-30,NIFTY,2024-09-26,23700.0,PE,36.95,33.2,19316,524625,25235.9,NSE_bhavcopy
2024-08-30,NIFTY,2024-09-26,23700.0,CE,1662.1,1734.7,13,9050,25235.9,NSE_bhavcopy
2024-08-30,NIFTY,2024-09-26,24800.0,PE,174.95,138.15,53204,2096100,25235.9,NSE_bhavcopy
2024-08-30,NIFTY,2024-09-26,24800.0,CE,670.0,711.45,5414,586900,25235.9,NSE_bhavcopy
2024-08-30,NIFTY,2024-09-05,24800.0,CE,459.0,518.05,23976,567100,25235.9,NSE_bhavcopy
2024-08-30,NIFTY,2024-09-26,23600.0,PE,30.5,29.95,17984,410200,25235.9,NSE_bhavcopy
2024-08-30,NIFTY,2024-09-05,22800.0,CE,0.0,2340.0,0,100,25235.9,NSE_bhavcopy
2024-08-30,NIFTY,2024-09-26,22800.0,PE,17.45,17.95,6047,243250,25235.9,NSE_bhavcopy
2024-08-30,NIFTY,2024-09-05,22550.0,CE,0.0,2624.55,0,0,25235.9,NSE_bhavcopy
2024-08-30,NIFTY,2024-09-05,22550.0,PE,1.8,2.05,41414,40275,25235.9,NSE_bhavcopy
2024-08-30,NIFTY,2024-09-26,22550.0,PE,9.15,16.0,69,6125,25235.9,NSE_bhavcopy
2024-08-30,NIFTY,2024-09-05,25750.0,PE,505.25,451.15,1928,8775,25235.9,NSE_bhavcopy
2024-08-30,NIFTY,2024-09-26,22650.0,PE,15.05,17.1,134,2325,25235.9,NSE_bhavcopy
2024-08-30,NIFTY,2024-09-05,22650.0,CE,0.0,2527.1,0,0,25235.9,NSE_bhavcopy
2024-08-30,NIFTY,2024-09-05,22650.0,PE,1.8,2.05,48952,64475,25235.9,NSE_bhavcopy
2024-08-30,NIFTY,2024-09-26,19000.0,CE,6263.2,6300.45,23,123125,25235.9,NSE_bhavcopy
2024-08-30,NIFTY,2024-09-26,19000.0,PE,5.0,4.35,5429,276125,25235.9,NSE_bhavcopy
2024-08-30,NIFTY,2024-09-26,23050.0,CE,0.0,2242.6,0,250,25235.9,NSE_bhavcopy
2024-08-30,NIFTY,2024-09-05,26350.0,CE,1.2,1.2,48610,156600,25235.9,NSE_bhavcopy
2024-08-30,NIFTY,2024-09-26,26350.0,CE,0.0,232.85,0,0,25235.9,NSE_bhavcopy
2024-08-30,NIFTY,2024-09-26,23550.0,CE,0.0,1700.0,0,2600,25235.9,NSE_bhavcopy
2024-08-30,NIFTY,2024-09-26,24550.0,PE,109.75,95.1,2321,45175,25235.9,NSE_bhavcopy
2024-08-30,NIFTY,2024-09-26,23000.0,CE,2300.0,2366.05,2097,715800,25235.9,NSE_bhavcopy
2024-08-30,NIFTY,2024-09-26,23000.0,PE,20.0,20.65,50025,3898175,25235.9,NSE_bhavcopy
2024-08-30,NIFTY,2024-09-05,23000.0,CE,2255.0,2304.2,139,37575,25235.9,NSE_bhavcopy
2024-08-30,NIFTY,2024-09-26,24150.0,PE,60.9,55.4,1412,22525,25235.9,NSE_bhavcopy
2024-08-30,NIFTY,2024-09-05,25300.0,CE,101.1,119.15,2902387,2922100,25235.9,NSE_bhavcopy
2024-08-30,NIFTY,2024-09-05,26400.0,PE,1143.45,1139.45,2,0,25235.9,NSE_bhavcopy
2024-08-30,NIFTY,2024-09-05,24850.0,CE,376.15,469.4,8339,42175,25235.9,NSE_bhavcopy
2024-08-30,NIFTY,2024-09-26,26200.0,CE,36.7,39.5,39885,1178050,25235.9,NSE_bhavcopy
2024-08-30,NIFTY,2024-09-05,26200.0,PE,925.0,885.65,133,1175,25235.9,NSE_bhavcopy
2024-08-30,NIFTY,2024-09-05,26200.0,CE,1.7,1.35,210114,1079850,25235.9,NSE_bhavcopy
2024-08-30,NIFTY,2024-09-26,26200.0,PE,974.35,860.3,92,1575,25235.9,NSE_bhavcopy
2024-08-30,NIFTY,2024-09-26,18000.0,PE,4.35,4.0,421,47500,25235.9,NSE_bhavcopy
2024-08-30,NIFTY,2024-09-26,23900.0,CE,1475.0,1488.0,11,9675,25235.9,NSE_bhavcopy
2024-08-30,NIFTY,2024-09-26,23400.0,PE,27.3,26.35,15359,481975,25235.9,NSE_bhavcopy
2024-08-30,NIFTY,2024-09-05,24450.0,CE,809.95,866.5,135,12900,25235.9,NSE_bhavcopy
2024-08-30,NIFTY,2024-09-26,24450.0,CE,957.45,1005.9,10,6550,25235.9,NSE_bhavcopy
2024-08-30,NIFTY,2024-09-05,25600.0,CE,19.0,18.6,1355205,3319125,25235.9,NSE_bhavcopy
2024-08-30,NIFTY,2024-09-05,25600.0,PE,400.0,314.45,39067,96925,25235.9,NSE_bhavcopy
2024-08-30,NIFTY,2024-09-26,25600.0,CE,189.0,200.65,21405,488725,25235.9,NSE_bhavcopy
2024-08-30,NIFTY,2024-09-26,25600.0,PE,476.05,420.5,3804,43125,25235.9,NSE_bhavcopy
2024-08-30,NIFTY,2024-09-26,24100.0,CE,1224.3,1312.55,142,36675,25235.9,NSE_bhavcopy
2024-08-30,NIFTY,2024-09-26,22250.0,CE,3089.35,3034.4,2,19450,25235.9,NSE_bhavcopy
2024-08-30,NIFTY,2024-09-05,24550.0,PE,13.0,7.95,227312,860550,25235.9,NSE_bhavcopy
2024-08-30,NIFTY,2024-09-05,24550.0,CE,670.05,761.5,361,7500,25235.9,NSE_bhavcopy
2024-08-30,NIFTY,2024-09-26,23550.0,PE,28.7,28.95,750,16475,25235.9,NSE_bhavcopy
2024-08-30,NIFTY,2024-09-05,23550.0,CE,0.0,1610.6,0,50,25235.9,NSE_bhavcopy
2024-08-30,NIFTY,2024-09-26,25550.0,PE,452.45,391.85,1513,10375,25235.9,NSE_bhavcopy
2024-08-30,NIFTY,2024-09-26,26250.0,PE,0.0,1288.0,0,125,25235.9,NSE_bhavcopy
2024-08-30,NIFTY,2024-09-05,26250.0,PE,0.0,1212.2,0,0,25235.9,NSE_bhavcopy
2024-08-30,NIFTY,2024-09-05,22500.0,CE,2750.0,2807.8,76,1100,25235.9,NSE_bhavcopy
2024-08-30,NIFTY,2024-09-05,23800.0,PE,2.55,3.15,250407,1181100,25235.9,NSE_bhavcopy
2024-08-30,NIFTY,2024-09-26,22250.0,PE,9.1,12.9,392,10800,25235.9,NSE_bhavcopy
2024-08-30,NIFTY,2024-09-05,23550.0,PE,2.85,2.55,21456,57400,25235.9,NSE_bhavcopy
2024-08-30,NIFTY,2024-09-26,23350.0,CE,0.0,1876.0,0,25,25235.9,NSE_bhavcopy
2024-08-30,NIFTY,2024-09-26,23350.0,PE,28.0,25.55,62,2400,25235.9,NSE_bhavcopy
2024-08-30,NIFTY,2024-09-26,26000.0,PE,784.1,688.55,14416,722725,25235.9,NSE_bhavcopy
2024-08-30,NIFTY,2024-09-26,26000.0,CE,100.0,73.6,161636,3545950,25235.9,NSE_bhavcopy
2024-08-30,NIFTY,2024-09-05,23500.0,CE,1760.0,1790.0,35,51275,25235.9,NSE_bhavcopy
2024-08-30,NIFTY,2024-09-05,23300.0,CE,2000.0,2000.0,4,2500,25235.9,NSE_bhavcopy
2024-08-30,NIFTY,2024-09-26,23300.0,CE,2025.0,2040.55,8,8625,25235.9,NSE_bhavcopy
2024-08-30,NIFTY,2024-09-26,22850.0,CE,0.0,2186.6,0,125,25235.9,NSE_bhavcopy
2024-08-30,NIFTY,2024-09-26,26300.0,CE,25.0,28.95,31425,594275,25235.9,NSE_bhavcopy
2024-08-30,NIFTY,2024-09-26,24700.0,CE,733.0,793.75,1960,222250,25235.9,NSE_bhavcopy
2024-08-30,NIFTY,2024-09-05,23400.0,CE,1895.0,1895.0,3,5250,25235.9,NSE_bhavcopy
2024-08-30,NIFTY,2024-09-05,24700.0,CE,535.65,618.1,4153,264200,25235.9,NSE_bhavcopy
2024-08-30,NIFTY,2024-09-05,24250.0,PE,7.5,5.1,291128,969925,25235.9,NSE_bhavcopy
2024-08-30,NIFTY,2024-09-26,24250.0,PE,71.0,62.55,2906,46850,25235.9,NSE_bhavcopy
2024-08-30,NIFTY,2024-09-05,24250.0,CE,989.55,1045.05,173,2175,25235.9,NSE_bhavcopy
2024-08-30,NIFTY,2024-09-26,24250.0,CE,1125.0,1189.95,51,7150,25235.9,NSE_bhavcopy
2024-08-30,NIFTY,2024-09-05,25450.0,CE,48.95,53.35,872833,1082575,25235.9,NSE_bhavcopy
2024-08-30,NIFTY,2024-09-26,25450.0,CE,253.5,271.5,1797,38825,25235.9,NSE_bhavcopy
2024-08-30,NIFTY,2024-09-05,23650.0,PE,2.75,2.75,28205,91600,25235.9,NSE_bhavcopy
2024-08-30,NIFTY,2024-09-05,23700.0,CE,1557.85,1545.45,4,4400,25235.9,NSE_bhavcopy
2024-08-30,NIFTY,2024-09-05,23700.0,PE,2.05,2.8,138811,727850,25235.9,NSE_bhavcopy
2024-08-30,NIFTY,2024-09-26,23750.0,CE,0.0,1432.55,0,775,25235.9,NSE_bhavcopy
2024-08-30,NIFTY,2024-09-26,23750.0,PE,36.0,34.7,1716,43950,25235.9,NSE_bhavcopy
2024-08-30,NIFTY,2024-09-26,24950.0,CE,543.0,600.55,734,31450,25235.9,NSE_bhavcopy
2024-08-30,NIFTY,2024-09-05,24800.0,PE,21.9,14.75,712562,3720200,25235.9,NSE_bhavcopy
2024-08-30,NIFTY,2024-09-26,25750.0,PE,584.65,509.75,190,3000,25235.9,NSE_bhavcopy
2024-08-30,NIFTY,2024-09-26,22750.0,CE,0.0,1850.0,0,125,25235.9,NSE_bhavcopy
2024-08-30,NIFTY,2024-09-26,23950.0,PE,47.65,43.45,4895,84250,25235.9,NSE_bhavcopy
2024-08-30,NIFTY,2024-09-26,24050.0,PE,56.85,48.75,2738,59700,25235.9,NSE_bhavcopy
2024-08-30,NIFTY,2024-09-26,16000.0,PE,4.05,3.8,3837,432600,25235.9,NSE_bhavcopy
2024-08-30,NIFTY,2024-09-26,16000.0,CE,9240.0,9292.05,770,471825,25235.9,NSE_bhavcopy
2024-08-30,NIFTY,2024-09-26,22300.0,CE,2987.3,2987.3,2,4600,25235.9,NSE_bhavcopy
2024-08-30,NIFTY,2024-09-26,22300.0,PE,13.25,13.25,6259,250975,25235.9,NSE_bhavcopy
2024-08-30,NIFTY,2024-09-26,22450.0,CE,0.0,2562.5,0,150,25235.9,NSE_bhavcopy
2024-08-30,NIFTY,2024-09-05,24500.0,PE,9.8,7.4,588044,4044800,25235.9,NSE_bhavcopy
2024-08-30,NIFTY,2024-09-26,24500.0,PE,108.35,89.0,110130,3742800,25235.9,NSE_bhavcopy
2024-08-30,NIFTY,2024-09-05,25200.0,PE,120.5,80.2,3585405,5462150,25235.9,NSE_bhavcopy
2024-08-30,NIFTY,2024-09-26,25200.0,CE,391.5,419.6,85655,1565950,25235.9,NSE_bhavcopy
2024-08-30,NIFTY,2024-09-26,25200.0,PE,250.0,242.55,98152,1901250,25235.9,NSE_bhavcopy
2024-08-30,NIFTY,2024-09-05,25200.0,CE,158.0,180.65,2933924,2955725,25235.9,NSE_bhavcopy
2024-08-30,NIFTY,2024-09-26,23200.0,PE,21.7,22.15,6924,265675,25235.9,NSE_bhavcopy
2024-08-30,NIFTY,2024-09-05,23200.0,PE,1.85,2.4,56868,225150,25235.9,NSE_bhavcopy
2024-08-30,NIFTY,2024-09-26,22850.0,PE,19.95,18.35,261,1850,25235.9,NSE_bhavcopy
2024-08-30,NIFTY,2024-09-05,24000.0,PE,3.85,4.05,656732,4971500,25235.9,NSE_bhavcopy
2024-08-30,NIFTY,2024-09-26,26800.0,PE,0.0,1630.0,0,550,25235.9,NSE_bhavcopy
2024-08-30,NIFTY,2024-09-26,23900.0,PE,48.0,41.7,24579,366200,25235.9,NSE_bhavcopy
2024-08-30,NIFTY,2024-09-05,23900.0,CE,1378.0,1418.4,40,3675,25235.9,NSE_bhavcopy
2024-08-30,NIFTY,2024-09-05,23900.0,PE,4.05,3.55,210975,742700,25235.9,NSE_bhavcopy
2024-08-30,NIFTY,2024-09-05,25000.0,PE,44.0,34.0,1581398,5878950,25235.9,NSE_bhavcopy
2024-08-30,NIFTY,2024-09-26,25800.0,PE,638.0,543.65,1653,26875,25235.9,NSE_bhavcopy
2024-08-30,NIFTY,2024-09-05,25250.0,CE,130.0,148.9,2610350,1518675,25235.9,NSE_bhavcopy
2024-08-30,NIFTY,2024-09-05,24850.0,PE,32.5,17.75,351098,1381650,25235.9,NSE_bhavcopy
2024-08-30,NIFTY,2024-09-05,25250.0,PE,155.45,97.7,2352521,2448325,25235.9,NSE_bhavcopy
2024-08-30,NIFTY,2024-09-26,24850.0,CE,627.25,675.75,183,26675,25235.9,NSE_bhavcopy
2024-08-30,NIFTY,2024-09-05,24050.0,PE,5.3,4.15,71586,117975,25235.9,NSE_bhavcopy
2024-08-30,NIFTY,2024-09-05,24050.0,CE,1200.0,1228.6,9,1150,25235.9,NSE_bhavcopy
2024-08-30,NIFTY,2024-09-26,24050.0,CE,0.0,1166.4,0,3050,25235.9,NSE_bhavcopy
2024-08-30,NIFTY,2024-09-26,27000.0,CE,7.35,6.5,23136,1351500,25235.9,NSE_bhavcopy
2024-08-30,NIFTY,2024-09-26,22700.0,CE,2620.0,2620.0,1,4475,25235.9,NSE_bhavcopy
2024-08-30,NIFTY,2024-09-05,24000.0,CE,1255.05,1314.7,1426,138800,25235.9,NSE_bhavcopy
2024-08-30,NIFTY,2024-09-05,26550.0,CE,1.05,1.1,109234,702850,25235.9,NSE_bhavcopy
2024-08-30,NIFTY,2024-09-05,25550.0,CE,25.7,26.95,781974,1554800,25235.9,NSE_bhavcopy
2024-08-30,NIFTY,2024-09-05,23850.0,CE,0.0,1217.75,0,625,25235.9,NSE_bhavcopy
2024-08-30,NIFTY,2024-09-26,25950.0,PE,701.05,694.15,104,1850,25235.9,NSE_bhavcopy
2024-08-30,NIFTY,2024-09-26,22500.0,CE,2780.0,2866.35,141,174150,25235.9,NSE_bhavcopy
2024-08-30,NIFTY,2024-09-26,23500.0,CE,1811.0,1896.5,1699,258550,25235.9,NSE_bhavcopy
2024-08-30,NIFTY,2024-09-05,22500.0,PE,1.85,1.85,181115,1111625,25235.9,NSE_bhavcopy
2024-08-30,NIFTY,2024-09-05,24100.0,CE,1160.0,1212.95,115,15700,25235.9,NSE_bhavcopy
2024-08-30,NIFTY,2024-09-26,22750.0,PE,17.0,17.0,448,3525,25235.9,NSE_bhavcopy
2024-08-30,NIFTY,2024-09-26,23950.0,CE,0.0,1351.0,0,3050,25235.9,NSE_bhavcopy
2024-08-30,NIFTY,2024-09-05,26750.0,PE,0.0,1631.3,0,0,25235.9,NSE_bhavcopy
2024-08-30,NIFTY,2024-09-05,26050.0,PE,0.0,885.65,0,25,25235.9,NSE_bhavcopy
2024-08-30,NIFTY,2024-09-26,26700.0,CE,10.05,9.85,13888,267750,25235.9,NSE_bhavcopy
2024-08-30,NIFTY,2024-09-26,24100.0,PE,62.0,51.55,28046,405800,25235.9,NSE_bhavcopy
2024-08-30,NIFTY,2024-09-26,17000.0,PE,4.0,4.4,60,16225,25235.9,NSE_bhavcopy
2024-08-30,NIFTY,2024-09-26,23800.0,PE,43.3,37.15,33205,656275,25235.9,NSE_bhavcopy
2024-08-30,NIFTY,2024-09-26,26100.0,CE,48.95,53.95,30787,626750,25235.9,NSE_bhavcopy
2024-08-30,NIFTY,2024-09-26,24300.0,CE,1080.05,1137.35,788,216225,25235.9,NSE_bhavcopy
2024-08-30,NIFTY,2024-09-05,25400.0,PE,253.95,169.9,505365,898675,25235.9,NSE_bhavcopy
2024-08-30,NIFTY,2024-09-05,24900.0,PE,35.15,22.15,704578,2588925,25235.9,NSE_bhavcopy
2024-08-30,NIFTY,2024-09-26,24400.0,PE,96.0,75.7,47922,1155600,25235.9,NSE_bhavcopy
2024-08-30,NIFTY,2024-09-26,24600.0,CE,816.35,881.9,868,124425,25235.9,NSE_bhavcopy
2024-08-30,NIFTY,2024-09-26,22000.0,CE,3300.0,3351.45,1202,462400,25235.9,NSE_bhavcopy
2024-08-30,NIFTY,2024-09-05,22700.0,CE,0.0,2483.7,0,825,25235.9,NSE_bhavcopy
2024-08-30,NIFTY,2024-09-26,22900.0,CE,2464.8,2482.25,18,2125,25235.9,NSE_bhavcopy
2024-08-30,NIFTY,2024-09-05,22900.0,CE,0.0,2310.3,0,3375,25235.9,NSE_bhavcopy
2024-08-30,NIFTY,2024-09-05,24350.0,PE,7.3,5.8,121294,410150,25235.9,NSE_bhavcopy
2024-08-30,NIFTY,2024-09-26,24350.0,CE,1023.3,1124.6,52,7375,25235.9,NSE_bhavcopy
2024-08-30,NIFTY,2024-09-05,23850.0,PE,3.3,3.25,48766,156625,25235.9,NSE_bhavcopy
2024-08-30,NIFTY,2024-09-05,26100.0,PE,850.2,784.05,59,1000,25235.9,NSE_bhavcopy
2024-08-30,NIFTY,2024-09-05,26800.0,CE,0.85,0.6,379142,886250,25235.9,NSE_bhavcopy
2024-08-30,NIFTY,2024-09-26,25300.0,CE,332.05,358.2,76945,968925,25235.9,NSE_bhavcopy
2024-08-30,NIFTY,2024-09-26,26150.0,CE,0.0,271.45,0,0,25235.9,NSE_bhavcopy
2024-08-30,NIFTY,2024-09-05,26150.0,PE,923.15,840.5,19,250,25235.9,NSE_bhavcopy
2024-08-30,NIFTY,2024-09-26,25150.0,PE,262.05,224.65,5647,84075,25235.9,NSE_bhavcopy
2024-08-30,NIFTY,2024-09-26,24900.0,CE,574.75,639.35,6553,566050,25235.9,NSE_bhavcopy
2024-08-30,NIFTY,2024-09-26,25900.0,PE,680.05,601.95,245,3875,25235.9,NSE_bhavcopy
2024-08-30,NIFTY,2024-09-05,25900.0,PE,650.3,600.15,662,3950,25235.9,NSE_bhavcopy
2024-08-30,NIFTY,2024-09-05,25900.0,CE,3.4,2.65,594391,1755950,25235.9,NSE_bhavcopy
2024-08-30,NIFTY,2024-09-26,25900.0,CE,85.25,95.75,31127,569525,25235.9,NSE_bhavcopy
2024-08-30,NIFTY,2024-09-05,25050.0,PE,64.95,41.8,570401,1225700,25235.9,NSE_bhavcopy
2024-08-30,NIFTY,2024-09-05,22700.0,PE,1.55,1.95,51806,82775,25235.9,NSE_bhavcopy
2024-08-30,NIFTY,2024-09-26,25550.0,CE,204.6,224.4,3052,57075,25235.9,NSE_bhavcopy
2024-08-30,NIFTY,2024-09-05,25500.0,PE,286.4,235.35,283810,764750,25235.9,NSE_bhavcopy
2024-08-30,NIFTY,2024-09-26,23850.0,CE,0.0,1400.0,0,575,25235.9,NSE_bhavcopy
2024-08-30,NIFTY,2024-09-26,23850.0,PE,41.45,38.8,1533,57900,25235.9,NSE_bhavcopy
2024-08-30,NIFTY,2024-09-05,26500.0,CE,0.95,1.1,904372,4776525,25235.9,NSE_bhavcopy
2024-08-30,NIFTY,2024-09-26,26500.0,CE,16.55,16.85,51100,1235350,25235.9,NSE_bhavcopy
2024-08-30,NIFTY,2024-09-05,26500.0,PE,1225.0,1196.45,170,2750,25235.9,NSE_bhavcopy
2024-08-30,NIFTY,2024-09-05,26100.0,CE,1.55,1.6,244430,1270850,25235.9,NSE_bhavcopy
2024-08-30,NIFTY,2024-09-05,25400.0,CE,90.0,72.15,1623181,2437525,25235.9,NSE_bhavcopy
2024-08-30,NIFTY,2024-09-26,25400.0,PE,396.0,320.2,39182,784250,25235.9,NSE_bhavcopy
2024-08-30,NIFTY,2024-09-05,26050.0,CE,3.0,1.7,138033,401850,25235.9,NSE_bhavcopy
2024-08-30,NIFTY,2024-09-05,26700.0,PE,1473.1,1397.15,12,100,25235.9,NSE_bhavcopy
2024-08-30,NIFTY,2024-09-05,26450.0,CE,1.05,1.2,195300,1369975,25235.9,NSE_bhavcopy
2024-08-30,NIFTY,2024-09-05,26450.0,PE,0.0,1374.55,0,0,25235.9,NSE_bhavcopy
2024-08-30,NIFTY,2024-09-26,26450.0,PE,0.0,1410.35,0,125,25235.9,NSE_bhavcopy
2024-08-30,NIFTY,2024-09-26,26350.0,PE,0.0,1369.5,0,150,25235.9,NSE_bhavcopy
2024-08-30,NIFTY,2024-09-05,23600.0,PE,2.0,2.65,184416,839475,25235.9,NSE_bhavcopy
2024-08-30,NIFTY,2024-09-05,22800.0,PE,1.65,1.9,126144,302925,25235.9,NSE_bhavcopy
2024-08-30,NIFTY,2024-09-26,22800.0,CE,2499.95,2608.8,13,2025,25235.9,NSE_bhavcopy
2024-08-30,NIFTY,2024-09-26,26900.0,PE,1551.0,1512.0,16,400,25235.9,NSE_bhavcopy
2024-08-30,NIFTY,2024-09-05,26800.0,PE,0.0,1675.4,0,0,25235.9,NSE_bhavcopy
2024-08-30,NIFTY,2024-09-26,26150.0,PE,0.0,1205.05,0,275,25235.9,NSE_bhavcopy
2024-08-30,NIFTY,2024-09-26,26100.0,PE,806.1,772.35,163,5800,25235.9,NSE_bhavcopy
2024-08-30,NIFTY,2024-09-05,24300.0,PE,7.4,5.4,309329,1668925,25235.9,NSE_bhavcopy
2024-08-30,NIFTY,2024-09-26,25400.0,CE,274.85,301.4,42143,759275,25235.9,NSE_bhavcopy
2024-08-30,NIFTY,2024-09-26,25100.0,CE,425.05,487.2,30880,878700,25235.9,NSE_bhavcopy
2024-08-30,NIFTY,2024-09-26,23600.0,CE,1739.35,1814.1,404,25075,25235.9,NSE_bhavcopy
2024-08-30,NIFTY,2024-09-26,24600.0,PE,129.0,101.8,36151,912000,25235.9,NSE_bhavcopy
2024-08-30,NIFTY,2024-09-05,24600.0,CE,659.0,702.0,2176,214750,25235.9,NSE_bhavcopy
2024-08-30,NIFTY,2024-09-05,26550.0,PE,1245.0,1272.1,2,25,25235.9,NSE_bhavcopy
2024-08-30,NIFTY,2024-09-26,26800.0,CE,0.0,162.35,0,0,25235.9,NSE_bhavcopy
2024-08-30,NIFTY,2024-09-26,23150.0,PE,24.7,22.6,23,2150,25235.9,NSE_bhavcopy
2024-08-30,NIFTY,2024-09-05,23150.0,CE,0.0,2047.85,0,0,25235.9,NSE_bhavcopy
2024-08-30,NIFTY,2024-09-05,25950.0,PE,694.8,646.3,379,4075,25235.9,NSE_bhavcopy
2024-08-30,NIFTY,2024-09-05,25950.0,CE,2.95,2.2,207439,587425,25235.9,NSE_bhavcopy
2024-08-30,NIFTY,2024-09-05,24300.0,CE,960.8,997.45,452,47500,25235.9,NSE_bhavcopy
2024-08-30,NIFTY,2024-09-26,24300.0,PE,82.0,66.7,45672,817475,25235.9,NSE_bhavcopy
2024-08-30,NIFTY,2024-09-26,23100.0,PE,19.85,20.95,6967,135025,25235.9,NSE_bhavcopy
2024-08-30,NIFTY,2024-09-26,23100.0,CE,2194.05,2310.0,2,7850,25235.9,NSE_bhavcopy
2024-08-30,NIFTY,2024-09-26,23650.0,PE,38.3,32.6,1060,16125,25235.9,NSE_bhavcopy
2024-08-30,NIFTY,2024-09-26,23650.0,CE,1760.3,1760.3,1,5225,25235.9,NSE_bhavcopy
2024-08-30,NIFTY,2024-09-26,25850.0,PE,645.9,572.25,82,1725,25235.9,NSE_bhavcopy
2024-08-30,NIFTY,2024-09-05,25850.0,CE,3.9,3.25,484342,1139625,25235.9,NSE_bhavcopy
2024-08-30,NIFTY,2024-09-05,25850.0,PE,597.15,551.85,458,2625,25235.9,NSE_bhavcopy
2024-08-30,NIFTY,2024-09-05,24200.0,PE,5.2,4.85,351330,2096625,25235.9,NSE_bhavcopy
2024-08-30,NIFTY,2024-09-05,22750.0,PE,1.9,2.1,30317,28275,25235.9,NSE_bhavcopy
2024-08-30,NIFTY,2024-09-05,23150.0,PE,2.55,2.15,8569,9750,25235.9,NSE_bhavcopy
2024-08-30,NIFTY,2024-09-05,23600.0,CE,0.0,1603.1,0,10575,25235.9,NSE_bhavcopy
2024-08-30,NIFTY,2024-09-26,22550.0,CE,0.0,2463.95,0,150,25235.9,NSE_bhavcopy
2024-08-30,NIFTY,2024-09-26,26900.0,CE,35.1,7.2,1982,16650,25235.9,NSE_bhavcopy
2024-08-30,NIFTY,2024-09-26,23450.0,PE,0.0,28.5,0,3275,25235.9,NSE_bhavcopy
2024-08-30,NIFTY,2024-09-05,23950.0,CE,0.0,1246.1,0,325,25235.9,NSE_bhavcopy
2024-08-30,NIFTY,2024-09-26,20000.0,CE,5221.25,5349.2,476,328275,25235.9,NSE_bhavcopy
2024-08-30,NIFTY,2024-09-26,20000.0,PE,4.95,4.15,7801,766325,25235.9,NSE_bhavcopy
2024-08-30,NIFTY,2024-09-26,25250.0,PE,329.95,259.35,15922,111925,25235.9,NSE_bhavcopy
2024-08-30,NIFTY,2024-09-05,26900.0,CE,1.95,0.55,319186,1288475,25235.9,NSE_bhavcopy
2024-08-30,NIFTY,2024-09-05,25550.0,PE,340.15,274.2,45928,210275,25235.9,NSE_bhavcopy
2024-08-30,NIFTY,2024-09-26,25500.0,CE,225.5,249.2,90479,2053850,25235.9,NSE_bhavcopy
2024-08-30,NIFTY,2024-09-26,23150.0,CE,0.0,2020.0,0,1400,25235.9,NSE_bhavcopy
2024-08-30,NIFTY,2024-09-26,25950.0,CE,77.4,84.25,4308,41425,25235.9,NSE_bhavcopy
2024-08-30,NIFTY,2024-09-26,24500.0,CE,899.95,960.45,6655,1484775,25235.9,NSE_bhavcopy
2024-08-30,NIFTY,2024-09-05,23050.0,PE,2.5,2.2,14843,28675,25235.9,NSE_bhavcopy
2024-08-30,NIFTY,2024-09-26,23050.0,PE,0.0,24.7,0,2650,25235.9,NSE_bhavcopy
2024-08-30,NIFTY,2024-09-05,24400.0,PE,8.6,6.2,355439,1947850,25235.9,NSE_bhavcopy
2024-08-30,NIFTY,2024-09-26,22950.0,PE,18.9,19.55,1462,4200,25235.9,NSE_bhavcopy
2024-08-30,NIFTY,2024-09-05,22950.0,CE,0.0,2237.55,0,0,25235.9,NSE_bhavcopy
2024-08-30,NIFTY,2024-09-05,22950.0,PE,1.75,2.05,12387,12350,25235.9,NSE_bhavcopy
2024-08-30,NIFTY,2024-09-26,24000.0,CE,1325.0,1414.1,3920,839225,25235.9,NSE_bhavcopy
2024-08-30,NIFTY,2024-09-26,22000.0,PE,11.0,11.65,38901,2499725,25235.9,NSE_bhavcopy
2024-08-30,NIFTY,2024-09-26,22900.0,PE,18.55,18.95,5104,162925,25235.9,NSE_bhavcopy
2024-08-30,NIFTY,2024-09-05,22900.0,PE,2.0,2.05,40866,332350,25235.9,NSE_bhavcopy
2024-08-30,NIFTY,2024-09-26,26050.0,PE,0.0,825.0,0,300,25235.9,NSE_bhavcopy
2024-08-30,NIFTY,2024-09-26,22650.0,CE,0.0,2373.1,0,125,25235.9,NSE_bhavcopy
2024-08-30,NIFTY,2024-09-26,27000.0,PE,1681.05,1609.7,1154,535100,25235.9,NSE_bhavcopy
2024-08-30,NIFTY,2024-09-26,24900.0,PE,185.35,158.15,31221,1286450,25235.9,NSE_bhavcopy
2024-08-30,NIFTY,2024-09-05,24900.0,CE,397.85,423.15,51927,286925,25235.9,NSE_bhavcopy
2024-08-30,NIFTY,2024-09-26,24350.0,PE,86.65,71.65,2389,50350,25235.9,NSE_bhavcopy
2024-08-30,NIFTY,2024-09-26,24750.0,PE,147.25,127.5,3831,69050,25235.9,NSE_bhavcopy
2024-08-30,NIFTY,2024-09-05,24750.0,CE,489.45,563.0,8613,31800,25235.9,NSE_bhavcopy
2024-08-30,NIFTY,2024-09-05,26750.0,CE,1.4,0.6,298942,950825,25235.9,NSE_bhavcopy
2024-08-30,NIFTY,2024-09-26,26750.0,PE,0.0,2391.55,0,0,25235.9,NSE_bhavcopy
2024-08-30,NIFTY,2024-09-26,24650.0,CE,771.2,830.7,170,15375,25235.9,NSE_bhavcopy
2024-08-30,NIFTY,2024-09-05,24650.0,CE,616.45,667.75,788,18900,25235.9,NSE_bhavcopy
2024-08-30,NIFTY,2024-09-26,22950.0,CE,0.0,2089.75,0,100,25235.9,NSE_bhavcopy
2024-08-30,NIFTY,2024-09-05,25050.0,CE,248.0,292.05,123086,396750,25235.9,NSE_bhavcopy
2024-08-30,NIFTY,2024-09-05,22300.0,CE,0.0,2869.6,0,0,25235.9,NSE_bhavcopy
2024-08-30,NIFTY,2024-09-05,22450.0,PE,1.95,2.1,87669,170325,25235.9,NSE_bhavcopy
2024-08-30,NIFTY,2024-09-26,22450.0,PE,13.25,14.05,166,3400,25235.9,NSE_bhavcopy
2024-08-30,NIFTY,2024-09-05,22300.0,PE,1.5,1.9,610387,4746200,25235.9,NSE_bhavcopy
2024-08-30,NIFTY,2024-09-05,22450.0,CE,0.0,2722.35,0,0,25235.9,NSE_bhavcopy
2024-08-30,NIFTY,2024-09-05,24500.0,CE,760.0,810.55,10180,236600,25235.9,NSE_bhavcopy
2024-08-30,NIFTY,2024-09-05,25100.0,PE,83.0,51.7,1330699,3904925,25235.9,NSE_bhavcopy
2024-08-30,NIFTY,2024-09-05,22750.0,CE,0.0,2430.05,0,0,25235.9,NSE_bhavcopy
2024-08-30,NIFTY,2024-09-26,23200.0,CE,2156.05,2196.0,438,14100,25235.9,NSE_bhavcopy
2024-08-30,NIFTY,2024-09-05,23200.0,CE,0.0,1999.95,0,1000,25235.9,NSE_bhavcopy
2024-08-30,NIFTY,2024-09-05,25350.0,PE,202.35,142.9,416316,514625,25235.9,NSE_bhavcopy
2024-08-30,NIFTY,2024-09-26,25100.0,PE,265.0,209.95,41210,1140400,25235.9,NSE_bhavcopy
2024-08-30,NIFTY,2024-09-05,25100.0,CE,221.0,253.7,585894,1362275,25235.9,NSE_bhavcopy
2024-08-30,NIFTY,2024-09-26,28000.0,PE,2670.0,2603.05,950,227525,25235.9,NSE_bhavcopy
2024-08-30,NIFTY,2024-09-26,28000.0,CE,3.0,3.85,7867,478150,25235.9,NSE_bhavcopy
2024-08-30,NIFTY,2024-09-26,26600.0,PE,1270.0,1237.35,5,1150,25235.9,NSE_bhavcopy
2024-08-30,NIFTY,2024-09-26,21000.0,CE,4236.45,4346.85,327,475650,25235.9,NSE_bhavcopy
2024-08-30,NIFTY,2024-09-05,23350.0,PE,2.15,2.25,33622,89950,25235.9,NSE_bhavcopy
2024-08-30,NIFTY,2024-09-05,23350.0,CE,0.0,1861.7,0,0,25235.9,NSE_bhavcopy
2024-08-30,NIFTY,2024-09-26,24200.0,PE,69.05,58.95,42422,865200,25235.9,NSE_bhavcopy
2024-08-30,NIFTY,2024-09-05,23650.0,CE,0.0,1529.7,0,25,25235.9,NSE_bhavcopy
2024-08-30,NIFTY,2024-09-05,23750.0,CE,0.0,1435.0,0,175,25235.9,NSE_bhavcopy
2024-08-30,NIFTY,2024-09-05,24950.0,PE,50.15,27.35,502980,1318500,25235.9,NSE_bhavcopy
2024-08-30,NIFTY,2024-09-26,24650.0,PE,141.0,109.15,3076,53400,25235.9,NSE_bhavcopy
2024-08-30,NIFTY,2024-09-05,24650.0,PE,17.75,9.55,265246,587950,25235.9,NSE_bhavcopy
2024-08-30,NIFTY,2024-09-26,24400.0,CE,983.0,1055.2,231,82600,25235.9,NSE_bhavcopy
2024-08-30,NIFTY,2024-09-05,24400.0,CE,854.95,910.25,387,59425,25235.9,NSE_bhavcopy
2024-08-30,NIFTY,2024-09-05,23500.0,PE,2.0,2.65,340059,2444300,25235.9,NSE_bhavcopy
2024-08-30,NIFTY,2024-09-26,22500.0,PE,13.5,14.65,16854,1624950,25235.9,NSE_bhavcopy
2024-08-30,NIFTY,2024-09-26,23500.0,PE,29.0,27.35,63343,2152000,25235.9,NSE_bhavcopy
2024-08-30,NIFTY,2024-09-26,25000.0,CE,516.0,554.95,103656,4672175,25235.9,NSE_bhavcopy
2024-08-30,NIFTY,2024-09-26,25000.0,PE,199.8,182.5,158322,6268825,25235.9,NSE_bhavcopy
2024-08-30,NIFTY,2024-09-26,25800.0,CE,115.0,125.65,34218,1209300,25235.9,NSE_bhavcopy
2024-08-30,NIFTY,2024-09-05,23450.0,PE,3.0,2.55,13483,23150,25235.9,NSE_bhavcopy
2024-08-30,NIFTY,2024-09-05,23800.0,CE,1460.05,1475.0,142,10800,25235.9,NSE_bhavcopy
2024-08-30,NIFTY,2024-09-26,23800.0,CE,1530.0,1592.8,85,10950,25235.9,NSE_bhavcopy
2024-08-30,NIFTY,2024-09-05,22850.0,CE,0.0,2333.5,0,0,25235.9,NSE_bhavcopy
2024-08-30,NIFTY,2024-09-05,22850.0,PE,1.9,2.15,40871,34950,25235.9,NSE_bhavcopy
2024-08-30,NIFTY,2024-09-26,26300.0,PE,1000.0,980.0,5,825,25235.9,NSE_bhavcopy
2024-08-30,NIFTY,2024-09-05,26300.0,PE,0.0,1252.05,0,0,25235.9,NSE_bhavcopy
2024-08-30,NIFTY,2024-09-05,26300.0,CE,1.6,1.25,159546,436950,25235.9,NSE_bhavcopy
2024-08-30,NIFTY,2024-09-05,24700.0,PE,12.6,10.75,629401,2213525,25235.9,NSE_bhavcopy
2024-08-30,NIFTY,2024-09-05,23400.0,PE,2.0,2.5,92938,467525,25235.9,NSE_bhavcopy
2024-08-30,NIFTY,2024-09-26,25450.0,PE,446.25,341.9,1149,21450,25235.9,NSE_bhavcopy
2024-08-30,NIFTY,2024-09-05,25450.0,PE,269.65,199.8,125312,353425,25235.9,NSE_bhavcopy
2024-08-30,NIFTY,2024-09-05,23750.0,PE,2.95,2.95,48476,145500,25235.9,NSE_bhavcopy
2024-08-30,NIFTY,2024-09-05,23950.0,PE,4.0,3.85,70742,372975,25235.9,NSE_bhavcopy
2024-08-30,NIFTY,2024-09-26,26850.0,CE,0.0,155.75,0,0,25235.9,NSE_bhavcopy
2024-08-30,NIFTY,2024-09-05,26850.0,CE,1.3,0.55,219858,670100,25235.9,NSE_bhavcopy
2024-08-30,NIFTY,2024-09-05,26850.0,PE,1621.0,1574.15,4,0,25235.9,NSE_bhavcopy
2024-08-30,NIFTY,2024-09-26,26850.0,PE,0.0,2476.35,0,0,25235.9,NSE_bhavcopy
2024-08-30,NIFTY,2024-09-26,22700.0,PE,16.9,17.05,6882,146050,25235.9,NSE_bhavcopy
2024-08-30,NIFTY,2024-09-05,26900.0,PE,1669.45,1561.8,13,50,25235.9,NSE_bhavcopy
2024-08-30,NIFTY,2024-09-05,23450.0,CE,0.0,1645.0,0,125,25235.9,NSE_bhavcopy
2024-08-30,NIFTY,2024-09-05,22350.0,PE,1.95,2.0,288783,1553350,25235.9,NSE_bhavcopy
2024-08-30,NIFTY,2024-09-05,22350.0,CE,0.0,2820.45,0,0,25235.9,NSE_bhavcopy
2024-08-30,NIFTY,2024-09-26,22350.0,PE,13.0,13.9,198,7000,25235.9,NSE_bhavcopy
2024-08-30,NIFTY,2024-09-26,22350.0,CE,0.0,2653.45,0,175,25235.9,NSE_bhavcopy
2024-08-30,NIFTY,2024-09-05,25150.0,PE,100.0,64.45,1042368,1934375,25235.9,NSE_bhavcopy
2024-08-30,NIFTY,2024-09-26,22400.0,CE,0.0,2850.0,0,1000,25235.9,NSE_bhavcopy
2024-08-30,NIFTY,2024-09-05,22400.0,CE,0.0,2771.4,0,0,25235.9,NSE_bhavcopy
2024-08-30,NIFTY,2024-09-05,22400.0,PE,1.75,2.05,272428,1258175,25235.9,NSE_bhavcopy
2024-08-30,NIFTY,2024-09-26,25150.0,CE,420.0,453.9,7724,49975,25235.9,NSE_bhavcopy
2024-08-30,NIFTY,2024-09-05,25150.0,CE,175.05,215.75,612391,879275,25235.9,NSE_bhavcopy
2024-08-30,NIFTY,2024-09-26,23450.0,CE,0.0,1205.9,0,100,25235.9,NSE_bhavcopy
2024-08-30,NIFTY,2024-09-26,25750.0,CE,135.0,141.9,2428,58525,25235.9,NSE_bhavcopy
2024-08-30,NIFTY,2024-09-05,25750.0,CE,7.1,5.9,692102,1683575,25235.9,NSE_bhavcopy
2024-08-30,NIFTY,2024-09-05,24100.0,PE,4.25,4.35,374402,1597750,25235.9,NSE_bhavcopy
2024-08-30,NIFTY,2024-09-05,25300.0,PE,159.8,118.35,1906276,2180975,25235.9,NSE_bhavcopy
2024-08-30,NIFTY,2024-09-26,26400.0,PE,1067.0,1017.5,8,1050,25235.9,NSE_bhavcopy
2024-08-30,NIFTY,2024-09-05,25350.0,CE,85.25,94.15,1141880,974125,25235.9,NSE_bhavcopy
2024-08-30,NIFTY,2024-09-26,24750.0,CE,723.0,753.7,429,27975,25235.9,NSE_bhavcopy
2024-08-30,NIFTY,2024-09-26,25350.0,PE,420.0,302.7,4477,24650,25235.9,NSE_bhavcopy
2024-08-30,NIFTY,2024-09-26,25350.0,CE,308.05,323.1,5353,54950,25235.9,NSE_bhavcopy
2024-08-30,NIFTY,2024-09-05,23250.0,PE,3.25,2.2,15597,43200,25235.9,NSE_bhavcopy
2024-08-30,NIFTY,2024-09-26,22600.0,CE,2676.0,2754.35,3,2025,25235.9,NSE_bhavcopy
2024-08-30,NIFTY,2024-09-05,23250.0,CE,0.0,1954.25,0,0,25235.9,NSE_bhavcopy
2024-08-30,NIFTY,2024-09-05,24600.0,PE,11.0,8.5,499345,2123850,25235.9,NSE_bhavcopy
2024-08-30,NIFTY,2024-09-26,24000.0,PE,60.0,47.15,110589,3900200,25235.9,NSE_bhavcopy
2024-08-30,NIFTY,2024-09-26,26550.0,PE,0.0,1396.8,0,75,25235.9,NSE_bhavcopy
2024-08-30,NIFTY,2024-09-05,23050.0,CE,0.0,2142.3,0,0,25235.9,NSE_bhavcopy
2024-08-30,NIFTY,2024-09-05,26350.0,PE,0.0,1185.6,0,25,25235.9,NSE_bhavcopy
2024-08-30,NIFTY,2024-09-26,24950.0,PE,213.0,168.3,3813,48825,25235.9,NSE_bhavcopy
2024-08-30,NIFTY,2024-09-05,26250.0,CE,1.35,1.35,79390,401100,25235.9,NSE_bhavcopy
2024-08-30,NIFTY,2024-09-26,26250.0,CE,32.0,34.35,1125,12325,25235.9,NSE_bhavcopy
2024-08-30,NIFTY,2024-09-26,18000.0,CE,7239.0,7265.85,14,12750,25235.9,NSE_bhavcopy
2024-08-30,NIFTY,2024-09-26,26550.0,CE,14.85,14.75,2830,30425,25235.9,NSE_bhavcopy
2024-08-30,NIFTY,2024-09-26,25300.0,PE,280.0,277.35,79527,1242850,25235.9,NSE_bhavcopy
2024-08-30,NIFTY,2024-09-26,22400.0,PE,13.25,14.25,1691,198725,25235.9,NSE_bhavcopy
2024-08-30,NIFTY,2024-09-05,26600.0,CE,1.4,0.8,417671,1154175,25235.9,NSE_bhavcopy
2024-08-30,NIFTY,2024-09-26,26050.0,CE,56.95,63.1,9023,57375,25235.9,NSE_bhavcopy
2024-08-30,NIFTY,2024-09-05,26700.0,CE,1.4,0.75,240983,911500,25235.9,NSE_bhavcopy
2024-08-30,NIFTY,2024-09-26,21000.0,PE,5.7,5.5,11190,1178225,25235.9,NSE_bhavcopy
2024-08-30,NIFTY,2024-09-26,26700.0,PE,1365.65,1336.0,6,1000,25235.9,NSE_bhavcopy
2024-08-30,NIFTY,2024-09-26,25850.0,CE,105.65,109.85,3060,52450,25235.9,NSE_bhavcopy
2024-08-30,NIFTY,2024-09-26,25700.0,PE,543.95,478.7,1992,31625,25235.9,NSE_bhavcopy
2024-08-30,NIFTY,2024-09-26,25700.0,CE,151.25,159.45,30373,614000,25235.9,NSE_bhavcopy
2024-08-30,NIFTY,2024-09-05,25650.0,CE,13.9,12.6,826050,1378025,25235.9,NSE_bhavcopy
2024-08-30,NIFTY,2024-09-26,25650.0,PE,502.95,446.3,984,9200,25235.9,NSE_bhavcopy
2024-08-30,NIFTY,2024-09-05,25650.0,PE,426.5,356.05,10767,19400,25235.9,NSE_bhavcopy
2024-08-30,NIFTY,2024-09-26,25650.0,CE,165.0,180.05,1833,37275,25235.9,NSE_bhavcopy
2024-08-30,NIFTY,2024-09-26,25250.0,CE,360.0,390.05,11709,83800,25235.9,NSE_bhavcopy
2024-08-30,NIFTY,2024-09-05,24750.0,PE,23.7,12.35,372212,1274050,25235.9,NSE_bhavcopy
2024-08-30,NIFTY,2024-09-26,26750.0,CE,9.6,9.95,1020,14175,25235.9,NSE_bhavcopy
2024-08-30,NIFTY,2024-09-05,24350.0,CE,903.5,933.6,16,3950,25235.9,NSE_bhavcopy
2024-08-30,NIFTY,2024-09-05,23100.0,PE,2.4,2.35,52401,275625,25235.9,NSE_bhavcopy
2024-08-30,NIFTY,2024-09-05,23100.0,CE,0.0,2095.0,0,1025,25235.9,NSE_bhavcopy
2024-08-30,NIFTY,2024-09-26,26450.0,CE,13.85,19.1,860,10950,25235.9,NSE_bhavcopy
2024-08-30,NIFTY,2024-09-05,22250.0,PE,1.7,1.65,688102,4501125,25235.9,NSE_bhavcopy
2024-08-30,NIFTY,2024-09-05,22250.0,CE,0.0,2918.85,0,0,25235.9,NSE_bhavcopy
2024-08-30,NIFTY,2024-09-05,23000.0,PE,1.85,2.3,320236,2478875,25235.9,NSE_bhavcopy
2024-08-30,NIFTY,2024-09-26,24550.0,CE,860.0,934.05,109,10450,25235.9,NSE_bhavcopy
2024-08-30,NIFTY,2024-09-26,24850.0,PE,166.5,145.9,3690,75300,25235.9,NSE_bhavcopy
2024-08-30,NIFTY,2024-09-26,26600.0,CE,19.0,12.8,16962,138675,25235.9,NSE_bhavcopy
2024-08-30,NIFTY,2024-09-05,26600.0,PE,1287.25,1342.95,2,0,25235.9,NSE_bhavcopy
2024-08-30,NIFTY,2024-09-05,24450.0,PE,10.55,6.7,175309,504975,25235.9,NSE_bhavcopy
2024-08-30,NIFTY,2024-09-05,26150.0,CE,2.4,1.55,88820,639025,25235.9,NSE_bhavcopy
2024-08-30,NIFTY,2024-09-05,24950.0,CE,298.2,376.6,45320,195425,25235.9,NSE_bhavcopy
2024-08-30,NIFTY,2024-09-26,25500.0,PE,414.55,368.1,57158,1476975,25235.9,NSE_bhavcopy
2024-08-30,NIFTY,2024-09-05,25500.0,CE,37.5,38.4,2080734,3653875,25235.9,NSE_bhavcopy
2024-08-30,NIFTY,2024-09-26,25050.0,PE,232.3,193.25,3223,87075,25235.9,NSE_bhavcopy
2024-08-30,NIFTY,2024-09-26,25050.0,CE,479.55,525.95,1037,47425,25235.9,NSE_bhavcopy
2024-08-30,NIFTY,2024-09-26,26500.0,PE,1200.0,1128.9,4048,245200,25235.9,NSE_bhavcopy
2024-08-30,NIFTY,2024-09-26,24200.0,CE,1161.6,1236.35,681,97900,25235.9,NSE_bhavcopy
2024-08-30,NIFTY,2024-09-05,24150.0,CE,1111.0,1130.75,12,4075,25235.9,NSE_bhavcopy
2024-08-30,NIFTY,2024-09-26,24150.0,CE,1205.9,1224.4,44,7975,25235.9,NSE_bhavcopy
2024-08-30,NIFTY,2024-09-05,24150.0,PE,5.05,4.5,90903,310975,25235.9,NSE_bhavcopy
2024-08-30,NIFTY,2024-09-05,24200.0,CE,1054.25,1106.55,374,38450,25235.9,NSE_bhavcopy
2024-09-05,NIFTY,2024-09-05,26400.0,CE,0.3,0.1,366225,1302375,25145.1,NSE_bhavcopy
2024-09-05,NIFTY,2024-09-26,26400.0,CE,13.8,10.95,13218,346200,25145.1,NSE_bhavcopy
2024-09-05,NIFTY,2024-09-26,23900.0,CE,0.0,1382.1,0,9650,25145.1,NSE_bhavcopy
2024-09-05,NIFTY,2024-09-26,26400.0,PE,1140.0,1168.35,4,1500,25145.1,NSE_bhavcopy
2024-09-05,NIFTY,2024-09-05,25150.0,PE,29.0,4.7,79469645,29921250,25145.1,NSE_bhavcopy
2024-09-05,NIFTY,2024-09-26,22400.0,CE,0.0,2772.75,0,975,25145.1,NSE_bhavcopy
2024-09-05,NIFTY,2024-09-05,22400.0,CE,2650.6,2782.1,2,25,25145.1,NSE_bhavcopy
2024-09-05,NIFTY,2024-09-05,26300.0,CE,0.3,0.1,300887,1143125,25145.1,NSE_bhavcopy
2024-09-05,NIFTY,2024-09-26,26300.0,PE,1028.3,1065.5,10,1500,25145.1,NSE_bhavcopy
2024-09-05,NIFTY,2024-09-26,18000.0,PE,2.7,3.2,1908,71550,25145.1,NSE_bhavcopy
2024-09-05,NIFTY,2024-09-26,29000.0,CE,2.4,2.0,3043,658225,25145.1,NSE_bhavcopy
2024-09-05,NIFTY,2024-09-26,26200.0,PE,921.0,971.95,12,1950,25145.1,NSE_bhavcopy
2024-09-05,NIFTY,2024-09-05,22400.0,PE,0.2,0.05,111591,419600,25145.1,NSE_bhavcopy
2024-09-05,NIFTY,2024-09-26,25150.0,CE,391.65,351.85,6727,80000,25145.1,NSE_bhavcopy
2024-09-05,NIFTY,2024-09-05,25150.0,CE,90.1,1.85,58823753,27490925,25145.1,NSE_bhavcopy
2024-09-05,NIFTY,2024-09-05,22300.0,CE,0.0,2869.6,0,0,25145.1,NSE_bhavcopy
2024-09-05,NIFTY,2024-09-05,22450.0,PE,0.25,0.05,25858,80375,25145.1,NSE_bhavcopy
2024-09-05,NIFTY,2024-09-26,22450.0,PE,12.35,12.35,78,2975,25145.1,NSE_bhavcopy
2024-09-05,NIFTY,2024-09-05,22300.0,PE,0.15,0.05,199081,2246575,25145.1,NSE_bhavcopy
2024-09-05,NIFTY,2024-09-05,22450.0,CE,0.0,2722.35,0,0,25145.1,NSE_bhavcopy
2024-09-05,NIFTY,2024-09-26,23400.0,CE,1863.35,1854.0,14,4850,25145.1,NSE_bhavcopy
2024-09-05,NIFTY,2024-09-26,24700.0,PE,127.45,134.0,36911,1835450,25145.1,NSE_bhavcopy
2024-09-05,NIFTY,2024-09-05,24700.0,CE,504.55,447.85,20316,147525,25145.1,NSE_bhavcopy
2024-09-05,NIFTY,2024-09-26,26200.0,CE,25.0,19.95,36510,1216325,25145.1,NSE_bhavcopy
2024-09-05,NIFTY,2024-09-05,26200.0,PE,960.0,1057.7,237,1375,25145.1,NSE_bhavcopy
2024-09-05,NIFTY,2024-09-26,25700.0,CE,116.15,100.1,28832,988725,25145.1,NSE_bhavcopy
2024-09-05,NIFTY,2024-09-05,25700.0,CE,0.7,0.1,3972246,8104775,25145.1,NSE_bhavcopy
2024-09-05,NIFTY,2024-09-26,24850.0,CE,600.35,555.7,142,22800,25145.1,NSE_bhavcopy
2024-09-05,NIFTY,2024-09-26,22300.0,CE,0.0,2930.0,0,4600,25145.1,NSE_bhavcopy
2024-09-05,NIFTY,2024-09-26,22450.0,CE,0.0,2562.5,0,150,25145.1,NSE_bhavcopy
2024-09-05,NIFTY,2024-09-05,26150.0,CE,0.3,0.1,217572,791650,25145.1,NSE_bhavcopy
2024-09-05,NIFTY,2024-09-05,23300.0,PE,0.25,0.05,29145,232300,25145.1,NSE_bhavcopy
2024-09-05,NIFTY,2024-09-05,26650.0,PE,0.0,1395.2,0,25,25145.1,NSE_bhavcopy
2024-09-05,NIFTY,2024-09-26,26650.0,PE,0.0,2307.75,0,0,25145.1,NSE_bhavcopy
2024-09-05,NIFTY,2024-09-05,26650.0,CE,0.45,0.05,68946,286450,25145.1,NSE_bhavcopy
2024-09-05,NIFTY,2024-09-26,26650.0,CE,9.3,8.0,423,17050,25145.1,NSE_bhavcopy
2024-09-05,NIFTY,2024-09-26,23250.0,CE,0.0,2015.0,0,600,25145.1,NSE_bhavcopy
2024-09-05,NIFTY,2024-09-26,23250.0,PE,18.85,21.65,92,6000,25145.1,NSE_bhavcopy
2024-09-05,NIFTY,2024-09-05,23250.0,CE,0.0,1890.5,0,1200,25145.1,NSE_bhavcopy
2024-09-05,NIFTY,2024-09-26,22600.0,PE,14.35,13.05,2370,180100,25145.1,NSE_bhavcopy
2024-09-05,NIFTY,2024-09-05,22600.0,CE,2556.0,2544.55,22,100,25145.1,NSE_bhavcopy
2024-09-05,NIFTY,2024-09-05,22600.0,PE,0.1,0.1,21581,123525,25145.1,NSE_bhavcopy
2024-09-05,NIFTY,2024-09-05,25300.0,CE,30.0,0.2,25783863,12126625,25145.1,NSE_bhavcopy
2024-09-05,NIFTY,2024-09-26,29000.0,PE,3665.0,3738.55,13,38975,25145.1,NSE_bhavcopy
2024-09-05,NIFTY,2024-09-26,26800.0,PE,0.0,1642.0,0,950,25145.1,NSE_bhavcopy
2024-09-05,NIFTY,2024-09-26,24150.0,PE,62.25,58.2,818,29275,25145.1,NSE_bhavcopy
2024-09-05,NIFTY,2024-09-05,24150.0,CE,1064.35,997.35,76,2475,25145.1,NSE_bhavcopy
2024-09-05,NIFTY,2024-09-26,25150.0,PE,258.0,266.3,8149,85850,25145.1,NSE_bhavcopy
2024-09-05,NIFTY,2024-09-26,25850.0,PE,619.0,678.35,6,1900,25145.1,NSE_bhavcopy
2024-09-05,NIFTY,2024-09-05,25850.0,CE,0.55,0.1,1268074,4925775,25145.1,NSE_bhavcopy
2024-09-05,NIFTY,2024-09-05,25850.0,PE,650.45,704.8,258,6525,25145.1,NSE_bhavcopy
2024-09-05,NIFTY,2024-09-26,24850.0,PE,175.1,171.0,3919,113400,25145.1,NSE_bhavcopy
2024-09-05,NIFTY,2024-09-26,19000.0,CE,6264.0,6235.0,10,123100,25145.1,NSE_bhavcopy
2024-09-05,NIFTY,2024-09-26,22900.0,PE,17.3,16.1,1274,152200,25145.1,NSE_bhavcopy
2024-09-05,NIFTY,2024-09-26,23550.0,CE,0.0,1700.0,0,2600,25145.1,NSE_bhavcopy
2024-09-05,NIFTY,2024-09-26,24550.0,PE,100.0,107.5,2514,77425,25145.1,NSE_bhavcopy
2024-09-05,NIFTY,2024-09-26,23000.0,CE,2294.8,2240.9,1021,712250,25145.1,NSE_bhavcopy
2024-09-05,NIFTY,2024-09-26,23000.0,PE,20.6,17.8,43818,3973300,25145.1,NSE_bhavcopy
2024-09-05,NIFTY,2024-09-05,23000.0,CE,2231.65,2147.35,1562,1825,25145.1,NSE_bhavcopy
2024-09-05,NIFTY,2024-09-26,22950.0,PE,17.6,16.75,75,3025,25145.1,NSE_bhavcopy
2024-09-05,NIFTY,2024-09-26,23400.0,PE,24.9,23.9,8351,402550,25145.1,NSE_bhavcopy
2024-09-05,NIFTY,2024-09-05,25450.0,PE,274.4,304.0,112901,112875,25145.1,NSE_bhavcopy
2024-09-05,NIFTY,2024-09-05,23650.0,CE,0.0,1642.35,0,100,25145.1,NSE_bhavcopy
2024-09-05,NIFTY,2024-09-26,25000.0,CE,499.0,451.85,83901,5109150,25145.1,NSE_bhavcopy
2024-09-05,NIFTY,2024-09-05,26200.0,CE,0.25,0.1,419443,1657300,25145.1,NSE_bhavcopy
2024-09-05,NIFTY,2024-09-05,26550.0,CE,0.3,0.1,138022,807725,25145.1,NSE_bhavcopy
2024-09-05,NIFTY,2024-09-05,26800.0,CE,0.25,0.1,97981,1040725,25145.1,NSE_bhavcopy
2024-09-05,NIFTY,2024-09-26,23900.0,PE,40.0,40.7,8390,504550,25145.1,NSE_bhavcopy
2024-09-05,NIFTY,2024-09-05,23900.0,CE,1291.0,1247.75,96,1500,25145.1,NSE_bhavcopy
2024-09-05,NIFTY,2024-09-05,23900.0,PE,0.4,0.05,84357,505125,25145.1,NSE_bhavcopy
2024-09-05,NIFTY,2024-09-26,24150.0,CE,1142.95,1143.6,56,8325,25145.1,NSE_bhavcopy
2024-09-05,NIFTY,2024-09-05,25250.0,PE,60.0,103.6,8851237,4009850,25145.1,NSE_bhavcopy
2024-09-05,NIFTY,2024-09-05,22350.0,PE,0.2,0.05,78609,520850,25145.1,NSE_bhavcopy
2024-09-05,NIFTY,2024-09-05,22350.0,CE,0.0,2820.45,0,0,25145.1,NSE_bhavcopy
2024-09-05,NIFTY,2024-09-26,22350.0,PE,12.6,11.65,85,3675,25145.1,NSE_bhavcopy
2024-09-05,NIFTY,2024-09-26,22350.0,CE,0.0,2840.0,0,225,25145.1,NSE_bhavcopy
2024-09-05,NIFTY,2024-09-26,26150.0,CE,31.05,23.3,3356,25525,25145.1,NSE_bhavcopy
2024-09-05,NIFTY,2024-09-05,26150.0,PE,913.9,1004.75,58,875,25145.1,NSE_bhavcopy
2024-09-05,NIFTY,2024-09-26,24450.0,CE,895.0,882.35,31,6725,25145.1,NSE_bhavcopy
2024-09-05,NIFTY,2024-09-05,24450.0,PE,0.5,0.1,300999,1060650,25145.1,NSE_bhavcopy
2024-09-05,NIFTY,2024-09-26,25750.0,CE,105.5,86.7,4431,115550,25145.1,NSE_bhavcopy
2024-09-05,NIFTY,2024-09-05,25400.0,CE,9.0,0.15,14955242,8334175,25145.1,NSE_bhavcopy
2024-09-05,NIFTY,2024-09-05,25900.0,CE,0.45,0.1,1104789,4017775,25145.1,NSE_bhavcopy
2024-09-05,NIFTY,2024-09-26,25900.0,CE,65.05,54.6,29619,679875,25145.1,NSE_bhavcopy
2024-09-05,NIFTY,2024-09-26,25900.0,PE,656.15,713.2,78,6425,25145.1,NSE_bhavcopy
2024-09-05,NIFTY,2024-09-05,25900.0,PE,670.0,753.3,760,5800,25145.1,NSE_bhavcopy
2024-09-05,NIFTY,2024-09-05,26050.0,CE,0.35,0.1,318231,817925,25145.1,NSE_bhavcopy
2024-09-05,NIFTY,2024-09-05,24550.0,CE,662.6,596.3,318,4475,25145.1,NSE_bhavcopy
2024-09-05,NIFTY,2024-09-26,23550.0,PE,28.15,25.9,1220,44350,25145.1,NSE_bhavcopy
2024-09-05,NIFTY,2024-09-05,23550.0,CE,1571.55,1571.55,1,50,25145.1,NSE_bhavcopy
2024-09-05,NIFTY,2024-09-26,25550.0,PE,437.0,462.4,227,15150,25145.1,NSE_bhavcopy
2024-09-05,NIFTY,2024-09-26,26250.0,PE,962.0,973.0,2,175,25145.1,NSE_bhavcopy
2024-09-05,NIFTY,2024-09-26,26250.0,CE,22.05,17.45,1076,29575,25145.1,NSE_bhavcopy
2024-09-05,NIFTY,2024-09-26,24250.0,CE,1063.1,1063.1,1,7325,25145.1,NSE_bhavcopy
2024-09-05,NIFTY,2024-09-05,24250.0,PE,0.35,0.1,116330,459300,25145.1,NSE_bhavcopy
2024-09-05,NIFTY,2024-09-26,24250.0,PE,71.0,67.45,2189,59750,25145.1,NSE_bhavcopy
2024-09-05,NIFTY,2024-09-05,24250.0,CE,981.0,896.35,949,4900,25145.1,NSE_bhavcopy
2024-09-05,NIFTY,2024-09-05,23650.0,PE,0.35,0.1,16298,53100,25145.1,NSE_bhavcopy
2024-09-05,NIFTY,2024-09-26,23650.0,PE,29.9,29.7,990,33650,25145.1,NSE_bhavcopy
2024-09-05,NIFTY,2024-09-26,23650.0,CE,0.0,1721.75,0,5300,25145.1,NSE_bhavcopy
2024-09-05,NIFTY,2024-09-26,24800.0,PE,148.05,159.35,32676,2382675,25145.1,NSE_bhavcopy
2024-09-05,NIFTY,2024-09-26,24800.0,CE,640.0,591.85,5561,567350,25145.1,NSE_bhavcopy
2024-09-05,NIFTY,2024-09-05,24800.0,PE,1.4,0.1,6396707,10209400,25145.1,NSE_bhavcopy
2024-09-05,NIFTY,2024-09-26,25850.0,CE,78.05,63.65,3886,89575,25145.1,NSE_bhavcopy
2024-09-05,NIFTY,2024-09-26,25700.0,PE,523.05,560.85,1192,53475,25145.1,NSE_bhavcopy
2024-09-05,NIFTY,2024-09-05,25700.0,PE,471.05,554.55,9908,110700,25145.1,NSE_bhavcopy
2024-09-05,NIFTY,2024-09-26,25650.0,PE,499.0,526.25,91,11600,25145.1,NSE_bhavcopy
2024-09-05,NIFTY,2024-09-05,25650.0,PE,439.3,506.15,2231,11975,25145.1,NSE_bhavcopy
2024-09-05,NIFTY,2024-09-05,25750.0,PE,579.0,606.6,717,7425,25145.1,NSE_bhavcopy
2024-09-05,NIFTY,2024-09-26,22650.0,PE,14.55,14.1,33,1250,25145.1,NSE_bhavcopy
2024-09-05,NIFTY,2024-09-05,22650.0,CE,0.0,2527.1,0,0,25145.1,NSE_bhavcopy
2024-09-05,NIFTY,2024-09-05,22650.0,PE,0.45,0.05,6880,34800,25145.1,NSE_bhavcopy
2024-09-05,NIFTY,2024-09-05,27000.0,PE,1760.0,1829.75,11,200,25145.1,NSE_bhavcopy
2024-09-05,NIFTY,2024-09-05,27000.0,CE,0.1,0.1,169612,1210800,25145.1,NSE_bhavcopy
2024-09-05,NIFTY,2024-09-05,22800.0,CE,2365.0,2382.5,63,1375,25145.1,NSE_bhavcopy
2024-09-05,NIFTY,2024-09-26,22800.0,PE,16.0,15.5,4526,216525,25145.1,NSE_bhavcopy
2024-09-05,NIFTY,2024-09-05,22550.0,CE,0.0,2686.25,0,0,25145.1,NSE_bhavcopy
2024-09-05,NIFTY,2024-09-05,22550.0,PE,0.25,0.05,35742,69475,25145.1,NSE_bhavcopy
2024-09-05,NIFTY,2024-09-26,22550.0,PE,0.0,12.5,0,5925,25145.1,NSE_bhavcopy
2024-09-05,NIFTY,2024-09-26,26900.0,PE,0.0,1643.95,0,850,25145.1,NSE_bhavcopy
2024-09-05,NIFTY,2024-09-05,24300.0,CE,917.6,848.25,1294,33575,25145.1,NSE_bhavcopy
2024-09-05,NIFTY,2024-09-26,24300.0,PE,66.8,71.85,28847,1049725,25145.1,NSE_bhavcopy
2024-09-05,NIFTY,2024-09-05,24300.0,PE,0.4,0.05,366158,1220175,25145.1,NSE_bhavcopy
2024-09-05,NIFTY,2024-09-05,25200.0,CE,55.8,0.35,59557630,32411625,25145.1,NSE_bhavcopy
2024-09-05,NIFTY,2024-09-05,25200.0,PE,58.2,53.4,32397022,6137625,25145.1,NSE_bhavcopy
2024-09-05,NIFTY,2024-09-26,25200.0,CE,357.6,321.65,91825,1909875,25145.1,NSE_bhavcopy
2024-09-05,NIFTY,2024-09-26,25200.0,PE,255.15,285.05,113602,2473575,25145.1,NSE_bhavcopy
2024-09-05,NIFTY,2024-09-26,23200.0,PE,20.95,20.1,5071,148025,25145.1,NSE_bhavcopy
2024-09-05,NIFTY,2024-09-05,23200.0,PE,0.3,0.05,13167,136675,25145.1,NSE_bhavcopy
2024-09-05,NIFTY,2024-09-05,26750.0,CE,0.3,0.05,88030,669600,25145.1,NSE_bhavcopy
2024-09-05,NIFTY,2024-09-26,26750.0,PE,0.0,2391.55,0,0,25145.1,NSE_bhavcopy
2024-09-05,NIFTY,2024-09-05,26600.0,PE,0.0,1342.95,0,0,25145.1,NSE_bhavcopy
2024-09-05,NIFTY,2024-09-05,26600.0,CE,0.3,0.1,249219,564825,25145.1,NSE_bhavcopy
2024-09-05,NIFTY,2024-09-26,26050.0,PE,815.0,815.0,1,175,25145.1,NSE_bhavcopy
2024-09-05,NIFTY,2024-09-26,26050.0,CE,40.35,33.5,3532,62450,25145.1,NSE_bhavcopy
2024-09-05,NIFTY,2024-09-05,26700.0,CE,0.25,0.05,187291,891850,25145.1,NSE_bhavcopy
2024-09-05,NIFTY,2024-09-05,24050.0,CE,1180.0,1095.7,76,2850,25145.1,NSE_bhavcopy
2024-09-05,NIFTY,2024-09-26,16000.0,PE,1.75,2.8,18718,789275,25145.1,NSE_bhavcopy
2024-09-05,NIFTY,2024-09-26,16000.0,CE,9206.0,9173.35,313,462000,25145.1,NSE_bhavcopy
2024-09-05,NIFTY,2024-09-26,22300.0,PE,11.95,11.25,2464,244550,25145.1,NSE_bhavcopy
2024-09-05,NIFTY,2024-09-05,24500.0,CE,770.4,648.35,12538,151650,25145.1,NSE_bhavcopy
2024-09-05,NIFTY,2024-09-26,24500.0,CE,864.0,832.5,9749,1418975,25145.1,NSE_bhavcopy
2024-09-05,NIFTY,2024-09-26,24500.0,PE,95.05,98.75,77726,4439275,25145.1,NSE_bhavcopy
2024-09-05,NIFTY,2024-09-05,24500.0,PE,0.7,0.05,1706699,4053650,25145.1,NSE_bhavcopy
2024-09-05,NIFTY,2024-09-26,24600.0,PE,106.05,114.15,21429,1110725,25145.1,NSE_bhavcopy
2024-09-05,NIFTY,2024-09-26,24650.0,PE,113.55,124.6,2015,100900,25145.1,NSE_bhavcopy
2024-09-05,NIFTY,2024-09-05,24400.0,CE,840.0,747.4,1520,41875,25145.1,NSE_bhavcopy
2024-09-05,NIFTY,2024-09-05,24400.0,PE,0.6,0.1,512382,1726425,25145.1,NSE_bhavcopy
2024-09-05,NIFTY,2024-09-26,23350.0,CE,0.0,1889.6,0,350,25145.1,NSE_bhavcopy
2024-09-05,NIFTY,2024-09-26,26000.0,CE,55.05,40.5,89324,4211150,25145.1,NSE_bhavcopy
2024-09-05,NIFTY,2024-09-26,26000.0,PE,750.0,800.75,8946,833800,25145.1,NSE_bhavcopy
2024-09-05,NIFTY,2024-09-05,26000.0,PE,787.0,853.7,2754,19775,25145.1,NSE_bhavcopy
2024-09-05,NIFTY,2024-09-26,23950.0,CE,0.0,1335.55,0,4050,25145.1,NSE_bhavcopy
2024-09-05,NIFTY,2024-09-26,26600.0,PE,1335.0,1335.0,1,1175,25145.1,NSE_bhavcopy
2024-09-05,NIFTY,2024-09-26,21000.0,CE,4229.75,4209.25,241,481650,25145.1,NSE_bhavcopy
2024-09-05,NIFTY,2024-09-26,26100.0,CE,34.05,28.35,28898,1031675,25145.1,NSE_bhavcopy
2024-09-05,NIFTY,2024-09-26,24300.0,CE,1064.0,1001.15,977,181225,25145.1,NSE_bhavcopy
2024-09-05,NIFTY,2024-09-05,25400.0,PE,187.0,253.6,693619,306450,25145.1,NSE_bhavcopy
2024-09-05,NIFTY,2024-09-05,24900.0,CE,285.85,246.4,143146,442625,25145.1,NSE_bhavcopy
2024-09-05,NIFTY,2024-09-05,24900.0,PE,2.25,0.1,8608804,6821000,25145.1,NSE_bhavcopy
2024-09-05,NIFTY,2024-09-26,25250.0,CE,330.0,292.7,14837,152000,25145.1,NSE_bhavcopy
2024-09-05,NIFTY,2024-09-26,24050.0,PE,49.9,50.05,1505,56000,25145.1,NSE_bhavcopy
2024-09-05,NIFTY,2024-09-05,24050.0,PE,0.25,0.05,94650,671750,25145.1,NSE_bhavcopy
2024-09-05,NIFTY,2024-09-26,24050.0,CE,0.0,1235.65,0,3050,25145.1,NSE_bhavcopy
2024-09-05,NIFTY,2024-09-05,22750.0,PE,0.45,0.1,30134,66300,25145.1,NSE_bhavcopy
2024-09-05,NIFTY,2024-09-26,23200.0,CE,2085.0,2050.0,13,14075,25145.1,NSE_bhavcopy
2024-09-05,NIFTY,2024-09-05,23200.0,CE,1960.0,1970.0,18,225,25145.1,NSE_bhavcopy
2024-09-05,NIFTY,2024-09-26,26300.0,CE,17.9,14.4,21025,806825,25145.1,NSE_bhavcopy
2024-09-05,NIFTY,2024-09-26,24700.0,CE,726.6,668.9,836,195050,25145.1,NSE_bhavcopy
2024-09-05,NIFTY,2024-09-05,23400.0,CE,1800.0,1748.7,78,3275,25145.1,NSE_bhavcopy
2024-09-05,NIFTY,2024-09-26,26350.0,PE,0.0,1369.5,0,150,25145.1,NSE_bhavcopy
2024-09-05,NIFTY,2024-09-05,26350.0,CE,0.3,0.1,130899,568475,25145.1,NSE_bhavcopy
2024-09-05,NIFTY,2024-09-26,24650.0,CE,720.0,728.2,3,9825,25145.1,NSE_bhavcopy
2024-09-05,NIFTY,2024-09-05,24650.0,CE,580.0,497.0,2149,8925,25145.1,NSE_bhavcopy
2024-09-05,NIFTY,2024-09-26,24400.0,PE,79.75,84.05,26992,1330125,25145.1,NSE_bhavcopy
2024-09-05,NIFTY,2024-09-26,22950.0,CE,0.0,2089.75,0,100,25145.1,NSE_bhavcopy
2024-09-05,NIFTY,2024-09-05,25550.0,CE,1.65,0.1,5210398,4907400,25145.1,NSE_bhavcopy
2024-09-05,NIFTY,2024-09-26,25550.0,CE,173.05,150.3,4319,97225,25145.1,NSE_bhavcopy
2024-09-05,NIFTY,2024-09-05,25500.0,PE,315.65,353.45,179641,255350,25145.1,NSE_bhavcopy
2024-09-05,NIFTY,2024-09-26,23850.0,PE,35.7,38.9,722,62200,25145.1,NSE_bhavcopy
2024-09-05,NIFTY,2024-09-05,26950.0,CE,0.2,0.05,66565,421475,25145.1,NSE_bhavcopy
2024-09-05,NIFTY,2024-09-26,26950.0,PE,0.0,2562.05,0,0,25145.1,NSE_bhavcopy
2024-09-05,NIFTY,2024-09-26,26950.0,CE,0.0,143.25,0,0,25145.1,NSE_bhavcopy
2024-09-05,NIFTY,2024-09-05,22750.0,CE,0.0,2447.85,0,125,25145.1,NSE_bhavcopy
2024-09-05,NIFTY,2024-09-26,19000.0,PE,4.2,3.65,887,271300,25145.1,NSE_bhavcopy
2024-09-05,NIFTY,2024-09-26,22900.0,CE,0.0,2318.9,0,2125,25145.1,NSE_bhavcopy
2024-09-05,NIFTY,2024-09-05,22900.0,CE,2180.0,2238.95,143,1100,25145.1,NSE_bhavcopy
2024-09-05,NIFTY,2024-09-05,23250.0,PE,0.3,0.05,5820,32525,25145.1,NSE_bhavcopy
2024-09-05,NIFTY,2024-09-26,22600.0,CE,2667.35,2667.35,1,3875,25145.1,NSE_bhavcopy
2024-09-05,NIFTY,2024-09-26,25050.0,PE,207.15,231.0,3408,119450,25145.1,NSE_bhavcopy
2024-09-05,NIFTY,2024-09-26,25050.0,CE,450.05,416.2,1125,52450,25145.1,NSE_bhavcopy
2024-09-05,NIFTY,2024-09-05,24850.0,PE,2.0,0.1,4969711,4275475,25145.1,NSE_bhavcopy
2024-09-05,NIFTY,2024-09-05,24000.0,CE,1205.5,1147.6,4072,23200,25145.1,NSE_bhavcopy
2024-09-05,NIFTY,2024-09-05,26550.0,PE,0.0,1272.1,0,25,25145.1,NSE_bhavcopy
2024-09-05,NIFTY,2024-09-05,22950.0,CE,0.0,2237.55,0,0,25145.1,NSE_bhavcopy
2024-09-05,NIFTY,2024-09-05,22950.0,PE,0.5,0.05,3689,23875,25145.1,NSE_bhavcopy
2024-09-05,NIFTY,2024-09-26,25400.0,CE,241.5,214.95,36838,1032125,25145.1,NSE_bhavcopy
2024-09-05,NIFTY,2024-09-26,22250.0,CE,0.0,2920.0,0,19550,25145.1,NSE_bhavcopy
2024-09-05,NIFTY,2024-09-26,25500.0,PE,422.0,434.8,29507,1592850,25145.1,NSE_bhavcopy
2024-09-05,NIFTY,2024-09-05,25500.0,CE,1.9,0.15,10970754,7978300,25145.1,NSE_bhavcopy
2024-09-05,NIFTY,2024-09-05,23050.0,CE,0.0,2169.05,0,0,25145.1,NSE_bhavcopy
2024-09-05,NIFTY,2024-09-05,26350.0,PE,1117.5,1258.65,13,75,25145.1,NSE_bhavcopy
2024-09-05,NIFTY,2024-09-26,26450.0,CE,12.1,9.4,558,16825,25145.1,NSE_bhavcopy
2024-09-05,NIFTY,2024-09-26,21000.0,PE,5.1,5.1,4458,1164000,25145.1,NSE_bhavcopy
2024-09-05,NIFTY,2024-09-26,26700.0,PE,0.0,1463.0,0,1150,25145.1,NSE_bhavcopy
2024-09-05,NIFTY,2024-09-05,26050.0,PE,813.0,904.35,19,675,25145.1,NSE_bhavcopy
2024-09-05,NIFTY,2024-09-26,26700.0,CE,7.8,6.45,8086,253600,25145.1,NSE_bhavcopy
2024-09-05,NIFTY,2024-09-26,23700.0,PE,30.85,31.8,16485,600400,25145.1,NSE_bhavcopy
2024-09-05,NIFTY,2024-09-26,23700.0,CE,1606.4,1575.9,31,9450,25145.1,NSE_bhavcopy
2024-09-05,NIFTY,2024-09-26,23750.0,CE,0.0,1432.55,0,775,25145.1,NSE_bhavcopy
2024-09-05,NIFTY,2024-09-26,25350.0,PE,360.0,351.55,2087,74025,25145.1,NSE_bhavcopy
2024-09-05,NIFTY,2024-09-26,25350.0,CE,268.65,238.95,4329,113125,25145.1,NSE_bhavcopy
2024-09-05,NIFTY,2024-09-26,24750.0,PE,136.2,145.7,3639,116450,25145.1,NSE_bhavcopy
2024-09-05,NIFTY,2024-09-05,24750.0,CE,474.0,396.8,3594,16150,25145.1,NSE_bhavcopy
2024-09-05,NIFTY,2024-09-05,24750.0,PE,1.45,0.1,3442913,5836725,25145.1,NSE_bhavcopy
2024-09-05,NIFTY,2024-09-26,22400.0,PE,12.4,11.9,8603,213350,25145.1,NSE_bhavcopy
2024-09-05,NIFTY,2024-09-26,24450.0,PE,85.0,90.9,959,54650,25145.1,NSE_bhavcopy
2024-09-05,NIFTY,2024-09-05,24450.0,CE,784.65,698.15,603,3350,25145.1,NSE_bhavcopy
2024-09-05,NIFTY,2024-09-26,25000.0,PE,210.1,217.2,163065,10540775,25145.1,NSE_bhavcopy
2024-09-05,NIFTY,2024-09-05,25800.0,CE,0.85,0.1,2037067,6474250,25145.1,NSE_bhavcopy
2024-09-05,NIFTY,2024-09-05,25800.0,PE,570.45,653.8,1318,23525,25145.1,NSE_bhavcopy
2024-09-05,NIFTY,2024-09-05,25000.0,CE,196.4,146.8,1650022,1163275,25145.1,NSE_bhavcopy
2024-09-05,NIFTY,2024-09-05,25750.0,CE,0.65,0.1,1618461,4610675,25145.1,NSE_bhavcopy
2024-09-05,NIFTY,2024-09-26,25750.0,PE,572.5,598.15,42,4725,25145.1,NSE_bhavcopy
2024-09-05,NIFTY,2024-09-26,24100.0,PE,59.0,53.75,10158,399050,25145.1,NSE_bhavcopy
2024-09-05,NIFTY,2024-09-05,24100.0,PE,0.35,0.05,143641,930925,25145.1,NSE_bhavcopy
2024-09-05,NIFTY,2024-09-26,23950.0,PE,42.4,43.7,1643,86550,25145.1,NSE_bhavcopy
2024-09-05,NIFTY,2024-09-05,26250.0,PE,0.0,953.6,0,25,25145.1,NSE_bhavcopy
2024-09-05,NIFTY,2024-09-05,26250.0,CE,0.25,0.1,268482,1253775,25145.1,NSE_bhavcopy
2024-09-05,NIFTY,2024-09-26,24600.0,CE,788.3,744.65,712,113375,25145.1,NSE_bhavcopy
2024-09-05,NIFTY,2024-09-26,22000.0,CE,3268.0,3225.15,244,456150,25145.1,NSE_bhavcopy
2024-09-05,NIFTY,2024-09-26,26550.0,PE,0.0,1396.8,0,75,25145.1,NSE_bhavcopy
2024-09-05,NIFTY,2024-09-26,24350.0,PE,73.55,77.9,1383,63750,25145.1,NSE_bhavcopy
2024-09-05,NIFTY,2024-09-05,26450.0,CE,0.3,0.1,202446,645525,25145.1,NSE_bhavcopy
2024-09-05,NIFTY,2024-09-05,26450.0,PE,0.0,1186.25,0,875,25145.1,NSE_bhavcopy
2024-09-05,NIFTY,2024-09-26,26450.0,PE,0.0,1410.35,0,125,25145.1,NSE_bhavcopy
2024-09-05,NIFTY,2024-09-05,22700.0,CE,2470.0,2451.0,33,350,25145.1,NSE_bhavcopy
2024-09-05,NIFTY,2024-09-05,22700.0,PE,0.15,0.1,28945,115775,25145.1,NSE_bhavcopy
2024-09-05,NIFTY,2024-09-26,24400.0,CE,976.95,914.05,158,83475,25145.1,NSE_bhavcopy
2024-09-05,NIFTY,2024-09-05,25300.0,PE,112.2,153.55,4468894,2460800,25145.1,NSE_bhavcopy
2024-09-05,NIFTY,2024-09-26,22700.0,CE,0.0,2620.0,0,4475,25145.1,NSE_bhavcopy
2024-09-05,NIFTY,2024-09-05,23850.0,PE,0.3,0.05,42078,268075,25145.1,NSE_bhavcopy
2024-09-05,NIFTY,2024-09-05,26100.0,PE,908.6,953.9,107,3975,25145.1,NSE_bhavcopy
2024-09-05,NIFTY,2024-09-05,22250.0,PE,0.15,0.05,361858,2507400,25145.1,NSE_bhavcopy
2024-09-05,NIFTY,2024-09-05,22250.0,CE,3030.35,2894.95,6,175,25145.1,NSE_bhavcopy
2024-09-05,NIFTY,2024-09-05,23000.0,PE,0.45,0.05,83927,853625,25145.1,NSE_bhavcopy
2024-09-05,NIFTY,2024-09-05,25550.0,PE,371.0,404.55,18958,113900,25145.1,NSE_bhavcopy
2024-09-05,NIFTY,2024-09-26,26100.0,PE,825.05,885.65,145,6850,25145.1,NSE_bhavcopy
2024-09-05,NIFTY,2024-09-05,26100.0,CE,0.25,0.1,408273,1502300,25145.1,NSE_bhavcopy
2024-09-05,NIFTY,2024-09-26,28000.0,CE,3.35,2.9,3802,489425,25145.1,NSE_bhavcopy
2024-09-05,NIFTY,2024-09-05,26750.0,PE,0.0,1486.65,0,0,25145.1,NSE_bhavcopy
2024-09-05,NIFTY,2024-09-05,25050.0,CE,174.9,96.85,2171174,854950,25145.1,NSE_bhavcopy
2024-09-05,NIFTY,2024-09-26,26500.0,PE,1200.0,1264.1,582,259275,25145.1,NSE_bhavcopy
2024-09-05,NIFTY,2024-09-05,24600.0,PE,0.4,0.1,1569299,2987600,25145.1,NSE_bhavcopy
2024-09-05,NIFTY,2024-09-05,23850.0,CE,0.0,1307.05,0,875,25145.1,NSE_bhavcopy
2024-09-05,NIFTY,2024-09-26,23850.0,CE,0.0,1400.0,0,575,25145.1,NSE_bhavcopy
2024-09-05,NIFTY,2024-09-26,25950.0,PE,764.3,764.3,1,1875,25145.1,NSE_bhavcopy
2024-09-05,NIFTY,2024-09-05,26700.0,PE,1450.4,1505.0,6,100,25145.1,NSE_bhavcopy
2024-09-05,NIFTY,2024-09-05,27050.0,PE,1935.0,1876.05,2,50,25145.1,NSE_bhavcopy
2024-09-05,NIFTY,2024-09-05,27050.0,CE,0.2,0.05,155015,977450,25145.1,NSE_bhavcopy
2024-09-05,NIFTY,2024-09-26,27050.0,CE,6.95,4.95,79,2325,25145.1,NSE_bhavcopy
2024-09-05,NIFTY,2024-09-05,26500.0,CE,0.25,0.05,737659,4727650,25145.1,NSE_bhavcopy
2024-09-05,NIFTY,2024-09-26,26500.0,CE,11.1,9.05,34788,1319025,25145.1,NSE_bhavcopy
2024-09-05,NIFTY,2024-09-05,26500.0,PE,1278.1,1353.7,325,3800,25145.1,NSE_bhavcopy
2024-09-05,NIFTY,2024-09-05,24350.0,PE,0.4,0.1,146921,755025,25145.1,NSE_bhavcopy
2024-09-05,NIFTY,2024-09-26,24350.0,CE,0.0,973.25,0,5975,25145.1,NSE_bhavcopy
2024-09-05,NIFTY,2024-09-26,25250.0,PE,290.0,305.55,9513,124450,25145.1,NSE_bhavcopy
2024-09-05,NIFTY,2024-09-05,24850.0,CE,380.9,296.5,21965,33225,25145.1,NSE_bhavcopy
2024-09-05,NIFTY,2024-09-05,23150.0,PE,0.35,0.1,7469,31300,25145.1,NSE_bhavcopy
2024-09-05,NIFTY,2024-09-26,23150.0,PE,25.0,19.25,49,2850,25145.1,NSE_bhavcopy
2024-09-05,NIFTY,2024-09-26,23150.0,CE,0.0,2020.0,0,1400,25145.1,NSE_bhavcopy
2024-09-05,NIFTY,2024-09-26,22850.0,PE,0.0,18.5,0,1850,25145.1,NSE_bhavcopy
2024-09-05,NIFTY,2024-09-05,23050.0,PE,0.5,0.05,4808,23775,25145.1,NSE_bhavcopy
2024-09-05,NIFTY,2024-09-26,23050.0,PE,19.15,18.1,399,4875,25145.1,NSE_bhavcopy
2024-09-05,NIFTY,2024-09-05,24650.0,PE,0.7,0.15,1726132,2748725,25145.1,NSE_bhavcopy
2024-09-05,NIFTY,2024-09-26,24000.0,CE,1332.0,1276.25,2096,836125,25145.1,NSE_bhavcopy
2024-09-05,NIFTY,2024-09-26,22000.0,PE,9.05,9.75,19994,2632125,25145.1,NSE_bhavcopy
2024-09-05,NIFTY,2024-09-26,26850.0,CE,0.0,155.75,0,0,25145.1,NSE_bhavcopy
2024-09-05,NIFTY,2024-09-05,26850.0,CE,0.3,0.05,365694,896225,25145.1,NSE_bhavcopy
2024-09-05,NIFTY,2024-09-05,26850.0,PE,0.0,1684.1,0,200,25145.1,NSE_bhavcopy
2024-09-05,NIFTY,2024-09-26,26850.0,PE,0.0,2476.35,0,0,25145.1,NSE_bhavcopy
2024-09-05,NIFTY,2024-09-26,22700.0,PE,15.35,14.25,12312,232775,25145.1,NSE_bhavcopy
2024-09-05,NIFTY,2024-09-05,24000.0,PE,0.4,0.05,666586,2592425,25145.1,NSE_bhavcopy
2024-09-05,NIFTY,2024-09-26,18000.0,CE,0.0,7140.0,0,12700,25145.1,NSE_bhavcopy
2024-09-05,NIFTY,2024-09-26,26550.0,CE,12.0,8.55,609,33425,25145.1,NSE_bhavcopy
2024-09-05,NIFTY,2024-09-05,24150.0,PE,0.4,0.05,64492,285850,25145.1,NSE_bhavcopy
2024-09-05,NIFTY,2024-09-26,20000.0,CE,5315.15,5211.0,33,326600,25145.1,NSE_bhavcopy
2024-09-05,NIFTY,2024-09-26,20000.0,PE,4.25,4.5,2555,735425,25145.1,NSE_bhavcopy
2024-09-05,NIFTY,2024-09-05,25100.0,PE,19.95,0.3,41859314,14051450,25145.1,NSE_bhavcopy
2024-09-05,NIFTY,2024-09-26,25100.0,CE,420.0,385.55,41906,1207725,25145.1,NSE_bhavcopy
2024-09-05,NIFTY,2024-09-05,24600.0,CE,630.0,546.55,12311,115700,25145.1,NSE_bhavcopy
2024-09-05,NIFTY,2024-09-26,24000.0,PE,52.0,46.85,68223,4289175,25145.1,NSE_bhavcopy
2024-09-05,NIFTY,2024-09-26,22750.0,PE,19.5,14.5,112,3325,25145.1,NSE_bhavcopy
2024-09-05,NIFTY,2024-09-26,23450.0,PE,0.0,28.55,0,9475,25145.1,NSE_bhavcopy
2024-09-05,NIFTY,2024-09-05,26900.0,PE,0.0,1760.0,0,75,25145.1,NSE_bhavcopy
2024-09-05,NIFTY,2024-09-05,23450.0,CE,0.0,1855.0,0,50,25145.1,NSE_bhavcopy
2024-09-05,NIFTY,2024-09-26,22750.0,CE,0.0,1850.0,0,125,25145.1,NSE_bhavcopy
2024-09-05,NIFTY,2024-09-26,22650.0,CE,0.0,2373.1,0,125,25145.1,NSE_bhavcopy
2024-09-05,NIFTY,2024-09-26,27000.0,PE,1705.95,1756.45,733,541425,25145.1,NSE_bhavcopy
2024-09-05,NIFTY,2024-09-05,26950.0,PE,1690.0,1690.0,10,475,25145.1,NSE_bhavcopy
2024-09-05,NIFTY,2024-09-26,27000.0,CE,5.45,5.1,19170,1596225,25145.1,NSE_bhavcopy
2024-09-05,NIFTY,2024-09-26,24100.0,CE,1249.55,1179.9,50,37150,25145.1,NSE_bhavcopy
2024-09-05,NIFTY,2024-09-05,24100.0,CE,1113.4,1046.45,431,12500,25145.1,NSE_bhavcopy
2024-09-05,NIFTY,2024-09-26,23300.0,CE,1924.95,1923.85,2,8550,25145.1,NSE_bhavcopy
2024-09-05,NIFTY,2024-09-26,23300.0,PE,22.25,21.45,3710,204025,25145.1,NSE_bhavcopy
2024-09-05,NIFTY,2024-09-05,26300.0,PE,0.0,1129.55,0,50,25145.1,NSE_bhavcopy
2024-09-05,NIFTY,2024-09-05,25450.0,CE,3.5,0.15,10561249,6640575,25145.1,NSE_bhavcopy
2024-09-05,NIFTY,2024-09-26,25450.0,CE,223.3,191.35,3633,74900,25145.1,NSE_bhavcopy
2024-09-05,NIFTY,2024-09-05,23750.0,PE,0.35,0.05,14226,59200,25145.1,NSE_bhavcopy
2024-09-05,NIFTY,2024-09-26,28000.0,PE,2685.0,2741.9,925,250875,25145.1,NSE_bhavcopy
2024-09-05,NIFTY,2024-09-26,27050.0,PE,0.0,2648.6,0,0,25145.1,NSE_bhavcopy
2024-09-05,NIFTY,2024-09-05,22900.0,PE,0.45,0.05,10349,131375,25145.1,NSE_bhavcopy
2024-09-05,NIFTY,2024-09-26,22500.0,CE,2780.0,2727.85,97,172850,25145.1,NSE_bhavcopy
2024-09-05,NIFTY,2024-09-26,23500.0,CE,1806.95,1749.3,663,262325,25145.1,NSE_bhavcopy
2024-09-05,NIFTY,2024-09-26,23600.0,PE,31.6,27.75,5133,371775,25145.1,NSE_bhavcopy
2024-09-05,NIFTY,2024-09-26,23600.0,CE,1690.0,1652.0,9,25000,25145.1,NSE_bhavcopy
2024-09-05,NIFTY,2024-09-05,23600.0,PE,0.15,0.05,149546,824975,25145.1,NSE_bhavcopy
2024-09-05,NIFTY,2024-09-05,22800.0,PE,0.25,0.05,31862,103550,25145.1,NSE_bhavcopy
2024-09-05,NIFTY,2024-09-26,22800.0,CE,2455.0,2426.8,3,2475,25145.1,NSE_bhavcopy
2024-09-05,NIFTY,2024-09-26,26900.0,CE,6.5,5.4,657,46150,25145.1,NSE_bhavcopy
2024-09-05,NIFTY,2024-09-05,25600.0,CE,0.75,0.1,6020842,11660250,25145.1,NSE_bhavcopy
2024-09-05,NIFTY,2024-09-05,25600.0,PE,382.4,454.2,22820,52400,25145.1,NSE_bhavcopy
2024-09-05,NIFTY,2024-09-26,25600.0,CE,153.35,132.75,34028,753875,25145.1,NSE_bhavcopy
2024-09-05,NIFTY,2024-09-26,25600.0,PE,454.05,493.25,2011,76425,25145.1,NSE_bhavcopy
2024-09-05,NIFTY,2024-09-05,25350.0,PE,160.0,203.6,969674,297600,25145.1,NSE_bhavcopy
2024-09-05,NIFTY,2024-09-05,25350.0,CE,18.0,0.15,14773719,6020900,25145.1,NSE_bhavcopy
2024-09-05,NIFTY,2024-09-26,24750.0,CE,695.0,628.1,114,24825,25145.1,NSE_bhavcopy
2024-09-05,NIFTY,2024-09-05,24700.0,PE,0.4,0.1,4349587,4548675,25145.1,NSE_bhavcopy
2024-09-05,NIFTY,2024-09-05,23400.0,PE,0.35,0.05,28325,150600,25145.1,NSE_bhavcopy
2024-09-05,NIFTY,2024-09-26,25450.0,PE,370.0,403.6,348,28425,25145.1,NSE_bhavcopy
2024-09-05,NIFTY,2024-09-05,25000.0,PE,12.0,0.15,20214693,10239000,25145.1,NSE_bhavcopy
2024-09-05,NIFTY,2024-09-05,23800.0,PE,0.2,0.1,102318,1022325,25145.1,NSE_bhavcopy
2024-09-05,NIFTY,2024-09-05,23350.0,PE,0.35,0.05,92501,95400,25145.1,NSE_bhavcopy
2024-09-05,NIFTY,2024-09-05,23350.0,CE,0.0,1919.6,0,2100,25145.1,NSE_bhavcopy
2024-09-05,NIFTY,2024-09-05,26000.0,CE,0.35,0.1,2129178,8835700,25145.1,NSE_bhavcopy
2024-09-05,NIFTY,2024-09-26,24200.0,CE,1160.0,1091.75,407,89525,25145.1,NSE_bhavcopy
2024-09-05,NIFTY,2024-09-05,22850.0,CE,0.0,2333.5,0,0,25145.1,NSE_bhavcopy
2024-09-05,NIFTY,2024-09-05,22850.0,PE,0.45,0.1,13551,48450,25145.1,NSE_bhavcopy
2024-09-05,NIFTY,2024-09-05,23750.0,CE,1496.15,1395.6,13,100,25145.1,NSE_bhavcopy
2024-09-05,NIFTY,2024-09-05,24950.0,CE,265.0,196.75,174641,225675,25145.1,NSE_bhavcopy
2024-09-05,NIFTY,2024-09-05,24950.0,PE,3.0,0.15,9031747,4485275,25145.1,NSE_bhavcopy
2024-09-05,NIFTY,2024-09-05,23150.0,CE,0.0,2047.85,0,0,25145.1,NSE_bhavcopy
2024-09-05,NIFTY,2024-09-05,25950.0,PE,713.9,803.7,191,12550,25145.1,NSE_bhavcopy
2024-09-05,NIFTY,2024-09-05,25950.0,CE,0.35,0.1,656226,1851025,25145.1,NSE_bhavcopy
2024-09-05,NIFTY,2024-09-26,23100.0,PE,19.0,19.15,1058,108525,25145.1,NSE_bhavcopy
2024-09-05,NIFTY,2024-09-26,23100.0,CE,2125.35,2125.35,2,7700,25145.1,NSE_bhavcopy
2024-09-05,NIFTY,2024-09-26,22250.0,PE,12.4,11.35,27,15100,25145.1,NSE_bhavcopy
2024-09-05,NIFTY,2024-09-05,23550.0,PE,0.7,0.1,6158,30900,25145.1,NSE_bhavcopy
2024-09-05,NIFTY,2024-09-26,24550.0,CE,830.75,787.9,21,11050,25145.1,NSE_bhavcopy
2024-09-05,NIFTY,2024-09-05,24550.0,PE,0.5,0.1,460609,1043350,25145.1,NSE_bhavcopy
2024-09-05,NIFTY,2024-09-26,25500.0,CE,210.0,171.6,84574,2675275,25145.1,NSE_bhavcopy
2024-09-05,NIFTY,2024-09-05,23300.0,CE,1910.0,1834.1,93,1350,25145.1,NSE_bhavcopy
2024-09-05,NIFTY,2024-09-26,22850.0,CE,0.0,2186.6,0,125,25145.1,NSE_bhavcopy
2024-09-05,NIFTY,2024-09-26,25100.0,PE,229.55,249.7,91011,2539100,25145.1,NSE_bhavcopy
2024-09-05,NIFTY,2024-09-05,25100.0,CE,135.85,46.95,13096481,5260375,25145.1,NSE_bhavcopy
2024-09-05,NIFTY,2024-09-05,23450.0,PE,0.35,0.05,5603,26200,25145.1,NSE_bhavcopy
2024-09-05,NIFTY,2024-09-05,26900.0,CE,0.3,0.05,110567,1077525,25145.1,NSE_bhavcopy
2024-09-05,NIFTY,2024-09-05,24200.0,PE,0.4,0.05,288378,1465700,25145.1,NSE_bhavcopy
2024-09-05,NIFTY,2024-09-26,23050.0,CE,0.0,2242.6,0,250,25145.1,NSE_bhavcopy
2024-09-05,NIFTY,2024-09-26,26350.0,CE,81.5,13.7,404,6475,25145.1,NSE_bhavcopy
2024-09-05,NIFTY,2024-09-26,25950.0,CE,58.0,46.45,2835,58850,25145.1,NSE_bhavcopy
2024-09-05,NIFTY,2024-09-05,23500.0,PE,0.2,0.05,173280,1960425,25145.1,NSE_bhavcopy
2024-09-05,NIFTY,2024-09-26,22500.0,PE,13.5,12.35,27048,1802375,25145.1,NSE_bhavcopy
2024-09-05,NIFTY,2024-09-26,23500.0,PE,27.75,25.45,40863,2094800,25145.1,NSE_bhavcopy
2024-09-05,NIFTY,2024-09-26,26150.0,PE,0.0,1205.05,0,275,25145.1,NSE_bhavcopy
2024-09-05,NIFTY,2024-09-05,23700.0,CE,1518.85,1449.05,87,1225,25145.1,NSE_bhavcopy
2024-09-05,NIFTY,2024-09-05,23700.0,PE,0.2,0.05,109785,248700,25145.1,NSE_bhavcopy
2024-09-05,NIFTY,2024-09-26,23750.0,PE,33.25,33.45,1038,45800,25145.1,NSE_bhavcopy
2024-09-05,NIFTY,2024-09-26,24950.0,CE,535.05,483.55,367,30625,25145.1,NSE_bhavcopy
2024-09-05,NIFTY,2024-09-05,24800.0,CE,425.0,346.6,44953,214400,25145.1,NSE_bhavcopy
2024-09-05,NIFTY,2024-09-05,25650.0,CE,0.6,0.15,2839955,5952875,25145.1,NSE_bhavcopy
2024-09-05,NIFTY,2024-09-26,23350.0,PE,26.0,23.45,71,4725,25145.1,NSE_bhavcopy
2024-09-05,NIFTY,2024-09-05,24200.0,CE,1026.05,947.1,1407,21075,25145.1,NSE_bhavcopy
2024-09-05,NIFTY,2024-09-26,24200.0,PE,63.1,61.5,22291,915175,25145.1,NSE_bhavcopy
2024-09-05,NIFTY,2024-09-05,22500.0,CE,2727.35,2648.95,51,825,25145.1,NSE_bhavcopy
2024-09-05,NIFTY,2024-09-26,17000.0,CE,0.0,8263.95,0,50,25145.1,NSE_bhavcopy
2024-09-05,NIFTY,2024-09-05,23800.0,CE,1415.0,1347.75,299,4800,25145.1,NSE_bhavcopy
2024-09-05,NIFTY,2024-09-26,23800.0,CE,1529.95,1469.45,21,10200,25145.1,NSE_bhavcopy
2024-09-05,NIFTY,2024-09-26,25650.0,CE,126.9,115.15,2742,70350,25145.1,NSE_bhavcopy
2024-09-05,NIFTY,2024-09-26,26750.0,CE,6.6,6.4,54,14775,25145.1,NSE_bhavcopy
2024-09-05,NIFTY,2024-09-26,26600.0,CE,8.95,7.5,4170,158550,25145.1,NSE_bhavcopy
2024-09-05,NIFTY,2024-09-05,25250.0,CE,40.0,0.25,31676135,11689850,25145.1,NSE_bhavcopy
2024-09-05,NIFTY,2024-09-05,25050.0,PE,11.0,0.15,21814250,6541500,25145.1,NSE_bhavcopy
2024-09-05,NIFTY,2024-09-26,25300.0,CE,300.55,264.7,75669,1444450,25145.1,NSE_bhavcopy
2024-09-05,NIFTY,2024-09-26,25300.0,PE,301.4,327.6,62602,1906200,25145.1,NSE_bhavcopy
2024-09-05,NIFTY,2024-09-05,26400.0,PE,1192.55,1253.95,5,800,25145.1,NSE_bhavcopy
2024-09-05,NIFTY,2024-09-05,23600.0,CE,1650.0,1546.9,414,6075,25145.1,NSE_bhavcopy
2024-09-05,NIFTY,2024-09-26,22550.0,CE,0.0,2463.95,0,150,25145.1,NSE_bhavcopy
2024-09-05,NIFTY,2024-09-26,23450.0,CE,0.0,1205.9,0,100,25145.1,NSE_bhavcopy
2024-09-05,NIFTY,2024-09-26,26800.0,CE,6.6,6.25,618,7575,25145.1,NSE_bhavcopy
2024-09-05,NIFTY,2024-09-05,26800.0,PE,1436.5,1436.5,2,50,25145.1,NSE_bhavcopy
2024-09-05,NIFTY,2024-09-05,23950.0,PE,0.35,0.05,75862,423550,25145.1,NSE_bhavcopy
2024-09-05,NIFTY,2024-09-05,23950.0,CE,1299.75,1198.05,7,225,25145.1,NSE_bhavcopy
2024-09-05,NIFTY,2024-09-26,25800.0,PE,599.95,633.35,2869,78600,25145.1,NSE_bhavcopy
2024-09-05,NIFTY,2024-09-26,25800.0,CE,92.0,75.45,44552,1746700,25145.1,NSE_bhavcopy
2024-09-05,NIFTY,2024-09-26,24950.0,PE,191.0,199.35,2376,108875,25145.1,NSE_bhavcopy
2024-09-05,NIFTY,2024-09-05,23500.0,CE,1712.0,1649.1,1613,10725,25145.1,NSE_bhavcopy
2024-09-05,NIFTY,2024-09-05,22500.0,PE,0.2,0.05,142347,977600,25145.1,NSE_bhavcopy
2024-09-05,NIFTY,2024-09-26,17000.0,PE,2.55,3.05,2739,63800,25145.1,NSE_bhavcopy
2024-09-05,NIFTY,2024-09-26,23800.0,PE,40.4,35.65,11862,743700,25145.1,NSE_bhavcopy
2024-09-05,NIFTY,2024-09-26,25400.0,PE,350.05,377.05,17410,956350,25145.1,NSE_bhavcopy
2024-09-05,NIFTY,2024-09-26,24900.0,CE,549.0,519.95,3521,513200,25145.1,NSE_bhavcopy
2024-09-05,NIFTY,2024-09-26,24900.0,PE,182.95,185.2,16838,1400325,25145.1,NSE_bhavcopy
2024-09-05,NIFTY,2024-09-05,24350.0,CE,860.7,796.35,146,2125,25145.1,NSE_bhavcopy
2024-09-05,NIFTY,2024-09-05,23100.0,PE,0.3,0.05,10955,115525,25145.1,NSE_bhavcopy
2024-09-05,NIFTY,2024-09-05,23100.0,CE,2123.5,2050.0,26,675,25145.1,NSE_bhavcopy
