cycle_id,sample,previous_expiry,near_expiry,far_expiry,offset,offset_label,entry_date,status,status_detail,spot_open,strike,cbr,atm_distance_points,atm_distance_pct,pnl_inr,entry_near_pe,exit_near_pe,entry_near_ce,exit_near_ce,entry_far_ce,exit_far_ce,entry_far_pe,exit_far_pe,call_ratio,put_ratio,gate_pass,lot_near,lot_far,pnl_points
DEV_1,DEVELOPMENT,2022-01-06,2022-01-13,2022-02-03,-1,D-1,2022-01-05,EXECUTABLE,GATE_PASS,17820.099609375,17800.0,1.065324083393855,20.099609375,0.11279179025702961,-2735.0,141.65,0.15,164.75,454.0,375.0,577.0,302.65,128.6,2.276176024279211,2.136604306388987,True,50.0,50.0,-54.70000000000002
DEV_1,DEVELOPMENT,2022-01-06,2022-01-13,2022-02-03,0,D0,2022-01-06,EXECUTABLE,GATE_PASS,17768.5,17800.0,1.1712947590838771,31.5,0.17728001800939866,-3100.0,157.0,0.15,155.9,454.0,395.45,577.0,340.0,128.6,2.5365618986529825,2.1656050955414012,True,50.0,50.0,-62.00000000000003
DEV_1,DEVELOPMENT,2022-01-06,2022-01-13,2022-02-03,1,D+1,2022-01-07,EXECUTABLE,GATE_FAIL,17797.599609375,17800.0,1.3239188858770947,2.400390625,0.013487159379265836,-4977.5,151.0,0.15,144.25,454.0,417.3,577.0,329.95,128.6,2.8928942807625653,2.185099337748344,False,50.0,50.0,-99.55000000000004
DEV_1,DEVELOPMENT,2022-01-06,2022-01-13,2022-02-03,2,D+2,2022-01-10,EXECUTABLE,GATE_FAIL,17913.30078125,17900.0,1.527705154045494,13.30078125,0.07425086762302366,-2705.000000000002,147.0,0.1,115.0,356.2,406.05,551.15,339.75,150.85,3.5308695652173916,2.311224489795918,False,50.0,50.0,-54.10000000000005
DEV_1,DEVELOPMENT,2022-01-06,2022-01-13,2022-02-03,3,D+3,2022-01-11,EXECUTABLE,GATE_PASS,17997.75,18000.0,1.1039940904368573,2.25,0.012501562695336917,-879.9999999999991,105.0,0.1,117.0,252.6,399.25,476.7,324.55,179.1,3.4123931623931623,3.090952380952381,True,50.0,50.0,-17.599999999999994
DEV_1,DEVELOPMENT,2022-01-06,2022-01-13,2022-02-03,4,D+4,2022-01-12,EXECUTABLE,GATE_FAIL,18170.400390625,18200.0,2.199010069977812,29.599609375,0.162900149356488,-919.9999999999995,100.0,0.6,47.25,49.65,322.1,343.1,310.0,247.6,6.816931216931217,3.1,False,50.0,50.0,-18.400000000000006
DEV_1,DEVELOPMENT,2022-01-06,2022-01-13,2022-02-03,5,D+5,2022-01-13,EXECUTABLE,GATE_FAIL,18257.0,18250.0,1.4336768617021278,7.0,0.038341458070876924,-1499.9999999999995,50.0,4.1,44.65,6.55,327.75,319.55,256.0,270.0,7.340425531914894,5.12,False,50.0,50.0,-29.999999999999986
DEV_2,DEVELOPMENT,2022-01-13,2022-01-20,2022-02-10,-1,D-1,2022-01-12,EXECUTABLE,GATE_PASS,18170.400390625,17800.0,0.42868330223880596,370.400390625,2.0384822715084896,2987.500000000001,59.45,50.7,428.8,0.45,618.4,350.6,200.0,292.05,1.4421641791044775,3.36417157275021,True,50.0,50.0,59.75000000000006
DEV_2,DEVELOPMENT,2022-01-13,2022-01-20,2022-02-10,0,D0,2022-01-13,EXECUTABLE,GATE_PASS,18257.0,17700.0,0.2036106223912247,557.0,3.0508845922112067,4457.499999999996,27.0,1.2,570.05,43.85,730.8,398.4,170.0,248.85,1.281992807648452,6.296296296296297,True,50.0,50.0,89.14999999999995
DEV_2,DEVELOPMENT,2022-01-13,2022-01-20,2022-02-10,1,D+1,2022-01-14,EXECUTABLE,GATE_PASS,18185.0,18100.0,0.7681964784890445,85.0,0.4674182018146824,2282.5,94.85,351.7,200.15,0.2,454.05,211.15,280.1,448.35,2.268548588558581,2.953083816552452,True,50.0,50.0,45.65000000000006
DEV_2,DEVELOPMENT,2022-01-13,2022-01-20,2022-02-10,2,D+2,2022-01-17,EXECUTABLE,GATE_PASS,18235.650390625,18200.0,1.185527240163902,35.650390625,0.19549832257876565,-2.499999999996362,96.1,449.5,121.0,0.15,409.15,173.65,274.1,512.9,3.381404958677686,2.852237252861603,True,50.0,50.0,-0.049999999999926104
DEV_2,DEVELOPMENT,2022-01-13,2022-01-20,2022-02-10,3,D+3,2022-01-18,EXECUTABLE,GATE_FAIL,18337.19921875,18350.0,1.637380130418105,12.80078125,0.06980772307316731,9302.499999999996,103.25,597.55,86.9,0.15,289.4,150.95,210.0,466.55,3.3302646720368236,2.0338983050847457,False,50.0,50.0,186.04999999999995
DEV_2,DEVELOPMENT,2022-01-13,2022-01-20,2022-02-10,4,D+4,2022-01-19,EXECUTABLE,GATE_PASS,18129.19921875,18100.0,0.9392533333333333,29.19921875,0.16106182296127514,6629.999999999999,99.0,351.7,100.0,0.2,320.2,211.15,337.5,448.35,3.202,3.409090909090909,True,50.0,50.0,132.6
DEV_2,DEVELOPMENT,2022-01-13,2022-01-20,2022-02-10,5,D+5,2022-01-20,EXECUTABLE,GATE_PASS,17921.0,17900.0,0.630875300504452,21.0,0.11718096088387925,3420.0000000000023,45.0,152.8,91.65,0.25,364.2,295.6,283.45,345.65,3.973813420621931,6.2988888888888885,True,50.0,50.0,68.40000000000006
DEV_3,DEVELOPMENT,2022-01-20,2022-01-27,2022-02-17,-1,D-1,2022-01-19,NO_EXECUTABLE_COMMON_STRIKE,,18129.19921875,,,,,,,,,,,,,,,,,,,
DEV_3,DEVELOPMENT,2022-01-20,2022-01-27,2022-02-17,0,D0,2022-01-20,NO_EXECUTABLE_COMMON_STRIKE,,17921.0,,,,,,,,,,,,,,,,,,,
DEV_3,DEVELOPMENT,2022-01-20,2022-01-27,2022-02-17,1,D+1,2022-01-21,EXECUTABLE,GATE_PASS,17613.69921875,17700.0,0.8003448275862068,86.30078125,0.48996397734629055,8107.5,135.5,600.8,150.0,0.1,348.15,152.15,392.95,650.0,2.3209999999999997,2.9,True,50.0,50.0,162.14999999999992
DEV_3,DEVELOPMENT,2022-01-20,2022-01-27,2022-02-17,2,D+2,2022-01-24,EXECUTABLE,GATE_PASS,17575.150390625,17600.0,1.1447654952186674,24.849609375,0.14139059309703186,5087.500000000004,190.0,497.4,130.0,0.1,350.0,181.4,446.85,613.8,2.6923076923076925,2.351842105263158,True,50.0,50.0,101.75
DEV_3,DEVELOPMENT,2022-01-20,2022-01-27,2022-02-17,3,D+3,2022-01-25,EXECUTABLE,GATE_PASS,17001.55078125,17000.0,0.9636363636363637,1.55078125,0.009121410569853806,2527.500000000001,150.0,1.65,165.0,91.25,482.3,447.85,455.0,295.4,2.9230303030303033,3.033333333333333,True,50.0,50.0,50.55000000000004
DEV_3,DEVELOPMENT,2022-01-20,2022-01-27,2022-02-17,4,D+4,2022-01-27,EXECUTABLE,GATE_PASS,17062.0,17050.0,0.6948650363454066,12.0,0.07033173133278631,372.4999999999991,69.25,4.1,80.0,41.1,320.25,353.95,398.95,398.95,4.003125,5.76101083032491,True,50.0,50.0,7.4499999999999815
DEV_3,DEVELOPMENT,2022-01-20,2022-01-27,2022-02-17,5,D+5,2022-01-28,AFTER_NEAR_EXPIRY,,,,,,,,,,,,,,,,,,,,,
DEV_4,DEVELOPMENT,2022-01-27,2022-02-03,2022-02-24,-1,D-1,2022-01-25,EXECUTABLE,GATE_PASS,17001.55078125,17000.0,1.0634369140574615,1.55078125,0.009121410569853806,-3964.9999999999945,300.0,0.05,326.7,578.65,469.95,657.45,405.8,120.7,1.438475665748393,1.3526666666666667,True,50.0,50.0,-79.2999999999999
DEV_4,DEVELOPMENT,2022-01-27,2022-02-03,2022-02-24,0,D0,2022-01-27,EXECUTABLE,GATE_FAIL,17062.0,17050.0,1.760112059597616,12.0,0.07033173133278631,-6837.500000000004,327.35,0.1,162.45,524.15,406.6,624.05,465.5,130.75,2.5029239766081877,1.4220253551244844,False,50.0,50.0,-136.7500000000001
DEV_4,DEVELOPMENT,2022-01-27,2022-02-03,2022-02-24,1,D+1,2022-01-28,EXECUTABLE,GATE_PASS,17208.30078125,17200.0,1.069715174952851,8.30078125,0.04823707671965178,-3472.500000000002,251.05,0.1,260.0,381.45,424.75,513.6,383.4,169.3,1.6336538461538461,1.527185819557857,True,50.0,50.0,-69.44999999999999
DEV_4,DEVELOPMENT,2022-01-27,2022-02-03,2022-02-24,2,D+2,2022-01-31,EXECUTABLE,GATE_PASS,17301.05078125,17300.0,0.8309915379173236,1.05078125,0.006073511160020311,1249.9999999999982,200.0,0.1,224.4,278.0,378.45,449.7,405.9,198.65,1.6864973262032084,2.0295,True,50.0,50.0,24.99999999999997
DEV_4,DEVELOPMENT,2022-01-27,2022-02-03,2022-02-24,3,D+3,2022-02-01,EXECUTABLE,GATE_FAIL,17529.44921875,17550.0,1.3171626984126983,20.55078125,0.11723574992885855,-4154.999999999998,245.65,0.9,180.0,25.7,390.5,295.1,404.6,301.85,2.1694444444444443,1.647058823529412,False,50.0,50.0,-83.09999999999997
DEV_4,DEVELOPMENT,2022-01-27,2022-02-03,2022-02-24,4,D+4,2022-02-02,EXECUTABLE,GATE_PASS,17706.19921875,17700.0,1.1675320955035375,6.19921875,0.03501157235052078,-2377.4999999999986,99.2,115.6,86.6,0.25,331.15,230.65,324.9,374.7,3.8239030023094687,3.2752016129032255,True,50.0,50.0,-47.55
DEV_4,DEVELOPMENT,2022-01-27,2022-02-03,2022-02-24,5,D+5,2022-02-03,EXECUTABLE,GATE_PASS,17767.75,17750.0,0.18329464127658496,17.75,0.0999000999000999,374.9999999999982,12.2,166.95,70.0,0.2,297.05,203.4,282.45,405.85,4.243571428571428,23.151639344262296,True,50.0,50.0,7.499999999999972
DEV_5,DEVELOPMENT,2022-02-03,2022-02-10,2022-03-03,-1,D-1,2022-02-02,EXECUTABLE,GATE_FAIL,17706.19921875,17700.0,9.897239744980096,6.19921875,0.03501157235052078,-16097.500000000002,237.55,85.45,229.15,0.15,383.8,244.5,40.2,299.75,1.6748854462142702,0.16922753104609556,False,50.0,50.0,-321.95000000000005
DEV_5,DEVELOPMENT,2022-02-03,2022-02-10,2022-03-03,0,D0,2022-02-03,EXECUTABLE,GATE_PASS,17767.75,17700.0,0.7871505184152392,67.75,0.3813088320130574,2257.4999999999995,145.1,85.45,221.5,0.15,365.35,244.5,304.05,299.75,1.6494356659142213,2.095451412818746,True,50.0,50.0,45.14999999999998
DEV_5,DEVELOPMENT,2022-02-03,2022-02-10,2022-03-03,1,D+1,2022-02-04,EXECUTABLE,GATE_FAIL,17590.19921875,17600.0,1.3392831765341218,9.80078125,0.05571728397227593,-284.9999999999991,228.0,2.3,151.0,14.7,341.0,290.8,384.45,250.55,2.2582781456953644,1.6861842105263158,False,50.0,50.0,-5.699999999999989
DEV_5,DEVELOPMENT,2022-02-03,2022-02-10,2022-03-03,2,D+2,2022-02-07,EXECUTABLE,GATE_PASS,17456.30078125,17450.0,1.0333108426442634,6.30078125,0.036094596037023696,2922.499999999998,120.05,0.15,100.15,162.45,336.75,376.75,390.65,190.0,3.3624563155267095,3.2540608079966677,True,50.0,50.0,58.44999999999999
DEV_5,DEVELOPMENT,2022-02-03,2022-02-10,2022-03-03,3,D+3,2022-02-08,EXECUTABLE,GATE_FAIL,17279.849609375,17300.0,2.0355749460909687,20.150390625,0.1166120717512936,-5095.000000000002,248.0,0.15,115.0,312.95,327.35,474.95,346.8,150.5,2.846521739130435,1.3983870967741936,False,50.0,50.0,-101.89999999999998
DEV_5,DEVELOPMENT,2022-02-03,2022-02-10,2022-03-03,4,D+4,2022-02-09,EXECUTABLE,GATE_FAIL,17370.099609375,17350.0,1.463507944425343,20.099609375,0.11571384060544954,-1399.9999999999973,94.0,0.15,74.0,260.9,321.5,453.35,279.05,158.15,4.344594594594595,2.9686170212765957,False,50.0,50.0,-27.99999999999997
DEV_5,DEVELOPMENT,2022-02-03,2022-02-10,2022-03-03,5,D+5,2022-02-10,EXECUTABLE,GATE_FAIL,17554.099609375,17550.0,1.730475304993186,4.099609375,0.023354142144724695,-104.99999999999955,72.05,0.35,40.4,63.35,292.55,314.3,301.5,230.7,7.241336633663367,4.184594031922276,False,50.0,50.0,-2.0999999999999943
DEV_6,DEVELOPMENT,2022-02-10,2022-02-17,2022-03-10,-1,D-1,2022-02-09,EXECUTABLE,GATE_FAIL,17370.099609375,17400.0,1.3133347823828,29.900390625,0.17213712815361257,-3772.500000000001,210.3,80.25,180.7,0.35,393.05,325.75,348.3,406.75,2.175152185943553,1.6562054208273893,False,50.0,50.0,-75.45000000000002
DEV_6,DEVELOPMENT,2022-02-10,2022-02-17,2022-03-10,0,D0,2022-02-10,EXECUTABLE,GATE_PASS,17554.099609375,17500.0,0.9395687746863106,54.099609375,0.30818789102750327,-420.0000000000009,149.9,179.9,175.1,0.15,374.2,274.5,340.95,454.6,2.1370645345516848,2.274516344229486,True,50.0,50.0,-8.400000000000034
DEV_6,DEVELOPMENT,2022-02-10,2022-02-17,2022-03-10,1,D+1,2022-02-11,EXECUTABLE,GATE_PASS,17451.0,17500.0,0.9081041666666667,49.0,0.2807862013638187,977.5,140.4,179.9,150.0,0.15,335.3,274.5,345.6,454.6,2.2353333333333336,2.4615384615384617,True,50.0,50.0,19.549999999999983
DEV_6,DEVELOPMENT,2022-02-10,2022-02-17,2022-03-10,2,D+2,2022-02-14,EXECUTABLE,GATE_PASS,17076.150390625,17100.0,0.36175045170139236,23.849609375,0.13966619425004423,13095.0,105.0,0.2,153.65,215.75,216.8,527.1,409.55,291.05,1.410999023755288,3.9004761904761907,True,50.0,50.0,261.90000000000003
DEV_6,DEVELOPMENT,2022-02-10,2022-02-17,2022-03-10,3,D+3,2022-02-15,EXECUTABLE,GATE_FAIL,16933.25,16900.0,1.4321308180314485,33.25,0.1963592340513487,-4139.999999999999,190.0,0.1,168.0,413.8,432.0,663.85,341.15,220.1,2.5714285714285716,1.7955263157894736,False,50.0,50.0,-82.80000000000004
DEV_6,DEVELOPMENT,2022-02-10,2022-02-17,2022-03-10,4,D+4,2022-02-16,EXECUTABLE,GATE_PASS,17408.44921875,17400.0,1.1760303048833474,8.44921875,0.0485351603915394,-2695.0,124.0,80.25,122.5,0.35,368.35,325.75,317.05,406.75,3.0069387755102044,2.5568548387096777,True,50.0,50.0,-53.900000000000006
DEV_6,DEVELOPMENT,2022-02-10,2022-02-17,2022-03-10,5,D+5,2022-02-17,EXECUTABLE,GATE_FAIL,17396.55078125,17400.0,1.6470613712157305,3.44921875,0.019827026594936095,-2589.9999999999995,85.0,80.25,55.0,0.35,335.55,325.75,314.85,406.75,6.1009090909090915,3.704117647058824,False,50.0,50.0,-51.79999999999999
DEV_7,DEVELOPMENT,2022-02-17,2022-02-24,2022-03-17,-1,D-1,2022-02-16,NO_EXECUTABLE_COMMON_STRIKE,,17408.44921875,,,,,,,,,,,,,,,,,,,
DEV_7,DEVELOPMENT,2022-02-17,2022-02-24,2022-03-17,0,D0,2022-02-17,EXECUTABLE,GATE_FAIL,17396.55078125,17500.0,1.8957625695196147,103.44921875,0.5946536187018036,8590.0,266.0,1234.75,146.8,0.1,336.05,71.2,321.2,1000.0,2.2891689373297,1.2075187969924812,False,50.0,50.0,171.80000000000007
DEV_7,DEVELOPMENT,2022-02-17,2022-02-24,2022-03-17,1,D+1,2022-02-18,EXECUTABLE,GATE_FAIL,17236.05078125,17500.0,8.513709398942485,263.94921875,1.5313787485305712,-6905.0,355.55,1234.75,90.0,0.1,332.85,71.2,154.45,1000.0,3.6983333333333337,0.43439741245956964,False,50.0,50.0,-138.0999999999999
DEV_7,DEVELOPMENT,2022-02-17,2022-02-24,2022-03-17,2,D+2,2022-02-21,EXECUTABLE,GATE_FAIL,17192.25,17200.0,1.2586701623939311,7.75,0.04507845104625631,2717.4999999999964,200.0,928.3,175.05,0.15,447.05,128.9,405.8,936.5,2.553841759497286,2.029,False,50.0,50.0,54.34999999999991
DEV_7,DEVELOPMENT,2022-02-17,2022-02-24,2022-03-17,3,D+3,2022-02-22,EXECUTABLE,GATE_PASS,16847.94921875,16800.0,0.469861616343157,47.94921875,0.28459973452814985,-2750.0000000000036,66.4,536.2,222.2,0.2,580.35,243.9,369.1,779.45,2.611836183618362,5.558734939759036,True,50.0,50.0,-55.0
DEV_7,DEVELOPMENT,2022-02-17,2022-02-24,2022-03-17,4,D+4,2022-02-23,EXECUTABLE,GATE_FAIL,17194.5,17200.0,1.6223636590540371,5.5,0.031986972578440784,3285.0,150.0,928.3,91.65,0.15,397.15,128.9,400.65,936.5,4.333333333333333,2.671,False,50.0,50.0,65.69999999999993
DEV_7,DEVELOPMENT,2022-02-17,2022-02-24,2022-03-17,5,D+5,2022-02-24,EXECUTABLE,GATE_PASS,16548.900390625,16500.0,0.6797572524174726,48.900390625,0.29549027107989734,-7087.5,60.1,233.2,149.95,0.55,636.0,381.25,375.0,584.5,4.241413804601534,6.239600665557404,True,50.0,50.0,-141.75
DEV_8,DEVELOPMENT,2022-02-24,2022-03-03,2022-03-24,-1,D-1,2022-02-23,EXECUTABLE,GATE_PASS,17194.5,17200.0,1.1375918073360745,5.5,0.031986972578440784,3327.4999999999964,250.0,713.0,224.55,0.1,436.2,153.75,426.9,765.35,1.9425517702070807,1.7076,True,50.0,50.0,66.55000000000001
DEV_8,DEVELOPMENT,2022-02-24,2022-03-03,2022-03-24,0,D0,2022-02-24,EXECUTABLE,GATE_PASS,16548.900390625,16500.0,0.6765706494525306,48.900390625,0.29549027107989734,877.4999999999977,173.0,14.65,345.35,8.7,647.95,431.5,479.75,424.05,1.8762125380049226,2.773121387283237,True,50.0,50.0,17.549999999999983
DEV_8,DEVELOPMENT,2022-02-24,2022-03-03,2022-03-24,1,D+1,2022-02-25,EXECUTABLE,GATE_PASS,16515.650390625,16500.0,0.6952219197358334,15.650390625,0.0947609706844112,3759.999999999999,200.7,14.65,345.75,8.7,504.4,431.5,421.15,424.05,1.4588575560375994,2.0984055804683606,True,50.0,50.0,75.20000000000002
DEV_8,DEVELOPMENT,2022-02-24,2022-03-03,2022-03-24,2,D+2,2022-02-28,EXECUTABLE,GATE_PASS,16481.599609375,16500.0,1.0585602213443277,18.400390625,0.11164201934946631,-1712.4999999999982,218.0,14.65,233.05,8.7,539.0,431.5,476.3,424.05,2.3128084102124005,2.184862385321101,True,50.0,50.0,-34.24999999999997
DEV_8,DEVELOPMENT,2022-02-24,2022-03-03,2022-03-24,3,D+3,2022-03-02,EXECUTABLE,GATE_FAIL,16593.099609375,16600.0,1.2206451612903226,6.900390625,0.041585904908937696,-1637.5000000000014,240.0,106.7,200.0,0.4,473.0,383.65,465.0,474.7,2.365,1.9375,False,50.0,50.0,-32.75000000000003
DEV_8,DEVELOPMENT,2022-02-24,2022-03-03,2022-03-24,4,D+4,2022-03-03,EXECUTABLE,GATE_FAIL,16723.19921875,16700.0,1.2371599760871035,23.19921875,0.1387247646011961,-2662.499999999999,125.75,206.9,122.0,0.2,495.35,336.1,412.7,509.65,4.060245901639345,3.2819085487077535,False,50.0,50.0,-53.25
DEV_8,DEVELOPMENT,2022-02-24,2022-03-03,2022-03-24,5,D+5,2022-03-04,AFTER_NEAR_EXPIRY,,,,,,,,,,,,,,,,,,,,,
DEV_9,DEVELOPMENT,2022-03-03,2022-03-10,2022-03-31,-1,D-1,2022-03-02,EXECUTABLE,GATE_PASS,16593.099609375,16600.0,1.1075424972151087,6.900390625,0.041585904908937696,-717.4999999999991,426.8,11.0,351.15,8.75,479.9,394.55,526.65,382.25,1.3666524277374341,1.2339503280224928,True,50.0,50.0,-14.350000000000023
DEV_9,DEVELOPMENT,2022-03-03,2022-03-10,2022-03-31,0,D0,2022-03-03,EXECUTABLE,GATE_PASS,16723.19921875,16700.0,0.9700559804899678,23.19921875,0.1387247646011961,1330.000000000001,308.0,105.25,320.1,0.7,500.05,341.0,496.0,427.0,1.5621680724773508,1.6103896103896105,True,50.0,50.0,26.600000000000023
DEV_9,DEVELOPMENT,2022-03-03,2022-03-10,2022-03-31,1,D+1,2022-03-04,EXECUTABLE,GATE_PASS,16339.4501953125,16350.0,0.9136527256868731,10.5498046875,0.06456646069111036,3160.0,225.1,0.35,229.3,244.3,465.35,550.85,500.0,282.55,2.029437418229394,2.221235006663705,True,50.0,50.0,63.19999999999999
DEV_9,DEVELOPMENT,2022-03-03,2022-03-10,2022-03-31,2,D+2,2022-03-07,EXECUTABLE,GATE_FAIL,15867.9501953125,15850.0,1.6348799087734303,17.9501953125,0.1131223320690949,-18287.5,197.75,0.1,233.85,746.45,870.0,918.65,450.0,154.15,3.7203335471456063,2.275600505689001,False,50.0,50.0,-365.75
DEV_9,DEVELOPMENT,2022-03-03,2022-03-10,2022-03-31,3,D+3,2022-03-08,EXECUTABLE,GATE_FAIL,15747.75,15750.0,1.3351230031539099,2.25,0.014287755393627661,-5854.999999999998,180.0,0.1,155.85,845.6,500.95,956.15,433.35,136.0,3.214308630093038,2.4075,False,50.0,50.0,-117.09999999999997
DEV_9,DEVELOPMENT,2022-03-03,2022-03-10,2022-03-31,4,D+4,2022-03-09,EXECUTABLE,GATE_FAIL,16078.0,16100.0,1.4017196476445808,22.0,0.13683293942032593,-2440.000000000002,188.0,0.15,140.0,492.95,389.35,715.5,373.0,207.15,2.781071428571429,1.9840425531914894,False,50.0,50.0,-48.79999999999998
DEV_9,DEVELOPMENT,2022-03-03,2022-03-10,2022-03-31,5,D+5,2022-03-10,EXECUTABLE,GATE_PASS,16757.099609375,16750.0,1.1552805054746893,7.099609375,0.04236776972446963,8365.0,125.0,153.65,67.5,0.4,329.3,317.15,527.85,444.15,4.8785185185185185,4.2228,True,50.0,50.0,167.3
DEV_10,DEVELOPMENT,2022-03-10,2022-03-17,2022-04-07,-1,D-1,2022-03-09,EXECUTABLE,GATE_FAIL,16078.0,16100.0,1.3791083955109351,22.0,0.13683293942032593,-24630.0,347.45,0.1,283.9,1184.2,483.65,880.0,429.2,70.5,1.7035928143712575,1.2352856526118867,False,50.0,50.0,-492.6000000000001
DEV_10,DEVELOPMENT,2022-03-10,2022-03-17,2022-04-07,0,D0,2022-03-10,EXECUTABLE,GATE_FAIL,16757.099609375,16800.0,1.2684042275376772,42.900390625,0.2560132220076961,862.5,341.75,0.15,214.0,487.55,368.1,708.0,463.45,170.95,1.7200934579439253,1.3561082662765178,False,50.0,50.0,17.249999999999886
DEV_10,DEVELOPMENT,2022-03-10,2022-03-17,2022-04-07,1,D+1,2022-03-11,EXECUTABLE,GATE_FAIL,16528.80078125,16550.0,1.3119787777777778,21.19921875,0.12825624212282868,-13115.0,254.15,0.1,225.0,738.25,464.6,689.6,400.0,120.0,2.064888888888889,1.5738736966358449,False,50.0,50.0,-262.29999999999995
DEV_10,DEVELOPMENT,2022-03-10,2022-03-17,2022-04-07,2,D+2,2022-03-14,EXECUTABLE,GATE_FAIL,16633.69921875,16650.0,1.2486499577243628,16.30078125,0.09799853319233569,570.0000000000018,237.7,0.15,200.0,639.55,434.9,841.55,413.95,132.1,2.1745,1.741480858224653,False,50.0,50.0,11.400000000000091
DEV_10,DEVELOPMENT,2022-03-10,2022-03-17,2022-04-07,3,D+3,2022-03-15,EXECUTABLE,GATE_PASS,16900.650390625,16900.0,0.9519708195600137,0.650390625,0.0038483171355392317,2874.999999999998,199.8,0.15,205.0,385.55,428.45,627.75,438.65,200.25,2.09,2.1954454454454453,True,50.0,50.0,57.49999999999994
DEV_10,DEVELOPMENT,2022-03-10,2022-03-17,2022-04-07,4,D+4,2022-03-16,EXECUTABLE,GATE_FAIL,16876.650390625,16900.0,1.713487616727568,23.349609375,0.1383545243549676,-1510.0,182.0,0.15,105.0,385.55,405.8,627.75,410.5,200.25,3.864761904761905,2.2554945054945055,False,50.0,50.0,-30.19999999999999
DEV_10,DEVELOPMENT,2022-03-10,2022-03-17,2022-04-07,5,D+5,2022-03-17,EXECUTABLE,GATE_FAIL,17202.900390625,17200.0,1.9493985512830392,2.900390625,0.01685989315255592,-2144.999999999999,99.95,0.75,57.0,87.8,379.65,430.75,341.5,305.5,6.660526315789474,3.4167083541770884,False,50.0,50.0,-42.89999999999998
DEV_11,DEVELOPMENT,2022-03-17,2022-03-24,2022-04-13,-1,D-1,2022-03-16,EXECUTABLE,GATE_PASS,16876.650390625,16850.0,1.1625458148399448,26.650390625,0.15791279672300568,202.49999999999636,281.45,0.15,289.05,375.95,543.6,720.55,455.3,260.0,1.8806434872859368,1.6176940842067864,True,50.0,50.0,4.0499999999999545
DEV_11,DEVELOPMENT,2022-03-17,2022-03-24,2022-04-13,0,D0,2022-03-17,EXECUTABLE,GATE_FAIL,17202.900390625,17200.0,1.3415406520031423,2.900390625,0.01685989315255592,-2132.500000000002,350.0,1.9,254.6,30.0,390.35,438.05,400.0,366.85,1.5331893165750197,1.1428571428571428,False,50.0,50.0,-42.65000000000006
DEV_11,DEVELOPMENT,2022-03-17,2022-03-24,2022-04-13,1,D+1,2022-03-21,EXECUTABLE,GATE_PASS,17329.5,17300.0,1.03731684981685,29.5,0.17022995470152052,-907.4999999999982,197.0,71.35,240.0,0.7,460.0,380.1,364.0,415.9,1.9166666666666667,1.8477157360406091,True,50.0,50.0,-18.14999999999995
DEV_11,DEVELOPMENT,2022-03-17,2022-03-24,2022-04-13,2,D+2,2022-03-22,EXECUTABLE,GATE_PASS,17120.400390625,17100.0,0.8855980561142565,20.400390625,0.11915837339978974,1427.5000000000014,165.0,0.35,209.95,128.85,455.25,484.8,404.0,321.45,2.1683734222433912,2.4484848484848483,True,50.0,50.0,28.55000000000001
DEV_11,DEVELOPMENT,2022-03-17,2022-03-24,2022-04-13,3,D+3,2022-03-23,EXECUTABLE,GATE_PASS,17405.05078125,17400.0,0.9202289479477719,5.05078125,0.029019054948354835,474.99999999999636,109.8,171.1,138.7,0.15,437.6,330.65,376.45,459.85,3.155010814708003,3.4285063752276868,True,50.0,50.0,9.499999999999886
DEV_11,DEVELOPMENT,2022-03-17,2022-03-24,2022-04-13,4,D+4,2022-03-24,EXECUTABLE,GATE_PASS,17094.94921875,17100.0,0.6474363187732072,5.05078125,0.029545459219382918,-1509.9999999999995,51.1,0.35,105.1,128.85,478.05,484.8,359.0,321.45,4.5485252140818275,7.025440313111546,True,50.0,50.0,-30.19999999999999
DEV_11,DEVELOPMENT,2022-03-17,2022-03-24,2022-04-13,5,D+5,2022-03-25,AFTER_NEAR_EXPIRY,,,,,,,,,,,,,,,,,,,,,
DEV_12,DEVELOPMENT,2022-03-24,2022-03-31,2022-04-21,-1,D-1,2022-03-23,EXECUTABLE,GATE_PASS,17405.05078125,17500.0,1.1962027301691915,94.94921875,0.5455268125519419,1477.4999999999964,275.1,32.45,218.65,1.05,443.95,338.95,466.95,307.35,2.0304139034987423,1.6973827699018538,True,50.0,50.0,29.549999999999926
DEV_12,DEVELOPMENT,2022-03-24,2022-03-31,2022-04-21,0,D0,2022-03-24,EXECUTABLE,GATE_PASS,17094.94921875,17100.0,1.031826867067415,5.05078125,0.029545459219382918,-1607.4999999999982,227.1,0.1,345.7,368.75,573.3,591.75,365.0,165.55,1.6583743129881399,1.6072214883311318,True,50.0,50.0,-32.14999999999998
DEV_12,DEVELOPMENT,2022-03-24,2022-03-31,2022-04-21,1,D+1,2022-03-25,EXECUTABLE,GATE_PASS,17289.0,17300.0,1.1008681510827432,11.0,0.0636242697669038,2557.500000000002,206.0,0.15,180.0,168.35,437.05,457.25,454.35,229.2,2.4280555555555554,2.2055825242718448,True,50.0,50.0,51.150000000000034
DEV_12,DEVELOPMENT,2022-03-24,2022-03-31,2022-04-21,2,D+2,2022-03-28,EXECUTABLE,GATE_PASS,17181.849609375,17200.0,0.9570689675861406,18.150390625,0.10563700089131574,2364.9999999999964,150.0,0.1,171.95,267.85,440.0,523.3,401.05,191.25,2.5588833963361446,2.6736666666666666,True,50.0,50.0,47.299999999999926
DEV_12,DEVELOPMENT,2022-03-24,2022-03-31,2022-04-21,3,D+3,2022-03-29,EXECUTABLE,GATE_PASS,17297.19921875,17300.0,1.0246679316888043,2.80078125,0.016192108413505348,792.5000000000009,108.0,0.15,124.0,168.35,400.0,457.25,340.0,229.2,3.225806451612903,3.1481481481481484,True,50.0,50.0,15.850000000000023
DEV_12,DEVELOPMENT,2022-03-24,2022-03-31,2022-04-21,4,D+4,2022-03-30,EXECUTABLE,GATE_PASS,17468.150390625,17450.0,0.7835072448096885,18.150390625,0.10390562377308793,-349.9999999999999,70.0,2.05,128.0,19.8,414.05,370.0,289.0,292.2,3.234765625,4.128571428571429,True,50.0,50.0,-7.0
DEV_12,DEVELOPMENT,2022-03-24,2022-03-31,2022-04-21,5,D+5,2022-03-31,EXECUTABLE,GATE_PASS,17519.19921875,17500.0,0.6781789638932496,19.19921875,0.10958959088410818,2787.4999999999986,40.0,32.45,65.0,1.05,348.3,338.95,316.05,307.35,5.358461538461539,7.90125,True,50.0,50.0,55.74999999999997
DEV_13,DEVELOPMENT,2022-03-31,2022-04-07,2022-04-28,-1,D-1,2022-03-30,EXECUTABLE,GATE_PASS,17468.150390625,17450.0,0.8000363495989015,18.150390625,0.10390562377308793,4717.5,154.55,0.1,226.45,193.4,430.15,473.6,366.95,194.65,1.8995363214837713,2.374312520219993,True,50.0,50.0,94.35
DEV_13,DEVELOPMENT,2022-03-31,2022-04-07,2022-04-28,0,D0,2022-03-31,EXECUTABLE,GATE_PASS,17519.19921875,17500.0,0.8074303214848321,19.19921875,0.10958959088410818,3732.5000000000014,130.0,0.15,199.0,143.45,423.45,442.45,342.6,212.65,2.1278894472361807,2.6353846153846154,True,50.0,50.0,74.65000000000003
DEV_13,DEVELOPMENT,2022-03-31,2022-04-07,2022-04-28,1,D+1,2022-04-01,EXECUTABLE,GATE_PASS,17436.900390625,17450.0,0.9678331964273187,13.099609375,0.07512579117583905,3942.500000000001,170.6,0.1,188.85,193.4,376.05,473.6,351.0,194.65,1.9912629070691026,2.0574443141852288,True,50.0,50.0,78.85
DEV_13,DEVELOPMENT,2022-03-31,2022-04-07,2022-04-28,2,D+2,2022-04-04,EXECUTABLE,GATE_PASS,17809.099609375,17800.0,0.5209389639885018,9.099609375,0.051095280359989774,8545.0,56.0,156.8,93.5,0.15,305.25,263.5,350.95,332.45,3.264705882352941,6.266964285714286,True,50.0,50.0,170.9
DEV_13,DEVELOPMENT,2022-03-31,2022-04-07,2022-04-28,3,D+3,2022-04-05,EXECUTABLE,GATE_PASS,18080.599609375,18100.0,1.1583924537275574,19.400390625,0.10729948698681804,2377.5,92.2,456.5,92.0,0.1,317.0,133.65,274.25,499.55,3.4456521739130435,2.9745119305856833,True,50.0,50.0,47.55000000000001
DEV_13,DEVELOPMENT,2022-03-31,2022-04-07,2022-04-28,4,D+4,2022-04-06,EXECUTABLE,GATE_PASS,17842.75,17850.0,0.6574713392391869,7.25,0.04063274999649718,4455.000000000002,63.0,205.1,112.0,0.15,336.45,238.3,287.85,354.55,3.004017857142857,4.56904761904762,True,50.0,50.0,89.10000000000002
DEV_13,DEVELOPMENT,2022-03-31,2022-04-07,2022-04-28,5,D+5,2022-04-07,EXECUTABLE,GATE_PASS,17723.30078125,17700.0,0.8081764448898826,23.30078125,0.13146976140387226,1972.4999999999998,44.3,56.7,70.0,0.35,354.95,321.45,277.95,287.05,5.070714285714286,6.274266365688487,True,50.0,50.0,39.44999999999999
DEV_14,DEVELOPMENT,2022-04-07,2022-04-13,2022-05-05,-1,D-1,2022-04-06,EXECUTABLE,GATE_PASS,17842.75,17800.0,0.736943442243384,42.75,0.2395931120483109,3097.500000000002,125.0,317.75,214.2,0.15,420.9,162.3,333.3,419.55,1.964985994397759,2.6664,True,50.0,50.0,61.94999999999999
DEV_14,DEVELOPMENT,2022-04-07,2022-04-13,2022-05-05,0,D0,2022-04-07,EXECUTABLE,GATE_FAIL,17723.30078125,17700.0,1.3217415240629444,23.30078125,0.13146976140387226,-1335.0000000000023,199.95,218.85,184.2,0.15,402.0,203.55,330.15,361.35,2.182410423452769,1.6511627906976745,False,50.0,50.0,-26.700000000000045
DEV_14,DEVELOPMENT,2022-04-07,2022-04-13,2022-05-05,1,D+1,2022-04-08,EXECUTABLE,GATE_PASS,17698.150390625,17700.0,1.1591176951548319,1.849609375,0.010450862571377902,257.4999999999977,149.9,218.85,152.0,0.15,387.75,203.55,329.9,361.35,2.5509868421052633,2.200800533689126,True,50.0,50.0,5.149999999999949
DEV_14,DEVELOPMENT,2022-04-07,2022-04-13,2022-05-05,2,D+2,2022-04-11,EXECUTABLE,GATE_PASS,17740.900390625,17750.0,0.7563093848974831,9.099609375,0.05129169982718913,7397.5,103.25,268.0,140.0,0.15,307.6,190.0,299.95,339.0,2.1971428571428575,2.9050847457627116,True,50.0,50.0,147.95
DEV_14,DEVELOPMENT,2022-04-07,2022-04-13,2022-05-05,3,D+3,2022-04-12,EXECUTABLE,GATE_PASS,17584.849609375,17600.0,0.919861094608217,15.150390625,0.08615592945943014,2280.0,74.3,118.35,91.0,0.2,323.0,253.5,286.7,306.45,3.5494505494505493,3.8586810228802153,True,50.0,50.0,45.599999999999994
DEV_14,DEVELOPMENT,2022-04-07,2022-04-13,2022-05-05,4,D+4,2022-04-13,EXECUTABLE,GATE_FAIL,17599.900390625,17600.0,2.4863670980587353,0.099609375,0.0005659655611065802,-1899.999999999999,81.05,118.35,41.0,0.2,308.15,253.5,245.0,306.45,7.515853658536585,3.0228254164096238,False,50.0,50.0,-37.99999999999997
DEV_14,DEVELOPMENT,2022-04-07,2022-04-13,2022-05-05,5,D+5,2022-04-18,AFTER_NEAR_EXPIRY,,,,,,,,,,,,,,,,,,,,,
DEV_15,DEVELOPMENT,2022-04-13,2022-04-21,2022-05-12,-1,D-1,2022-04-12,EXECUTABLE,GATE_PASS,17584.849609375,17500.0,0.8070121302404768,84.849609375,0.4825154110488621,2420.0000000000005,140.45,110.35,234.95,0.15,405.0,243.65,300.0,294.95,1.723771015109598,2.135991456034176,True,50.0,50.0,48.400000000000006
DEV_15,DEVELOPMENT,2022-04-13,2022-04-21,2022-05-12,0,D0,2022-04-13,EXECUTABLE,GATE_FAIL,17599.900390625,17600.0,1.30321379181828,0.099609375,0.0005659655611065802,-1779.9999999999995,145.0,208.9,142.6,0.1,366.55,193.25,286.0,354.7,2.570476858345021,1.9724137931034482,False,50.0,50.0,-35.599999999999994
DEV_15,DEVELOPMENT,2022-04-13,2022-04-21,2022-05-12,1,D+1,2022-04-18,EXECUTABLE,GATE_PASS,17183.44921875,17200.0,0.9926470588235294,16.55078125,0.09631815498334494,-2327.500000000001,101.25,0.15,150.0,191.0,425.0,415.2,289.0,183.65,2.8333333333333335,2.854320987654321,True,50.0,50.0,-46.55000000000001
DEV_15,DEVELOPMENT,2022-04-13,2022-04-21,2022-05-12,2,D+2,2022-04-19,EXECUTABLE,GATE_FAIL,17258.94921875,17300.0,1.5832327723086694,41.05078125,0.23785214690476478,-510.0000000000018,148.8,0.25,94.0,90.3,311.6,352.75,311.55,218.05,3.314893617021277,2.09375,False,50.0,50.0,-10.200000000000045
DEV_15,DEVELOPMENT,2022-04-13,2022-04-21,2022-05-12,3,D+3,2022-04-20,EXECUTABLE,GATE_PASS,17045.25,17000.0,0.46704313133162456,45.25,0.26546985230489434,1824.9999999999973,35.0,0.15,96.0,389.45,349.85,567.3,273.1,125.75,3.6442708333333336,7.802857142857143,True,50.0,50.0,36.49999999999994
DEV_15,DEVELOPMENT,2022-04-13,2022-04-21,2022-05-12,4,D+4,2022-04-21,EXECUTABLE,GATE_FAIL,17234.599609375,17250.0,2.05994482333367,15.400390625,0.08935740298035554,-1892.5000000000005,69.95,0.2,37.7,140.05,304.7,364.5,274.45,200.0,8.082228116710874,3.9235167977126517,False,50.0,50.0,-37.85000000000002
DEV_15,DEVELOPMENT,2022-04-13,2022-04-21,2022-05-12,5,D+5,2022-04-22,AFTER_NEAR_EXPIRY,,,,,,,,,,,,,,,,,,,,,
DEV_16,DEVELOPMENT,2022-04-21,2022-04-28,2022-05-19,-1,D-1,2022-04-20,EXECUTABLE,GATE_FAIL,17045.25,17000.0,1.639456644553198,45.25,0.26546985230489434,-9412.499999999996,213.3,0.25,204.55,257.45,449.65,440.05,286.0,198.7,2.198240039110242,1.3408345053914674,False,50.0,50.0,-188.24999999999994
DEV_16,DEVELOPMENT,2022-04-21,2022-04-28,2022-05-19,0,D0,2022-04-21,EXECUTABLE,GATE_PASS,17234.599609375,17200.0,1.1899003651771791,34.599609375,0.20075667644857303,-3694.9999999999986,159.0,0.8,177.85,52.85,375.0,321.75,281.75,269.2,2.1085184143941524,1.7720125786163523,True,50.0,50.0,-73.89999999999998
DEV_16,DEVELOPMENT,2022-04-21,2022-04-28,2022-05-19,1,D+1,2022-04-22,EXECUTABLE,GATE_FAIL,17242.75,17200.0,3.3838019809794613,42.75,0.24793028954198143,-19372.5,500.0,0.8,180.1,52.85,379.0,321.75,310.95,269.2,2.104386451971127,0.6219,False,50.0,50.0,-387.45
DEV_16,DEVELOPMENT,2022-04-21,2022-04-28,2022-05-19,2,D+2,2022-04-25,EXECUTABLE,GATE_PASS,17009.05078125,17000.0,0.9685909359839072,9.05078125,0.05321155993006481,-1879.9999999999982,115.55,0.25,135.0,257.45,354.2,440.05,313.0,198.7,2.6237037037037036,2.7087840761575075,True,50.0,50.0,-37.599999999999966
DEV_16,DEVELOPMENT,2022-04-21,2022-04-28,2022-05-19,3,D+3,2022-04-26,EXECUTABLE,GATE_PASS,17121.30078125,17100.0,0.6473800964099206,21.30078125,0.12441099845244856,842.5000000000023,90.0,0.3,158.85,154.5,352.9,380.3,308.85,234.05,2.2215926975133775,3.431666666666667,True,50.0,50.0,16.850000000000037
DEV_16,DEVELOPMENT,2022-04-21,2022-04-28,2022-05-19,4,D+4,2022-04-27,EXECUTABLE,GATE_PASS,17073.349609375,17050.0,0.28743073072787534,23.349609375,0.13676056491093402,11807.5,82.25,0.25,98.35,204.6,105.05,428.8,305.65,205.0,1.0681240467717337,3.716109422492401,True,50.0,50.0,236.14999999999998
DEV_16,DEVELOPMENT,2022-04-21,2022-04-28,2022-05-19,5,D+5,2022-04-28,EXECUTABLE,GATE_FAIL,17189.5,17200.0,1.205421669300721,10.5,0.06108380115768347,1929.9999999999995,103.3,0.8,68.0,52.85,282.05,321.75,355.45,269.2,4.147794117647059,3.440948693126815,False,50.0,50.0,38.599999999999994
DEV_17,DEVELOPMENT,2022-04-28,2022-05-05,2022-05-26,-1,D-1,2022-04-27,EXECUTABLE,GATE_PASS,17073.349609375,17050.0,0.9540734177215189,23.349609375,0.13676056491093402,337.5000000000009,176.4,364.1,200.0,0.2,384.55,150.25,355.5,501.95,1.92275,2.0153061224489797,True,50.0,50.0,6.75
DEV_17,DEVELOPMENT,2022-04-28,2022-05-05,2022-05-26,0,D0,2022-04-28,EXECUTABLE,GATE_FAIL,17189.5,17200.0,1.417185176698486,10.5,0.06108380115768347,-1392.5,211.2,513.4,134.7,0.1,361.95,104.0,400.45,607.15,2.687082405345212,1.896070075757576,False,50.0,50.0,-27.850000000000023
DEV_17,DEVELOPMENT,2022-04-28,2022-05-05,2022-05-26,1,D+1,2022-04-29,EXECUTABLE,GATE_FAIL,17329.25,17350.0,1.2207090426613312,20.75,0.11973974638256127,-207.5,172.15,665.3,130.0,0.1,331.35,70.3,359.45,725.6,2.548846153846154,2.088004647110078,False,50.0,50.0,-4.150000000000091
DEV_17,DEVELOPMENT,2022-04-28,2022-05-05,2022-05-26,2,D+2,2022-05-02,EXECUTABLE,GATE_PASS,16924.44921875,16900.0,0.906293539636114,24.44921875,0.14446094188349465,-77.49999999999773,123.9,213.7,151.05,0.2,387.65,207.9,350.85,413.3,2.566368752068851,2.831719128329298,True,50.0,50.0,-1.5499999999999545
DEV_17,DEVELOPMENT,2022-04-28,2022-05-05,2022-05-26,3,D+3,2022-05-04,EXECUTABLE,GATE_PASS,17096.599609375,17100.0,0.8324325757575758,3.400390625,0.019889280340491682,1317.4999999999982,99.35,414.2,120.0,0.15,331.8,132.7,330.0,539.25,2.765,3.3215903371917466,True,50.0,50.0,26.350000000000023
DEV_17,DEVELOPMENT,2022-04-28,2022-05-05,2022-05-26,4,D+4,2022-05-05,EXECUTABLE,GATE_FAIL,16854.75,16850.0,1.5038326853357515,4.75,0.028181966507957696,224.99999999999818,92.95,162.9,55.7,0.25,305.0,231.0,338.45,385.35,5.475763016157989,3.6412049488972564,False,50.0,50.0,4.499999999999972
DEV_17,DEVELOPMENT,2022-04-28,2022-05-05,2022-05-26,5,D+5,2022-05-06,AFTER_NEAR_EXPIRY,,,,,,,,,,,,,,,,,,,,,
DEV_18,DEVELOPMENT,2022-05-05,2022-05-12,2022-06-02,-1,D-1,2022-05-04,EXECUTABLE,GATE_PASS,17096.599609375,17100.0,0.9055110692416393,3.400390625,0.019889280340491682,28767.5,195.8,1302.6,212.3,0.1,378.0,29.6,385.0,780.25,1.7804992934526613,1.9662921348314606,True,50.0,50.0,575.35
DEV_18,DEVELOPMENT,2022-05-05,2022-05-12,2022-06-02,0,D0,2022-05-05,EXECUTABLE,GATE_FAIL,16854.75,16850.0,1.339449451853401,4.75,0.028181966507957696,8207.5,226.95,1047.75,198.25,0.1,416.25,46.2,355.75,840.5,2.099621689785624,1.5675258867591981,False,50.0,50.0,164.14999999999986
DEV_18,DEVELOPMENT,2022-05-05,2022-05-12,2022-06-02,1,D+1,2022-05-06,EXECUTABLE,GATE_PASS,16415.55078125,16400.0,0.8302101436194299,15.55078125,0.09473201025799421,775.0000000000036,137.65,604.35,202.0,0.15,394.25,117.9,323.6,700.3,1.9517326732673268,2.350889938249183,True,50.0,50.0,15.500000000000114
DEV_18,DEVELOPMENT,2022-05-05,2022-05-12,2022-06-02,2,D+2,2022-05-09,EXECUTABLE,GATE_PASS,16227.7001953125,16250.0,0.9625228316551846,22.2998046875,0.13741814563434857,-234.99999999999818,152.65,452.65,157.25,0.15,356.95,164.7,360.0,629.55,2.2699523052464228,2.3583360628889616,True,50.0,50.0,-4.699999999999932
DEV_18,DEVELOPMENT,2022-05-05,2022-05-12,2022-06-02,3,D+3,2022-05-10,EXECUTABLE,GATE_PASS,16248.900390625,16250.0,0.8013419144929462,1.099609375,0.006767284853530353,-54.99999999999636,132.0,452.65,185.4,0.15,377.95,164.7,335.8,629.55,2.0385652642934193,2.543939393939394,True,50.0,50.0,-1.099999999999966
DEV_18,DEVELOPMENT,2022-05-05,2022-05-12,2022-06-02,4,D+4,2022-05-11,EXECUTABLE,GATE_PASS,16270.0498046875,16250.0,0.8771248768882464,20.0498046875,0.12323136639522474,2507.500000000002,115.0,452.65,105.65,0.15,298.15,164.7,370.0,629.55,2.8220539517274013,3.217391304347826,True,50.0,50.0,50.150000000000034
DEV_18,DEVELOPMENT,2022-05-05,2022-05-12,2022-06-02,5,D+5,2022-05-12,EXECUTABLE,GATE_PASS,16021.099609375,16000.0,0.6580975401677804,21.099609375,0.13169888390590387,2852.5,53.2,203.2,80.0,0.2,348.0,260.6,351.65,437.0,4.35,6.609962406015037,True,50.0,50.0,57.05000000000001
DEV_19,DEVELOPMENT,2022-05-12,2022-05-19,2022-06-09,-1,D-1,2022-05-11,EXECUTABLE,GATE_PASS,16270.0498046875,16150.0,0.6995023410348131,120.0498046875,0.7378576349097157,3460.000000000001,166.85,346.65,282.05,0.15,530.1,187.0,448.3,497.7,1.8794539975181705,2.6868444710818102,True,50.0,50.0,69.20000000000005
DEV_19,DEVELOPMENT,2022-05-12,2022-05-19,2022-06-09,0,D0,2022-05-12,EXECUTABLE,GATE_PASS,16021.099609375,16000.0,0.7928038897893029,21.099609375,0.13169888390590387,2242.5000000000023,182.0,196.25,200.0,0.2,349.4,245.65,401.05,466.5,1.7469999999999999,2.2035714285714287,True,50.0,50.0,44.85000000000005
DEV_19,DEVELOPMENT,2022-05-12,2022-05-19,2022-06-09,1,D+1,2022-05-13,EXECUTABLE,GATE_PASS,15977.0,16000.0,1.140844248987248,23.0,0.14395693809851662,-1474.9999999999982,199.0,196.25,159.0,0.2,363.7,245.65,399.0,466.5,2.2874213836477986,2.0050251256281406,True,50.0,50.0,-29.49999999999997
DEV_19,DEVELOPMENT,2022-05-12,2022-05-19,2022-06-09,2,D+2,2022-05-16,EXECUTABLE,GATE_PASS,15845.099609375,15800.0,0.7982494758909854,45.099609375,0.2846281215443803,709.9999999999991,150.5,6.45,198.75,8.5,366.85,348.0,348.0,361.15,1.8457861635220127,2.3122923588039868,True,50.0,50.0,14.199999999999989
DEV_19,DEVELOPMENT,2022-05-12,2022-05-19,2022-06-09,3,D+3,2022-05-17,EXECUTABLE,GATE_FAIL,15912.599609375,15900.0,1.238350551965706,12.599609375,0.07918008172327083,-3692.5,139.9,96.5,127.55,0.3,385.0,290.95,341.0,404.65,3.018424147393179,2.4374553252323086,False,50.0,50.0,-73.85
DEV_19,DEVELOPMENT,2022-05-12,2022-05-19,2022-06-09,4,D+4,2022-05-18,EXECUTABLE,GATE_PASS,16318.150390625,16300.0,0.9655933002121077,18.150390625,0.1112282347601579,-102.49999999999636,102.0,496.7,99.9,0.15,318.8,131.25,337.1,646.05,3.191191191191191,3.304901960784314,True,50.0,50.0,-2.0499999999999545
DEV_19,DEVELOPMENT,2022-05-12,2022-05-19,2022-06-09,5,D+5,2022-05-19,EXECUTABLE,GATE_PASS,15917.400390625,15900.0,0.8505306709410184,17.400390625,0.10931678664845579,-3980.0,50.0,96.5,79.0,0.3,356.05,290.95,264.95,404.65,4.506962025316456,5.2989999999999995,True,50.0,50.0,-79.60000000000001
DEV_20,DEVELOPMENT,2022-05-19,2022-05-26,2022-06-16,-1,D-1,2022-05-18,EXECUTABLE,GATE_PASS,16318.150390625,16250.0,1.148225116526505,68.150390625,0.4176355101136543,-2452.500000000002,198.95,93.8,221.45,0.3,466.5,296.45,365.0,360.0,2.1065703319033644,1.8346318170394573,True,50.0,50.0,-49.050000000000026
DEV_20,DEVELOPMENT,2022-05-19,2022-05-26,2022-06-16,0,D0,2022-05-19,EXECUTABLE,GATE_PASS,15917.400390625,16000.0,0.949504338913128,82.599609375,0.5189265040015539,4057.5,200.0,0.35,167.05,153.05,365.25,427.0,460.55,255.5,2.1864711164322057,2.30275,True,50.0,50.0,81.15
DEV_20,DEVELOPMENT,2022-05-19,2022-05-26,2022-06-16,1,D+1,2022-05-20,EXECUTABLE,GATE_FAIL,16043.7998046875,16000.0,1.2376289398280802,43.7998046875,0.27300144118417047,-407.4999999999991,216.0,0.35,160.0,153.05,319.95,427.0,349.0,255.5,1.9996874999999998,1.6157407407407407,False,50.0,50.0,-8.150000000000006
DEV_20,DEVELOPMENT,2022-05-19,2022-05-26,2022-06-16,2,D+2,2022-05-23,EXECUTABLE,GATE_PASS,16290.9501953125,16300.0,0.810255629945222,9.0498046875,0.05555111628850205,4152.499999999998,150.0,143.2,164.3,0.15,355.0,270.7,400.0,390.0,2.1606816798539255,2.6666666666666665,True,50.0,50.0,83.04999999999998
DEV_20,DEVELOPMENT,2022-05-19,2022-05-26,2022-06-16,3,D+3,2022-05-24,EXECUTABLE,GATE_FAIL,16225.5498046875,16250.0,1.5423748130456458,24.4501953125,0.15068947189349743,-622.5000000000014,185.1,93.8,110.0,0.3,359.35,296.45,392.05,360.0,3.266818181818182,2.118044300378174,False,50.0,50.0,-12.450000000000017
DEV_20,DEVELOPMENT,2022-05-19,2022-05-26,2022-06-16,4,D+4,2022-05-25,EXECUTABLE,GATE_PASS,16196.349609375,16200.0,1.1575029637976608,3.650390625,0.022538354092375416,-417.4999999999984,149.0,43.9,129.9,0.95,376.0,316.95,372.6,345.75,2.894534257120862,2.5006711409395974,True,50.0,50.0,-8.349999999999966
DEV_20,DEVELOPMENT,2022-05-19,2022-05-26,2022-06-16,5,D+5,2022-05-26,EXECUTABLE,GATE_FAIL,16105.0,16100.0,1.6841641575880189,5.0,0.03104625892579944,-1090.0000000000027,100.0,1.1,59.9,54.3,354.8,374.15,351.7,299.55,5.923205342237062,3.517,False,50.0,50.0,-21.800000000000068
DEV_21,DEVELOPMENT,2022-05-26,2022-06-02,2022-06-23,-1,D-1,2022-05-25,EXECUTABLE,GATE_PASS,16196.349609375,16200.0,1.0792905866302867,3.650390625,0.022538354092375416,-865.0000000000018,255.2,0.15,219.9,422.95,413.85,557.0,445.0,147.35,1.8819918144611187,1.743730407523511,True,50.0,50.0,-17.30000000000001
DEV_21,DEVELOPMENT,2022-05-26,2022-06-02,2022-06-23,0,D0,2022-05-26,EXECUTABLE,GATE_PASS,16105.0,16100.0,0.9340971217452718,5.0,0.03104625892579944,-262.5000000000018,210.95,0.15,219.1,520.95,397.0,620.0,409.2,124.8,1.8119580100410773,1.9397961602275422,True,50.0,50.0,-5.25
DEV_21,DEVELOPMENT,2022-05-26,2022-06-02,2022-06-23,1,D+1,2022-05-27,EXECUTABLE,GATE_PASS,16296.599609375,16300.0,1.1931844289515567,3.400390625,0.020865645021086766,-665.0,200.0,0.15,155.45,318.45,357.05,498.8,385.0,177.2,2.2968800257317468,1.925,True,50.0,50.0,-13.300000000000011
DEV_21,DEVELOPMENT,2022-05-26,2022-06-02,2022-06-23,2,D+2,2022-05-30,EXECUTABLE,GATE_PASS,16527.900390625,16500.0,1.0728930868416964,27.900390625,0.16880783381793452,-859.9999999999982,135.65,0.4,125.0,116.85,318.2,358.45,321.85,252.2,2.5456,2.3726502027276077,True,50.0,50.0,-17.19999999999996
DEV_21,DEVELOPMENT,2022-05-26,2022-06-02,2022-06-23,3,D+3,2022-05-31,EXECUTABLE,GATE_PASS,16578.44921875,16600.0,1.0529506037205285,21.55078125,0.12999274519372028,-162.4999999999991,126.05,5.0,112.2,21.25,299.5,303.3,319.55,296.5,2.6693404634581106,2.5351051170170567,True,50.0,50.0,-3.2499999999999716
DEV_21,DEVELOPMENT,2022-05-26,2022-06-02,2022-06-23,4,D+4,2022-06-01,EXECUTABLE,GATE_FAIL,16594.400390625,16600.0,1.4291020505973775,5.599609375,0.03374396931005411,-1517.4999999999982,145.0,5.0,91.0,21.25,287.9,303.3,321.0,296.5,3.1637362637362636,2.213793103448276,False,50.0,50.0,-30.349999999999966
DEV_21,DEVELOPMENT,2022-05-26,2022-06-02,2022-06-23,5,D+5,2022-06-02,EXECUTABLE,GATE_FAIL,16481.650390625,16500.0,1.2120324086789347,18.349609375,0.11133356757426138,1144.9999999999986,72.45,0.4,49.65,116.85,274.1,358.45,330.0,252.2,5.520644511581068,4.554865424430641,False,50.0,50.0,22.899999999999977
DEV_22,DEVELOPMENT,2022-06-02,2022-06-09,2022-06-30,-1,D-1,2022-06-01,EXECUTABLE,GATE_FAIL,16594.400390625,16600.0,1.2112470697638376,5.599609375,0.03374396931005411,-1165.0000000000023,236.75,131.2,181.75,0.15,330.1,213.8,355.0,338.05,1.8162310866574967,1.4994720168954594,False,50.0,50.0,-23.30000000000004
DEV_22,DEVELOPMENT,2022-06-02,2022-06-09,2022-06-30,0,D0,2022-06-02,EXECUTABLE,GATE_PASS,16481.650390625,16500.0,0.9041170106787827,18.349609375,0.11133356757426138,2135.0000000000005,211.05,30.75,208.0,0.55,325.1,264.1,364.85,288.3,1.5629807692307693,1.728737266050699,True,50.0,50.0,42.69999999999999
DEV_22,DEVELOPMENT,2022-06-02,2022-06-09,2022-06-30,1,D+1,2022-06-03,EXECUTABLE,GATE_PASS,16761.650390625,16750.0,1.1075368648821928,11.650390625,0.0695062261381863,-1027.5000000000045,162.3,280.15,160.0,0.1,340.6,152.1,311.95,421.75,2.12875,1.922057917436845,True,50.0,50.0,-20.55000000000004
DEV_22,DEVELOPMENT,2022-06-02,2022-06-09,2022-06-30,2,D+2,2022-06-06,EXECUTABLE,GATE_PASS,16530.69921875,16550.0,1.0119457680503956,19.30078125,0.11675719819587561,-555.0,147.0,81.8,160.0,0.15,340.95,238.45,309.55,312.8,2.1309375,2.1057823129251703,True,50.0,50.0,-11.100000000000009
DEV_22,DEVELOPMENT,2022-06-02,2022-06-09,2022-06-30,3,D+3,2022-06-07,EXECUTABLE,GATE_PASS,16469.599609375,16450.0,0.7462355864894783,19.599609375,0.11900477145688049,662.4999999999993,96.1,2.25,149.05,19.9,352.95,290.5,304.95,264.55,2.3679973163367993,3.173257023933403,True,50.0,50.0,13.25
DEV_22,DEVELOPMENT,2022-06-02,2022-06-09,2022-06-30,4,D+4,2022-06-08,EXECUTABLE,GATE_PASS,16474.94921875,16450.0,1.0053386163969185,24.94921875,0.15143730289381108,79.99999999999932,93.6,2.25,95.95,19.9,305.0,290.5,295.95,264.55,3.178738926524231,3.1618589743589745,True,50.0,50.0,1.5999999999999943
DEV_22,DEVELOPMENT,2022-06-02,2022-06-09,2022-06-30,5,D+5,2022-06-09,EXECUTABLE,GATE_PASS,16263.849609375,16250.0,0.3327001298603733,13.849609375,0.08515578849804813,1457.500000000001,25.0,0.2,85.0,219.55,310.0,411.8,274.05,187.35,3.6470588235294117,10.962,True,50.0,50.0,29.150000000000006
DEV_23,DEVELOPMENT,2022-06-09,2022-06-16,2022-07-07,-1,D-1,2022-06-08,EXECUTABLE,GATE_PASS,16474.94921875,16450.0,0.8725770351653319,24.94921875,0.15143730289381108,19357.5,184.95,1080.5,196.0,0.1,350.65,37.4,379.2,770.25,1.7890306122448978,2.0502838605028386,True,50.0,50.0,387.15000000000003
DEV_23,DEVELOPMENT,2022-06-09,2022-06-16,2022-07-07,0,D0,2022-06-09,EXECUTABLE,GATE_PASS,16263.849609375,16300.0,1.0739194934018244,36.150390625,0.22227450138349636,-315.0,180.0,933.05,161.3,0.1,323.35,46.8,336.0,980.0,2.004649721016739,1.8666666666666667,True,50.0,50.0,-6.2999999999999545
DEV_23,DEVELOPMENT,2022-06-09,2022-06-16,2022-07-07,1,D+1,2022-06-10,EXECUTABLE,GATE_PASS,16283.9501953125,16300.0,0.7127107241397103,16.0498046875,0.09856210867139657,2897.5,140.05,933.05,193.9,0.1,324.0,46.8,328.35,980.0,1.670964414646725,2.344519814352017,True,50.0,50.0,57.94999999999993
DEV_23,DEVELOPMENT,2022-06-09,2022-06-16,2022-07-07,2,D+2,2022-06-13,EXECUTABLE,GATE_PASS,15877.5498046875,15900.0,0.4797731885921725,22.4501953125,0.14139584248617548,4972.500000000009,91.0,529.45,169.9,0.15,322.65,120.0,360.2,666.3,1.8990582695703353,3.958241758241758,True,50.0,50.0,99.4500000000001
DEV_23,DEVELOPMENT,2022-06-09,2022-06-16,2022-07-07,3,D+3,2022-06-14,EXECUTABLE,GATE_PASS,15674.25,15700.0,1.1691213648448073,25.75,0.1642821825605691,-2847.499999999998,150.0,330.5,143.25,0.2,358.4,187.4,321.0,530.5,2.501919720767888,2.14,True,50.0,50.0,-56.94999999999996
DEV_23,DEVELOPMENT,2022-06-09,2022-06-16,2022-07-07,4,D+4,2022-06-15,EXECUTABLE,GATE_PASS,15729.25,15700.0,0.9254170705605149,29.25,0.18595927968593542,-2699.999999999998,107.0,330.5,146.75,0.2,381.65,187.4,300.7,530.5,2.6006814310051105,2.8102803738317754,True,50.0,50.0,-53.99999999999997
DEV_23,DEVELOPMENT,2022-06-09,2022-06-16,2022-07-07,5,D+5,2022-06-16,EXECUTABLE,GATE_FAIL,15832.25,15850.0,1.4849511299581115,17.75,0.11211293404285556,9690.0,90.0,482.85,61.0,0.15,319.05,137.1,317.0,394.95,5.230327868852459,3.522222222222222,False,50.0,50.0,193.8
DEV_24,DEVELOPMENT,2022-06-16,2022-06-23,2022-07-14,-1,D-1,2022-06-15,EXECUTABLE,GATE_PASS,15729.25,15700.0,1.0041626844181046,29.25,0.18595927968593542,-1052.4999999999995,204.45,144.1,250.85,0.15,426.6,236.9,346.25,367.95,1.7006178991429142,1.6935681095622404,True,50.0,50.0,-21.05000000000001
DEV_24,DEVELOPMENT,2022-06-16,2022-06-23,2022-07-14,0,D0,2022-06-16,EXECUTABLE,GATE_PASS,15832.25,15800.0,0.8812991011156339,32.25,0.2036981477680052,1262.499999999999,170.15,245.1,215.35,0.1,360.0,198.65,322.75,426.35,1.6716972370559555,1.8968557155451071,True,50.0,50.0,25.24999999999997
DEV_24,DEVELOPMENT,2022-06-16,2022-06-23,2022-07-14,1,D+1,2022-06-17,EXECUTABLE,GATE_FAIL,15272.650390625,15300.0,1.2648902579792003,27.349609375,0.17907572474642877,-4047.500000000002,197.0,0.15,202.8,255.3,458.35,470.0,352.0,195.25,2.2601084812623276,1.7868020304568528,False,50.0,50.0,-80.95000000000002
DEV_24,DEVELOPMENT,2022-06-16,2022-06-23,2022-07-14,2,D+2,2022-06-20,EXECUTABLE,GATE_PASS,15334.5,15300.0,0.8261802618415399,34.5,0.2249828817372591,1100.000000000001,144.2,0.15,204.0,255.3,397.45,470.0,340.05,195.25,1.9482843137254902,2.358183079056866,True,50.0,50.0,22.00000000000003
DEV_24,DEVELOPMENT,2022-06-16,2022-06-23,2022-07-14,3,D+3,2022-06-21,EXECUTABLE,GATE_FAIL,15455.9501953125,15500.0,1.882050216974776,44.0498046875,0.28500224270171026,-2745.000000000002,170.0,1.3,87.85,56.85,312.1,340.4,320.9,266.4,3.552646556630621,1.8876470588235292,False,50.0,50.0,-54.900000000000034
DEV_24,DEVELOPMENT,2022-06-16,2022-06-23,2022-07-14,4,D+4,2022-06-22,EXECUTABLE,GATE_PASS,15545.650390625,15500.0,0.7487777777777777,45.650390625,0.2936537840355013,75.00000000000102,75.0,1.3,125.0,56.85,336.95,340.4,270.0,266.4,2.6955999999999998,3.6,True,50.0,50.0,1.5000000000000142
DEV_24,DEVELOPMENT,2022-06-16,2022-06-23,2022-07-14,5,D+5,2022-06-23,EXECUTABLE,GATE_FAIL,15451.5498046875,15450.0,1.2764730933023618,1.5498046875,0.010030092172565366,-3204.9999999999995,63.6,0.4,56.0,106.2,311.05,370.1,276.75,286.5,5.554464285714286,4.351415094339623,False,50.0,50.0,-64.1
DEV_25,DEVELOPMENT,2022-06-23,2022-06-30,2022-07-21,-1,D-1,2022-06-22,EXECUTABLE,GATE_PASS,15545.650390625,15500.0,0.7642032271863807,45.650390625,0.2936537840355013,-137.5,169.25,0.1,228.6,286.5,373.65,465.25,362.0,229.3,1.634514435695538,2.138847858197932,True,50.0,50.0,-2.75
DEV_25,DEVELOPMENT,2022-06-23,2022-06-30,2022-07-21,0,D0,2022-06-23,EXECUTABLE,GATE_PASS,15451.5498046875,15500.0,1.1942512485225363,48.4501953125,0.31356204345147165,-2762.500000000002,209.75,0.1,150.05,286.5,322.0,465.25,376.9,229.3,2.14595134955015,1.7969010727056018,True,50.0,50.0,-55.25000000000006
DEV_25,DEVELOPMENT,2022-06-23,2022-06-30,2022-07-21,1,D+1,2022-06-24,EXECUTABLE,GATE_PASS,15657.400390625,15700.0,1.0949664151548641,42.599609375,0.27207332195775535,1267.4999999999982,175.0,0.35,121.0,86.05,355.0,348.5,468.9,297.35,2.9338842975206614,2.6794285714285713,True,50.0,50.0,25.349999999999966
DEV_25,DEVELOPMENT,2022-06-23,2022-06-30,2022-07-21,2,D+2,2022-06-27,EXECUTABLE,GATE_PASS,15926.2001953125,15900.0,1.1791182887700535,26.2001953125,0.16451002116758148,-3557.5000000000005,146.45,111.65,125.0,0.25,329.35,245.2,327.25,404.2,2.6348000000000003,2.2345510413110277,True,50.0,50.0,-71.15
DEV_25,DEVELOPMENT,2022-06-23,2022-06-30,2022-07-21,3,D+3,2022-06-28,EXECUTABLE,GATE_PASS,15757.4501953125,15750.0,0.8711580147646588,7.4501953125,0.047280462385445275,-1400.0000000000011,110.05,0.85,125.1,37.05,336.7,320.2,340.0,330.35,2.691446842525979,3.089504770558837,True,50.0,50.0,-28.00000000000003
DEV_25,DEVELOPMENT,2022-06-23,2022-06-30,2022-07-21,4,D+4,2022-06-29,EXECUTABLE,GATE_PASS,15701.7001953125,15700.0,0.7189227085832641,1.7001953125,0.010828096902573435,-44.999999999999545,85.0,0.35,118.0,86.05,329.95,348.5,330.6,297.35,2.796186440677966,3.8894117647058826,True,50.0,50.0,-0.8999999999999915
DEV_25,DEVELOPMENT,2022-06-23,2022-06-30,2022-07-21,5,D+5,2022-06-30,EXECUTABLE,GATE_PASS,15774.5,15750.0,0.9957501564308818,24.5,0.15531395606833814,-3152.5000000000014,70.0,0.85,75.5,37.05,322.25,320.2,300.05,330.35,4.268211920529802,4.286428571428572,True,50.0,50.0,-63.050000000000026
DEV_26,DEVELOPMENT,2022-06-30,2022-07-07,2022-07-28,-1,D-1,2022-06-29,EXECUTABLE,GATE_PASS,15701.7001953125,15700.0,0.9154134032315772,1.7001953125,0.010828096902573435,1319.9999999999982,181.0,0.1,201.65,432.05,377.6,575.4,370.25,130.35,1.872551450533102,2.0455801104972378,True,50.0,50.0,26.39999999999995
DEV_26,DEVELOPMENT,2022-06-30,2022-07-07,2022-07-28,0,D0,2022-06-30,EXECUTABLE,GATE_PASS,15774.5,15750.0,1.1405708876931921,24.5,0.15531395606833814,-1732.5,201.0,0.1,194.85,381.55,419.05,534.85,379.0,141.85,2.1506286887349244,1.8855721393034826,True,50.0,50.0,-34.650000000000006
DEV_26,DEVELOPMENT,2022-06-30,2022-07-07,2022-07-28,1,D+1,2022-07-01,EXECUTABLE,GATE_PASS,15703.7001953125,15700.0,1.0910681871032455,3.7001953125,0.023562569754130274,524.9999999999982,169.9,0.1,148.0,432.05,370.05,575.4,389.35,130.35,2.500337837837838,2.2916421424367277,True,50.0,50.0,10.499999999999943
DEV_26,DEVELOPMENT,2022-06-30,2022-07-07,2022-07-28,2,D+2,2022-07-04,EXECUTABLE,GATE_PASS,15710.5,15700.0,0.7018575979265944,10.5,0.06683428280449381,1645.0,107.0,0.1,174.0,432.05,381.15,575.4,333.95,130.35,2.19051724137931,3.1210280373831774,True,50.0,50.0,32.89999999999995
DEV_26,DEVELOPMENT,2022-06-30,2022-07-07,2022-07-28,3,D+3,2022-07-05,EXECUTABLE,GATE_PASS,15909.150390625,15900.0,0.8600002774194443,9.150390625,0.057516526026381486,2635.000000000001,100.0,0.1,105.0,231.45,310.0,431.0,343.3,185.25,2.9523809523809526,3.4330000000000003,True,50.0,50.0,52.70000000000002
DEV_26,DEVELOPMENT,2022-06-30,2022-07-07,2022-07-28,4,D+4,2022-07-06,EXECUTABLE,GATE_PASS,15818.2001953125,15800.0,0.8278513095699884,18.2001953125,0.11505857232666312,3399.999999999998,95.0,0.1,96.65,332.8,284.8,500.6,338.15,154.9,2.9467149508535955,3.559473684210526,True,50.0,50.0,67.99999999999997
DEV_26,DEVELOPMENT,2022-06-30,2022-07-07,2022-07-28,5,D+5,2022-07-07,EXECUTABLE,GATE_FAIL,16113.75,16100.0,1.3484289200732154,13.75,0.08533085098130479,19.99999999999909,73.0,1.2,55.0,31.45,302.75,310.0,298.0,256.6,5.504545454545455,4.082191780821918,False,50.0,50.0,0.39999999999997726
DEV_27,DEVELOPMENT,2022-07-07,2022-07-14,2022-08-04,-1,D-1,2022-07-06,EXECUTABLE,GATE_FAIL,15818.2001953125,15800.0,1.3114710458438652,18.2001953125,0.11505857232666312,-3035.0000000000027,213.0,0.15,177.0,123.95,357.35,340.9,327.9,212.35,2.0189265536723164,1.5394366197183098,False,50.0,50.0,-60.700000000000074
DEV_27,DEVELOPMENT,2022-07-07,2022-07-14,2022-08-04,0,D0,2022-07-07,EXECUTABLE,GATE_PASS,16113.75,16100.0,1.1168006914174058,13.75,0.08533085098130479,-774.9999999999982,175.6,170.9,160.0,0.1,338.5,184.05,332.65,348.9,2.115625,1.8943621867881548,True,50.0,50.0,-15.499999999999972
DEV_27,DEVELOPMENT,2022-07-07,2022-07-14,2022-08-04,1,D+1,2022-07-08,EXECUTABLE,GATE_PASS,16273.650390625,16250.0,0.8649450222174343,23.650390625,0.14532935178836476,2347.5000000000036,159.95,321.5,149.15,0.1,284.75,128.05,353.05,460.0,1.9091518605430773,2.2072522663332292,True,50.0,50.0,46.950000000000045
DEV_27,DEVELOPMENT,2022-07-07,2022-07-14,2022-08-04,2,D+2,2022-07-11,EXECUTABLE,GATE_PASS,16136.150390625,16150.0,1.0124247491638796,13.849609375,0.08582969939996676,942.5000000000005,131.25,220.55,125.0,0.1,288.3,168.15,299.0,374.2,2.3064,2.278095238095238,True,50.0,50.0,18.850000000000023
DEV_27,DEVELOPMENT,2022-07-07,2022-07-14,2022-08-04,3,D+3,2022-07-12,EXECUTABLE,GATE_PASS,16126.2001953125,16150.0,1.1015109842375195,23.7998046875,0.14758470314921449,870.0000000000027,111.4,220.55,94.75,0.1,291.65,168.15,311.3,374.2,3.0781002638522423,2.79443447037702,True,50.0,50.0,17.400000000000063
DEV_27,DEVELOPMENT,2022-07-07,2022-07-14,2022-08-04,4,D+4,2022-07-13,EXECUTABLE,GATE_FAIL,16128.2001953125,16150.0,1.530832804760179,21.7998046875,0.13516576197904523,-100.00000000000091,105.95,220.55,62.4,0.1,248.75,168.15,275.9,374.2,3.9863782051282053,2.6040585181689475,False,50.0,50.0,-2.0
DEV_27,DEVELOPMENT,2022-07-07,2022-07-14,2022-08-04,5,D+5,2022-07-14,EXECUTABLE,GATE_PASS,16018.849609375,16000.0,1.1085730158730158,18.849609375,0.1176714298133388,-607.5000000000005,73.4,71.0,70.0,0.25,285.45,231.45,270.0,295.5,4.077857142857143,3.678474114441417,True,50.0,50.0,-12.150000000000006
DEV_28,DEVELOPMENT,2022-07-14,2022-07-21,2022-08-11,-1,D-1,2022-07-13,EXECUTABLE,GATE_FAIL,16128.2001953125,16200.0,1.2690954425344838,71.7998046875,0.4451817550501878,-467.5,213.6,0.1,129.4,397.75,276.7,508.25,359.9,118.95,2.1383307573415764,1.6849250936329587,False,50.0,50.0,-9.350000000000023
DEV_28,DEVELOPMENT,2022-07-14,2022-07-21,2022-08-11,0,D0,2022-07-14,EXECUTABLE,GATE_PASS,16018.849609375,16000.0,1.1810855800653597,18.849609375,0.1176714298133388,-2255.0,179.0,0.1,163.2,595.6,323.05,668.2,300.0,78.95,1.9794730392156865,1.675977653631285,True,50.0,50.0,-45.10000000000002
DEV_28,DEVELOPMENT,2022-07-14,2022-07-21,2022-08-11,1,D+1,2022-07-15,EXECUTABLE,GATE_FAIL,16010.7998046875,16000.0,1.3652087646652864,10.7998046875,0.0674532491770844,-2887.499999999998,155.0,0.1,120.0,595.6,306.3,668.2,289.8,78.95,2.5525,1.8696774193548389,False,50.0,50.0,-57.74999999999994
DEV_28,DEVELOPMENT,2022-07-14,2022-07-21,2022-08-11,2,D+2,2022-07-18,EXECUTABLE,GATE_PASS,16151.400390625,16150.0,0.7403482814291545,1.400390625,0.008670397557680818,-8037.499999999998,94.35,0.1,110.05,444.85,295.85,346.55,342.6,125.0,2.6883234893230354,3.6311605723370435,True,50.0,50.0,-160.75
DEV_28,DEVELOPMENT,2022-07-14,2022-07-21,2022-08-11,3,D+3,2022-07-19,EXECUTABLE,GATE_PASS,16187.0498046875,16200.0,1.034554820532187,12.9501953125,0.08000343156261766,-2105.000000000001,78.85,0.1,89.95,397.75,293.75,508.25,248.9,118.95,3.265703168426904,3.1566265060240966,True,50.0,50.0,-42.10000000000002
DEV_28,DEVELOPMENT,2022-07-14,2022-07-21,2022-08-11,4,D+4,2022-07-20,EXECUTABLE,GATE_FAIL,16562.80078125,16550.0,2.4408909090909092,12.80078125,0.07728633230009738,-1565.0000000000005,90.1,1.45,35.0,33.85,260.75,278.45,275.0,236.5,7.45,3.0521642619311877,False,50.0,50.0,-31.30000000000001
DEV_28,DEVELOPMENT,2022-07-14,2022-07-21,2022-08-11,5,D+5,2022-07-21,EXECUTABLE,GATE_PASS,16523.55078125,16500.0,0.6077951406625791,23.55078125,0.14252857368117336,1895.0000000000018,40.0,0.2,64.95,86.1,248.75,308.55,252.05,213.0,3.829869130100077,6.3012500000000005,True,50.0,50.0,37.900000000000034
DEV_29,DEVELOPMENT,2022-07-21,2022-07-28,2022-08-18,-1,D-1,2022-07-20,EXECUTABLE,GATE_FAIL,16562.80078125,16500.0,1.226937293191317,62.80078125,0.3791676424744173,-830.0000000000018,140.0,0.1,115.25,425.4,297.0,547.8,294.05,111.4,2.577006507592191,2.100357142857143,False,50.0,50.0,-16.599999999999994
DEV_29,DEVELOPMENT,2022-07-21,2022-07-28,2022-08-18,0,D0,2022-07-21,EXECUTABLE,GATE_PASS,16523.55078125,16500.0,0.8889446920710653,23.55078125,0.14252857368117336,1349.9999999999982,135.0,0.1,153.0,425.4,283.2,547.8,281.1,111.4,1.8509803921568626,2.082222222222222,True,50.0,50.0,27.00000000000003
DEV_29,DEVELOPMENT,2022-07-21,2022-07-28,2022-08-18,1,D+1,2022-07-22,EXECUTABLE,GATE_FAIL,16661.25,16700.0,1.3583147341680277,38.75,0.23257558706579637,-547.5000000000009,140.05,0.1,100.2,221.65,267.25,405.25,275.0,162.55,2.667165668662675,1.9635844341306674,False,50.0,50.0,-10.950000000000045
DEV_29,DEVELOPMENT,2022-07-21,2022-07-28,2022-08-18,2,D+2,2022-07-25,EXECUTABLE,GATE_PASS,16662.55078125,16650.0,0.8362354554018283,12.55078125,0.07532328882155975,-257.5000000000018,102.5,0.1,130.15,274.6,310.05,415.15,292.0,155.4,2.3822512485593546,2.848780487804878,True,50.0,50.0,-5.1500000000000625
DEV_29,DEVELOPMENT,2022-07-21,2022-07-28,2022-08-18,3,D+3,2022-07-26,EXECUTABLE,GATE_PASS,16632.900390625,16650.0,1.1474615602438947,17.099609375,0.10280593867223577,-835.0000000000009,113.0,0.1,91.3,274.6,251.2,415.15,270.95,155.4,2.751369112814896,2.397787610619469,True,50.0,50.0,-16.700000000000074
DEV_29,DEVELOPMENT,2022-07-21,2022-07-28,2022-08-18,4,D+4,2022-07-27,EXECUTABLE,GATE_PASS,16475.349609375,16500.0,0.958412812857658,24.650390625,0.14961983332343456,1487.4999999999964,97.0,0.1,94.0,425.4,282.3,547.8,303.95,111.4,3.0031914893617024,3.1335051546391752,True,50.0,50.0,29.74999999999997
DEV_29,DEVELOPMENT,2022-07-21,2022-07-28,2022-08-18,5,D+5,2022-07-28,EXECUTABLE,GATE_FAIL,16774.849609375,16750.0,2.3666582406471184,24.849609375,0.14813610824333256,-7327.499999999999,74.9,0.15,52.0,169.35,325.0,364.75,197.8,192.0,6.25,2.6408544726301737,False,50.0,50.0,-146.54999999999998
DEV_30,DEVELOPMENT,2022-07-28,2022-08-04,2022-08-25,-1,D-1,2022-07-27,EXECUTABLE,GATE_PASS,16475.349609375,16500.0,0.9889919181170987,24.650390625,0.14961983332343456,927.4999999999945,193.25,0.1,165.2,884.85,282.8,944.05,334.5,64.4,1.7118644067796611,1.7309184993531694,True,50.0,50.0,18.549999999999955
DEV_30,DEVELOPMENT,2022-07-28,2022-08-04,2022-08-25,0,D0,2022-07-28,EXECUTABLE,GATE_PASS,16774.849609375,16750.0,0.9285726240319967,24.849609375,0.14813610824333256,-1337.4999999999964,144.55,0.1,178.35,640.05,331.05,718.75,288.95,97.25,1.8561816652649286,1.9989622967831198,True,50.0,50.0,-26.75
DEV_30,DEVELOPMENT,2022-07-28,2022-08-04,2022-08-25,1,D+1,2022-07-29,EXECUTABLE,GATE_FAIL,17079.5,17100.0,1.2629512332544481,20.5,0.12002693287274217,-1069.9999999999973,158.9,0.2,115.25,285.3,287.95,458.35,314.35,177.4,2.4984815618221257,1.9782882315921964,False,50.0,50.0,-21.39999999999995
DEV_30,DEVELOPMENT,2022-07-28,2022-08-04,2022-08-25,2,D+2,2022-08-01,EXECUTABLE,GATE_FAIL,17243.19921875,17250.0,1.2035423705852355,6.80078125,0.0394403681342667,-677.5000000000009,135.15,0.35,105.6,135.55,268.2,362.1,285.2,227.9,2.5397727272727275,2.110247872733999,False,50.0,50.0,-13.550000000000011
DEV_30,DEVELOPMENT,2022-07-28,2022-08-04,2022-08-25,3,D+3,2022-08-02,EXECUTABLE,GATE_PASS,17310.150390625,17300.0,1.169861642303511,10.150390625,0.05863837341642824,-2170.000000000001,100.0,0.6,102.0,86.55,299.15,334.9,250.7,245.9,2.9328431372549018,2.5069999999999997,True,50.0,50.0,-43.40000000000002
DEV_30,DEVELOPMENT,2022-07-28,2022-08-04,2022-08-25,4,D+4,2022-08-03,EXECUTABLE,GATE_FAIL,17349.25,17350.0,1.4879148272737788,0.75,0.004322953441791432,-1744.9999999999993,104.25,1.35,70.1,36.9,296.15,305.05,296.0,270.1,4.224679029957204,2.839328537170264,False,50.0,50.0,-34.900000000000006
DEV_30,DEVELOPMENT,2022-07-28,2022-08-04,2022-08-25,5,D+5,2022-08-04,EXECUTABLE,GATE_PASS,17463.099609375,17450.0,1.1176168409336573,13.099609375,0.07501308283191332,-985.000000000002,56.55,62.55,53.0,0.65,277.0,248.6,264.45,314.1,5.226415094339623,4.676392572944297,True,50.0,50.0,-19.70000000000004
DEV_31,DEVELOPMENT,2022-08-04,2022-08-11,2022-09-01,-1,D-1,2022-08-03,EXECUTABLE,GATE_PASS,17349.25,17300.0,1.0638523839690905,49.25,0.2838739426776374,265.0,199.0,0.15,214.85,366.25,373.75,537.75,325.4,133.85,1.7395857575052363,1.6351758793969848,True,50.0,50.0,5.299999999999983
DEV_31,DEVELOPMENT,2022-08-04,2022-08-11,2022-09-01,0,D0,2022-08-04,EXECUTABLE,GATE_FAIL,17463.099609375,17500.0,1.2870925320666329,36.900390625,0.21130493125739352,4.9999999999990905,200.0,0.15,145.3,166.05,311.8,390.55,333.45,191.5,2.1459050240880937,1.66725,False,50.0,50.0,0.09999999999999432
DEV_31,DEVELOPMENT,2022-08-04,2022-08-11,2022-09-01,1,D+1,2022-08-05,EXECUTABLE,GATE_FAIL,17423.650390625,17400.0,1.2025471319695147,23.650390625,0.1357372886552256,-1714.999999999999,170.0,0.15,180.0,265.9,352.7,458.5,277.0,161.35,1.9594444444444443,1.6294117647058823,False,50.0,50.0,-34.299999999999955
DEV_31,DEVELOPMENT,2022-08-04,2022-08-11,2022-09-01,2,D+2,2022-08-08,EXECUTABLE,GATE_PASS,17401.5,17400.0,1.1353680579014154,1.5,0.00861994655633135,-347.5,130.55,0.15,129.95,265.9,327.8,458.5,290.05,161.35,2.522508657175837,2.2217541171964763,True,50.0,50.0,-6.950000000000017
DEV_31,DEVELOPMENT,2022-08-04,2022-08-11,2022-09-01,3,D+3,2022-08-10,EXECUTABLE,GATE_PASS,17566.099609375,17550.0,0.9474915133812267,16.099609375,0.09165158875910998,370.0,90.0,0.2,106.0,116.55,320.05,356.05,286.8,215.05,3.0193396226415095,3.186666666666667,True,50.0,50.0,7.400000000000006
DEV_31,DEVELOPMENT,2022-08-04,2022-08-11,2022-09-01,4,D+4,2022-08-11,EXECUTABLE,GATE_PASS,17711.650390625,17700.0,0.833975457742972,11.650390625,0.06577811987056101,3607.499999999998,43.0,32.65,45.1,1.4,296.0,267.9,338.4,271.5,6.563192904656319,7.869767441860464,True,50.0,50.0,72.14999999999995
DEV_31,DEVELOPMENT,2022-08-04,2022-08-11,2022-09-01,5,D+5,2022-08-12,AFTER_NEAR_EXPIRY,,,,,,,,,,,,,,,,,,,,,
DEV_32,DEVELOPMENT,2022-08-11,2022-08-18,2022-09-08,-1,D-1,2022-08-10,EXECUTABLE,GATE_PASS,17566.099609375,17500.0,0.8693483695902363,66.099609375,0.37629075802190454,3332.5,164.8,0.1,215.45,452.45,375.0,599.95,329.95,86.55,1.7405430494314227,2.002123786407767,True,50.0,50.0,66.64999999999998
DEV_32,DEVELOPMENT,2022-08-11,2022-08-18,2022-09-08,0,D0,2022-08-11,EXECUTABLE,GATE_PASS,17711.650390625,17700.0,0.9831160889942195,11.650390625,0.06577811987056101,1567.499999999999,110.15,0.15,126.0,254.35,352.5,446.05,313.45,137.3,2.7976190476190474,2.845665002269632,True,50.0,50.0,31.349999999999994
DEV_32,DEVELOPMENT,2022-08-11,2022-08-18,2022-09-08,1,D+1,2022-08-12,EXECUTABLE,GATE_PASS,17659.650390625,17700.0,1.176865575626576,40.349609375,0.22848475752623304,1760.000000000001,142.7,0.15,120.0,254.35,320.5,446.05,323.85,137.3,2.6708333333333334,2.2694463910301335,True,50.0,50.0,35.200000000000045
DEV_32,DEVELOPMENT,2022-08-11,2022-08-18,2022-09-08,2,D+2,2022-08-16,EXECUTABLE,GATE_FAIL,17797.19921875,17800.0,1.3469759022927559,2.80078125,0.015737202329281535,672.5000000000009,98.0,0.2,82.0,153.85,300.7,385.2,266.8,168.2,3.6670731707317072,2.722448979591837,False,50.0,50.0,13.450000000000045
DEV_32,DEVELOPMENT,2022-08-11,2022-08-18,2022-09-08,3,D+3,2022-08-17,EXECUTABLE,GATE_PASS,17868.150390625,17850.0,1.1119088216817732,18.150390625,0.10157957162999413,265.0,70.0,0.25,77.0,103.7,309.75,342.7,253.25,184.45,4.0227272727272725,3.617857142857143,True,50.0,50.0,5.299999999999997
DEV_32,DEVELOPMENT,2022-08-11,2022-08-18,2022-09-08,4,D+4,2022-08-18,EXECUTABLE,GATE_PASS,17898.650390625,17900.0,0.8559408312372742,1.349609375,0.007540285694986822,1892.4999999999973,50.0,0.45,69.0,53.85,285.85,320.9,242.0,204.8,4.142753623188407,4.84,True,50.0,50.0,37.849999999999945
DEV_32,DEVELOPMENT,2022-08-11,2022-08-18,2022-09-08,5,D+5,2022-08-19,AFTER_NEAR_EXPIRY,,,,,,,,,,,,,,,,,,,,,
DEV_33,DEVELOPMENT,2022-08-18,2022-08-25,2022-09-15,-1,D-1,2022-08-17,EXECUTABLE,GATE_FAIL,17868.150390625,17900.0,1.3205261597076667,31.849609375,0.17824793657272295,-1850.0000000000018,160.0,365.95,141.1,0.25,328.4,141.95,282.0,479.35,2.3274273564847627,1.7625,False,50.0,50.0,-37.00000000000006
DEV_33,DEVELOPMENT,2022-08-18,2022-08-25,2022-09-15,0,D0,2022-08-18,EXECUTABLE,GATE_PASS,17898.650390625,17900.0,1.006538653090587,1.349609375,0.007540285694986822,-645.0000000000036,120.6,365.95,153.0,0.25,339.35,141.95,265.75,479.35,2.2179738562091504,2.203565505804312,True,50.0,50.0,-12.900000000000034
DEV_33,DEVELOPMENT,2022-08-18,2022-08-25,2022-09-15,1,D+1,2022-08-19,EXECUTABLE,GATE_FAIL,17966.55078125,18000.0,1.2040132237905332,33.44921875,0.18617496010924817,490.0000000000018,125.0,468.35,109.0,0.2,313.5,112.55,298.6,540.0,2.876146788990826,2.3888000000000003,False,50.0,50.0,9.800000000000068
DEV_33,DEVELOPMENT,2022-08-18,2022-08-25,2022-09-15,2,D+2,2022-08-22,EXECUTABLE,GATE_PASS,17682.900390625,17700.0,0.9255555555555557,17.099609375,0.09670138380729529,1592.5000000000005,124.95,163.7,135.0,0.45,300.0,216.5,300.0,357.95,2.2222222222222223,2.4009603841536613,True,50.0,50.0,31.850000000000023
DEV_33,DEVELOPMENT,2022-08-18,2022-08-25,2022-09-15,3,D+3,2022-08-23,EXECUTABLE,GATE_PASS,17357.349609375,17350.0,0.6093817837361365,7.349609375,0.042342924123797976,2442.5,63.45,0.65,131.05,180.4,365.0,365.0,290.0,129.0,2.785196489889355,4.570527974783293,True,50.0,50.0,48.849999999999994
DEV_33,DEVELOPMENT,2022-08-18,2022-08-25,2022-09-15,4,D+4,2022-08-24,EXECUTABLE,GATE_PASS,17525.44921875,17500.0,0.6079713356618089,25.44921875,0.14521293253226614,-1470.0000000000007,36.15,4.2,90.25,29.15,349.1,323.0,230.0,262.45,3.8681440443213297,6.362378976486861,True,50.0,50.0,-29.40000000000001
DEV_33,DEVELOPMENT,2022-08-18,2022-08-25,2022-09-15,5,D+5,2022-08-25,EXECUTABLE,GATE_FAIL,17679.0,17700.0,2.3673756059755955,21.0,0.11878499915153572,-2389.999999999999,79.0,163.7,37.05,0.45,278.4,216.5,250.75,357.95,7.51417004048583,3.1740506329113924,False,50.0,50.0,-47.79999999999998
DEV_34,DEVELOPMENT,2022-08-25,2022-09-01,2022-09-22,-1,D-1,2022-08-24,EXECUTABLE,GATE_PASS,17525.44921875,17500.0,0.8787607345258209,25.44921875,0.14521293253226614,960.0000000000013,155.0,5.1,261.35,40.2,406.95,344.95,274.65,264.7,1.5571073273388174,1.7719354838709676,True,50.0,50.0,19.200000000000017
DEV_34,DEVELOPMENT,2022-08-25,2022-09-01,2022-09-22,0,D0,2022-08-25,EXECUTABLE,GATE_PASS,17679.0,17700.0,1.063439431196627,21.0,0.11878499915153572,837.4999999999982,142.8,161.85,150.05,0.2,334.0,236.7,298.9,353.75,2.22592469176941,2.0931372549019605,True,50.0,50.0,16.74999999999997
DEV_34,DEVELOPMENT,2022-08-25,2022-09-01,2022-09-22,1,D+1,2022-08-26,EXECUTABLE,GATE_PASS,17619.30078125,17600.0,1.111854704574314,19.30078125,0.10954340066967577,-1527.500000000001,127.15,59.55,155.0,1.05,366.7,281.9,270.55,302.65,2.365806451612903,2.127801808887141,True,50.0,50.0,-30.549999999999997
DEV_34,DEVELOPMENT,2022-08-25,2022-09-01,2022-09-22,2,D+2,2022-08-29,EXECUTABLE,GATE_FAIL,17188.650390625,17200.0,1.2643054563492064,11.349609375,0.06602967142312861,2855.0,169.9,0.15,180.0,335.1,375.05,640.0,280.0,163.0,2.0836111111111113,1.64802825191289,False,50.0,50.0,57.099999999999966
DEV_34,DEVELOPMENT,2022-08-25,2022-09-01,2022-09-22,3,D+3,2022-08-30,EXECUTABLE,GATE_PASS,17414.94921875,17400.0,1.0667174575533303,14.94921875,0.085841299691559,3840.000000000002,99.0,0.5,88.0,135.5,326.7,432.05,344.55,227.1,3.7125,3.4803030303030305,True,50.0,50.0,76.80000000000004
DEV_34,DEVELOPMENT,2022-08-25,2022-09-01,2022-09-22,4,D+4,2022-09-01,EXECUTABLE,GATE_PASS,17485.69921875,17500.0,0.7572907143024592,14.30078125,0.08178558415705335,-3217.5000000000005,60.1,5.1,144.6,40.2,430.0,344.95,236.0,264.7,2.9737206085753805,3.9267886855241265,True,50.0,50.0,-64.35000000000001
DEV_34,DEVELOPMENT,2022-08-25,2022-09-01,2022-09-22,5,D+5,2022-09-02,AFTER_NEAR_EXPIRY,,,,,,,,,,,,,,,,,,,,,
DEV_35,DEVELOPMENT,2022-09-01,2022-09-08,2022-09-29,-1,D-1,2022-08-30,EXECUTABLE,GATE_FAIL,17414.94921875,17400.0,1.3403497097426649,14.94921875,0.085841299691559,-3007.5,215.0,0.2,190.0,398.25,356.0,554.8,300.55,136.45,1.8736842105263158,1.397906976744186,False,50.0,50.0,-60.150000000000034
DEV_35,DEVELOPMENT,2022-09-01,2022-09-08,2022-09-29,0,D0,2022-09-01,EXECUTABLE,GATE_PASS,17485.69921875,17500.0,0.8853574901960783,14.30078125,0.08178558415705335,-2362.500000000001,100.05,0.2,170.0,298.05,423.1,484.3,281.25,161.8,2.4888235294117647,2.8110944527736135,True,50.0,50.0,-47.25000000000003
DEV_35,DEVELOPMENT,2022-09-01,2022-09-08,2022-09-29,1,D+1,2022-09-02,EXECUTABLE,GATE_PASS,17598.400390625,17600.0,0.9745481606280245,1.599609375,0.009089515748557136,1105.0000000000018,165.95,0.25,176.1,198.1,342.15,413.0,330.85,191.9,1.942930153321976,1.993672793009943,True,50.0,50.0,22.10000000000005
DEV_35,DEVELOPMENT,2022-09-01,2022-09-08,2022-09-29,2,D+2,2022-09-05,EXECUTABLE,GATE_PASS,17546.44921875,17550.0,1.141135269004941,3.55078125,0.020236466111933707,-290.0,164.65,0.25,150.95,248.1,335.25,446.55,320.45,176.0,2.220934084133819,1.9462496204069237,True,50.0,50.0,-5.800000000000011
DEV_35,DEVELOPMENT,2022-09-01,2022-09-08,2022-09-29,3,D+3,2022-09-06,EXECUTABLE,GATE_PASS,17695.69921875,17700.0,1.1733996665696367,4.30078125,0.024304104612283307,-385.00000000000136,137.6,0.35,124.0,98.55,322.25,347.9,304.75,226.3,2.598790322580645,2.214752906976744,True,50.0,50.0,-7.700000000000031
DEV_35,DEVELOPMENT,2022-09-01,2022-09-08,2022-09-29,4,D+4,2022-09-07,EXECUTABLE,GATE_PASS,17519.400390625,17500.0,0.7866775270184361,19.400390625,0.11073661308284019,-130.0,81.0,0.2,130.0,298.05,366.65,484.3,290.4,161.8,2.820384615384615,3.585185185185185,True,50.0,50.0,-2.6000000000000227
DEV_35,DEVELOPMENT,2022-09-01,2022-09-08,2022-09-29,5,D+5,2022-09-08,EXECUTABLE,GATE_PASS,17748.150390625,17750.0,1.196013289036545,1.849609375,0.010421420453913937,710.0,60.0,0.95,50.0,49.0,300.0,318.0,301.0,246.75,6.0,5.016666666666667,True,50.0,50.0,14.200000000000003
DEV_36,DEVELOPMENT,2022-09-08,2022-09-15,2022-10-06,-1,D-1,2022-09-07,EXECUTABLE,GATE_PASS,17519.400390625,17500.0,1.1999813894584022,19.400390625,0.11073661308284019,1249.9999999999982,197.35,0.1,205.55,389.4,393.7,626.55,315.0,141.75,1.9153490634882022,1.5961489739042312,True,50.0,50.0,25.0
DEV_36,DEVELOPMENT,2022-09-08,2022-09-15,2022-10-06,0,D0,2022-09-08,EXECUTABLE,GATE_PASS,17748.150390625,17700.0,0.9991371748003287,48.150390625,0.2712980765051112,-87.49999999999818,145.9,0.1,176.0,186.8,373.15,419.35,309.6,200.95,2.1201704545454545,2.1220013708019194,True,50.0,50.0,-1.7499999999999432
DEV_36,DEVELOPMENT,2022-09-08,2022-09-15,2022-10-06,1,D+1,2022-09-09,EXECUTABLE,GATE_PASS,17923.349609375,17900.0,1.1207962755077614,23.349609375,0.13027480846987852,1.4779288903810084e-12,140.1,13.85,134.9,5.2,325.0,305.6,301.15,285.2,2.409191994069681,2.1495360456816557,True,50.0,50.0,2.842170943040401e-14
DEV_36,DEVELOPMENT,2022-09-08,2022-09-15,2022-10-06,2,D+2,2022-09-12,EXECUTABLE,GATE_FAIL,17890.849609375,17900.0,1.3060661764705883,9.150390625,0.05114564609723786,-759.9999999999983,148.75,13.85,120.0,5.2,304.5,305.6,289.0,285.2,2.5375,1.9428571428571428,False,50.0,50.0,-15.199999999999974
DEV_36,DEVELOPMENT,2022-09-08,2022-09-15,2022-10-06,3,D+3,2022-09-13,EXECUTABLE,GATE_FAIL,18044.44921875,18050.0,1.797924074074074,5.55078125,0.030761710610885142,-700.0000000000014,122.2,158.2,90.0,0.2,397.25,229.75,300.0,272.3,4.413888888888889,2.454991816693944,False,50.0,50.0,-14.000000000000028
DEV_36,DEVELOPMENT,2022-09-08,2022-09-15,2022-10-06,4,D+4,2022-09-14,EXECUTABLE,GATE_PASS,17771.150390625,17800.0,1.1754747064915472,28.849609375,0.16233957138880178,-3217.4999999999995,81.1,0.25,100.1,87.85,340.3,355.75,234.55,245.75,3.3996003996004,2.892108508014797,True,50.0,50.0,-64.35
DEV_36,DEVELOPMENT,2022-09-08,2022-09-15,2022-10-06,5,D+5,2022-09-15,EXECUTABLE,GATE_PASS,18046.349609375,18050.0,0.9376686050237091,3.650390625,0.020227861611988487,4452.499999999997,55.95,158.2,68.0,0.2,313.85,229.75,275.4,272.3,4.615441176470589,4.92225201072386,True,50.0,50.0,89.04999999999993
DEV_37,DEVELOPMENT,2022-09-15,2022-09-22,2022-10-13,-1,D-1,2022-09-14,EXECUTABLE,GATE_PASS,17771.150390625,17800.0,0.9788889910224593,28.849609375,0.16233957138880178,239.99999999999864,150.0,162.3,212.85,0.2,399.35,256.4,287.5,364.7,1.8762038994597137,1.9166666666666667,True,50.0,50.0,4.799999999999983
DEV_37,DEVELOPMENT,2022-09-15,2022-09-22,2022-10-13,0,D0,2022-09-15,EXECUTABLE,GATE_PASS,18046.349609375,18000.0,1.0013267620750164,46.349609375,0.25683648149496996,764.9999999999982,157.85,364.6,211.15,0.1,395.0,176.65,294.9,479.05,1.870708027468624,1.8682293316439658,True,50.0,50.0,15.30000000000004
DEV_37,DEVELOPMENT,2022-09-15,2022-09-22,2022-10-13,1,D+1,2022-09-16,EXECUTABLE,GATE_PASS,17796.80078125,17800.0,1.0509216015092757,3.19921875,0.01797636996291249,2265.0000000000023,146.1,162.3,140.0,0.2,343.15,256.4,340.75,364.7,2.4510714285714283,2.332306639288159,True,50.0,50.0,45.30000000000004
DEV_37,DEVELOPMENT,2022-09-15,2022-09-22,2022-10-13,2,D+2,2022-09-19,EXECUTABLE,GATE_PASS,17540.650390625,17500.0,0.7912572819754804,40.650390625,0.231749619995428,1822.5,111.25,0.25,175.0,135.4,409.0,413.15,328.6,224.9,2.337142857142857,2.9537078651685396,True,50.0,50.0,36.44999999999999
DEV_37,DEVELOPMENT,2022-09-15,2022-09-22,2022-10-13,3,D+3,2022-09-20,EXECUTABLE,GATE_FAIL,17770.400390625,17800.0,1.6234614525882751,29.599609375,0.16656692434806167,-1000.0,150.0,162.3,99.0,0.2,341.75,256.4,318.95,364.7,3.452020202020202,2.126333333333333,False,50.0,50.0,-20.000000000000014
DEV_37,DEVELOPMENT,2022-09-15,2022-09-22,2022-10-13,4,D+4,2022-09-21,EXECUTABLE,GATE_FAIL,17766.349609375,17750.0,1.208924949290061,16.349609375,0.09202571003315498,622.5000000000018,99.0,111.8,99.0,0.25,357.6,287.6,295.8,324.9,3.6121212121212123,2.987878787878788,False,50.0,50.0,12.450000000000031
DEV_37,DEVELOPMENT,2022-09-15,2022-09-22,2022-10-13,5,D+5,2022-09-22,EXECUTABLE,GATE_PASS,17609.650390625,17600.0,0.9948257736829671,9.650390625,0.054801716166594995,-2.500000000002842,91.1,1.25,120.0,34.95,369.8,357.95,282.2,265.6,3.0816666666666666,3.097694840834248,True,50.0,50.0,-0.050000000000054
DEV_38,DEVELOPMENT,2022-09-22,2022-09-29,2022-10-20,-1,D-1,2022-09-21,EXECUTABLE,GATE_FAIL,17766.349609375,17800.0,1.295900859737789,33.650390625,0.18940520345970938,10500.0,218.0,992.85,179.8,0.1,395.25,42.65,369.8,761.75,2.1982758620689653,1.6963302752293579,False,50.0,50.0,210.00000000000006
DEV_38,DEVELOPMENT,2022-09-22,2022-09-29,2022-10-20,0,D0,2022-09-22,EXECUTABLE,GATE_PASS,17609.650390625,17600.0,0.9396141470292092,9.650390625,0.054801716166594995,9922.499999999998,182.85,791.0,223.45,0.1,391.15,69.05,340.65,651.6,1.7505034683374356,1.863002461033634,True,50.0,50.0,198.45
DEV_38,DEVELOPMENT,2022-09-22,2022-09-29,2022-10-20,1,D+1,2022-09-23,EXECUTABLE,GATE_FAIL,17593.849609375,17600.0,1.7810946103787753,6.150390625,0.034957617358072235,4620.0,173.0,791.0,115.25,0.1,370.2,69.05,312.0,651.6,3.2121475054229935,1.8034682080924855,False,50.0,50.0,92.39999999999998
DEV_38,DEVELOPMENT,2022-09-22,2022-09-29,2022-10-20,2,D+2,2022-09-26,EXECUTABLE,GATE_PASS,17156.30078125,17200.0,0.9135145869572926,43.69921875,0.25471236082406856,2097.4999999999964,180.0,386.15,189.95,0.1,364.3,170.05,377.9,537.7,1.9178731245064493,2.0994444444444444,True,50.0,50.0,41.94999999999993
DEV_38,DEVELOPMENT,2022-09-22,2022-09-29,2022-10-20,3,D+3,2022-09-27,EXECUTABLE,GATE_PASS,17110.900390625,17100.0,1.1912645656506977,10.900390625,0.06370436608334348,-900.0000000000009,145.0,286.8,131.0,0.1,379.0,206.85,352.15,470.7,2.8931297709923665,2.428620689655172,True,50.0,50.0,-17.99999999999997
DEV_38,DEVELOPMENT,2022-09-22,2022-09-29,2022-10-20,4,D+4,2022-09-28,EXECUTABLE,GATE_PASS,16870.55078125,16900.0,0.8354985537041906,29.44921875,0.17455991290296213,1172.500000000001,93.1,86.1,118.0,0.4,375.4,295.0,354.5,361.25,3.1813559322033895,3.8077336197636953,True,50.0,50.0,23.450000000000017
DEV_38,DEVELOPMENT,2022-09-22,2022-09-29,2022-10-20,5,D+5,2022-09-29,EXECUTABLE,GATE_FAIL,16993.599609375,17000.0,1.5142612968699927,6.400390625,0.03766353669689289,-1425.000000000001,78.75,187.05,55.0,0.15,360.0,244.2,340.4,416.25,6.545454545454546,4.3225396825396825,False,50.0,50.0,-28.50000000000003
DEV_39,DEVELOPMENT,2022-09-29,2022-10-06,2022-10-27,-1,D-1,2022-09-28,EXECUTABLE,GATE_PASS,16870.55078125,16850.0,0.9685326163639469,20.55078125,0.1218145247091768,-2154.999999999998,200.0,0.1,256.9,489.65,443.95,614.4,356.85,137.75,1.7281043207473725,1.7842500000000001,True,50.0,50.0,-43.099999999999966
DEV_39,DEVELOPMENT,2022-09-29,2022-10-06,2022-10-27,0,D0,2022-09-29,EXECUTABLE,GATE_PASS,16993.599609375,17000.0,0.9612986904313628,6.400390625,0.03766353669689289,-640.0,179.5,0.1,192.75,337.55,400.0,503.0,387.5,179.1,2.0752269779507135,2.1587743732590527,True,50.0,50.0,-12.80000000000004
DEV_39,DEVELOPMENT,2022-09-29,2022-10-06,2022-10-27,1,D+1,2022-09-30,EXECUTABLE,GATE_PASS,16798.05078125,16800.0,0.9948227511196555,1.94921875,0.011603838894068113,-440.0000000000018,193.0,0.1,185.75,538.45,360.05,647.5,376.05,126.7,1.9383580080753702,1.9484455958549223,True,50.0,50.0,-8.800000000000011
DEV_39,DEVELOPMENT,2022-09-29,2022-10-06,2022-10-27,2,D+2,2022-10-03,EXECUTABLE,GATE_PASS,17102.099609375,17100.0,1.1733186472889126,2.099609375,0.012276909987409029,-1017.4999999999991,171.0,0.1,132.65,238.0,326.8,434.35,359.05,210.7,2.463626083678854,2.099707602339181,True,50.0,50.0,-20.349999999999966
DEV_39,DEVELOPMENT,2022-09-29,2022-10-06,2022-10-27,3,D+3,2022-10-04,EXECUTABLE,GATE_PASS,17147.44921875,17150.0,1.091615373067107,2.55078125,0.014875572555775993,42.50000000000182,96.95,0.25,80.0,188.35,300.0,401.1,333.05,228.25,3.75,3.43527591542032,True,50.0,50.0,0.8500000000000227
DEV_39,DEVELOPMENT,2022-09-29,2022-10-06,2022-10-27,4,D+4,2022-10-06,EXECUTABLE,GATE_FAIL,17379.25,17400.0,2.1663226194579672,20.75,0.11939525583670181,-3575.000000000002,98.0,60.15,45.85,0.35,299.65,258.15,295.65,333.3,6.535441657579061,3.0168367346938774,False,50.0,50.0,-71.50000000000003
DEV_39,DEVELOPMENT,2022-09-29,2022-10-06,2022-10-27,5,D+5,2022-10-07,AFTER_NEAR_EXPIRY,,,,,,,,,,,,,,,,,,,,,
DEV_40,DEVELOPMENT,2022-10-06,2022-10-13,2022-11-03,-1,D-1,2022-10-04,EXECUTABLE,GATE_PASS,17147.44921875,17100.0,0.6951165490819938,47.44921875,0.2767129859647948,9137.5,192.55,88.7,196.85,0.3,403.75,286.85,568.15,361.2,2.0510541021082043,2.950662165671254,True,50.0,50.0,182.75
DEV_40,DEVELOPMENT,2022-10-06,2022-10-13,2022-11-03,0,D0,2022-10-06,EXECUTABLE,GATE_PASS,17379.25,17400.0,1.1485731097381584,20.75,0.11939525583670181,-2547.500000000002,200.0,389.55,169.95,0.1,366.0,160.6,375.0,579.95,2.153574580759047,1.875,True,50.0,50.0,-50.950000000000074
DEV_40,DEVELOPMENT,2022-10-06,2022-10-13,2022-11-03,1,D+1,2022-10-07,EXECUTABLE,GATE_FAIL,17287.19921875,17300.0,1.2446800575416912,12.80078125,0.07404774531733312,-402.5,170.0,289.45,137.0,0.1,343.55,198.65,342.5,462.0,2.5076642335766426,2.014705882352941,False,50.0,50.0,-8.049999999999983
DEV_40,DEVELOPMENT,2022-10-06,2022-10-13,2022-11-03,2,D+2,2022-10-10,EXECUTABLE,GATE_PASS,17094.349609375,17100.0,0.6596172832864512,5.650390625,0.033054142182169795,3235.000000000002,110.0,88.7,172.65,0.3,351.95,286.85,339.95,361.2,2.0385172313929916,3.0904545454545453,True,50.0,50.0,64.70000000000005
DEV_40,DEVELOPMENT,2022-10-06,2022-10-13,2022-11-03,3,D+3,2022-10-11,EXECUTABLE,GATE_PASS,17256.05078125,17250.0,1.0082035417125368,6.05078125,0.0350646931137606,3800.000000000002,127.0,239.5,110.05,0.1,298.0,227.65,341.1,417.2,2.707860063607451,2.6858267716535433,True,50.0,50.0,76.00000000000003
DEV_40,DEVELOPMENT,2022-10-06,2022-10-13,2022-11-03,4,D+4,2022-10-12,EXECUTABLE,GATE_FAIL,17025.55078125,17050.0,1.3002082713478131,24.44921875,0.1436031002117452,240.00000000000068,118.75,38.85,85.0,0.9,312.8,308.85,336.1,331.55,3.68,2.8303157894736843,False,50.0,50.0,4.800000000000011
DEV_40,DEVELOPMENT,2022-10-06,2022-10-13,2022-11-03,5,D+5,2022-10-13,EXECUTABLE,GATE_PASS,17087.349609375,17100.0,1.1342213993542762,12.650390625,0.07403366182698892,77.50000000000182,70.05,88.7,62.8,0.3,317.15,286.85,311.9,361.2,5.05015923566879,4.452533904354032,True,50.0,50.0,1.5500000000000398
DEV_41,DEVELOPMENT,2022-10-13,2022-10-20,2022-11-10,-1,D-1,2022-10-12,EXECUTABLE,GATE_PASS,17025.55078125,17000.0,0.9487708052401056,25.55078125,0.15007315521409573,-1137.5,192.55,0.1,220.45,550.85,415.0,626.65,382.05,93.6,1.8825130415060105,1.98415995845235,True,50.0,50.0,-22.75
DEV_41,DEVELOPMENT,2022-10-13,2022-10-20,2022-11-10,0,D0,2022-10-13,EXECUTABLE,GATE_PASS,17087.349609375,17100.0,0.9144372089775211,12.650390625,0.07403366182698892,2762.5,200.0,0.1,188.0,453.85,366.65,575.0,426.55,113.9,1.9502659574468084,2.13275,True,50.0,50.0,55.25
DEV_41,DEVELOPMENT,2022-10-13,2022-10-20,2022-11-10,1,D+1,2022-10-14,EXECUTABLE,GATE_PASS,17322.30078125,17300.0,1.010547896504049,22.30078125,0.12874029571255804,1320.0,179.75,0.15,152.5,250.7,355.8,418.95,415.0,173.95,2.3331147540983608,2.308762169680111,True,50.0,50.0,26.400000000000034
DEV_41,DEVELOPMENT,2022-10-13,2022-10-20,2022-11-10,2,D+2,2022-10-17,EXECUTABLE,GATE_FAIL,17144.80078125,17150.0,1.920567249375669,5.19921875,0.030325337788036595,-16652.5,170.9,0.1,140.15,397.95,488.25,420.05,310.0,146.25,3.483767392079914,1.8139262726740784,False,50.0,50.0,-333.04999999999995
DEV_41,DEVELOPMENT,2022-10-13,2022-10-20,2022-11-10,3,D+3,2022-10-18,EXECUTABLE,GATE_PASS,17438.75,17400.0,0.7778604626964033,38.75,0.22220629345566625,3984.999999999999,104.65,0.25,110.0,149.65,321.45,358.05,393.15,206.0,2.9222727272727274,3.7568084089823217,True,50.0,50.0,79.69999999999999
DEV_41,DEVELOPMENT,2022-10-13,2022-10-20,2022-11-10,4,D+4,2022-10-19,EXECUTABLE,GATE_PASS,17568.150390625,17550.0,1.1886022889428824,18.150390625,0.10331418061337695,-117.4999999999975,96.65,6.0,77.4,6.2,255.1,271.1,268.0,266.9,3.295865633074935,2.7728918779099843,True,50.0,50.0,-2.3499999999999517
DEV_41,DEVELOPMENT,2022-10-13,2022-10-20,2022-11-10,5,D+5,2022-10-20,EXECUTABLE,GATE_PASS,17423.099609375,17400.0,0.9174646704288499,23.099609375,0.13258036682847518,-1024.9999999999995,56.1,0.25,69.95,149.65,294.0,358.05,257.0,206.0,4.203002144388849,4.581105169340463,True,50.0,50.0,-20.5
DEV_42,DEVELOPMENT,2022-10-20,2022-10-27,2022-11-17,-1,D-1,2022-10-19,EXECUTABLE,GATE_FAIL,17568.150390625,17600.0,1.5674544385655498,31.849609375,0.18129176189199805,-1217.5,208.3,0.25,135.0,114.95,320.0,367.8,315.0,199.15,2.3703703703703702,1.512241958713394,False,50.0,50.0,-24.349999999999994
DEV_42,DEVELOPMENT,2022-10-20,2022-10-27,2022-11-17,0,D0,2022-10-20,EXECUTABLE,GATE_PASS,17423.099609375,17400.0,1.071493016280843,23.099609375,0.13258036682847518,1032.5000000000018,151.2,0.1,160.15,319.0,346.15,501.8,305.0,130.05,2.161411177021542,2.0171957671957674,True,50.0,50.0,20.650000000000034
DEV_42,DEVELOPMENT,2022-10-20,2022-10-27,2022-11-17,1,D+1,2022-10-21,EXECUTABLE,GATE_PASS,17622.849609375,17600.0,1.1408919427710842,22.849609375,0.12965899319054774,1960.000000000001,138.45,0.25,120.0,114.95,328.3,367.8,332.0,199.15,2.7358333333333333,2.397977609245215,True,50.0,50.0,39.20000000000002
DEV_42,DEVELOPMENT,2022-10-20,2022-10-27,2022-11-17,2,D+2,2022-10-24,EXECUTABLE,GATE_PASS,17736.349609375,17750.0,0.5754052212048477,13.650390625,0.07696279632300852,9105.000000000002,79.0,25.9,105.0,1.0,368.7,270.35,482.1,252.55,3.511428571428571,6.102531645569621,True,50.0,50.0,182.10000000000005
DEV_42,DEVELOPMENT,2022-10-20,2022-10-27,2022-11-17,3,D+3,2022-10-25,EXECUTABLE,GATE_PASS,17808.30078125,17800.0,1.1262856233574245,8.30078125,0.04661186573589168,2664.9999999999964,95.95,76.85,80.0,0.3,285.85,253.75,304.4,279.6,3.573125,3.172485669619593,True,50.0,50.0,53.299999999999926
DEV_42,DEVELOPMENT,2022-10-20,2022-10-27,2022-11-17,4,D+4,2022-10-27,EXECUTABLE,GATE_FAIL,17771.400390625,17750.0,1.2902528512489837,21.400390625,0.12042039543653191,-424.999999999998,43.8,25.9,40.35,1.0,300.9,270.35,253.15,252.55,7.45724907063197,5.779680365296804,False,50.0,50.0,-8.499999999999957
DEV_42,DEVELOPMENT,2022-10-20,2022-10-27,2022-11-17,5,D+5,2022-10-28,AFTER_NEAR_EXPIRY,,,,,,,,,,,,,,,,,,,,,
DEV_43,DEVELOPMENT,2022-10-27,2022-11-03,2022-11-24,-1,D-1,2022-10-25,EXECUTABLE,GATE_PASS,17808.30078125,17800.0,1.0787927801427264,8.30078125,0.04661186573589168,2492.500000000001,188.2,0.15,170.0,257.95,322.5,457.6,330.95,140.2,1.8970588235294117,1.7585015940488842,True,50.0,50.0,49.85000000000002
DEV_43,DEVELOPMENT,2022-10-27,2022-11-03,2022-11-24,0,D0,2022-10-27,EXECUTABLE,GATE_FAIL,17771.400390625,17750.0,1.2112582781456953,21.400390625,0.12042039543653191,35.0,155.0,0.1,151.0,308.95,354.0,494.9,300.0,127.35,2.3443708609271523,1.935483870967742,False,50.0,50.0,0.6999999999999602
DEV_43,DEVELOPMENT,2022-10-27,2022-11-03,2022-11-24,1,D+1,2022-10-28,EXECUTABLE,GATE_PASS,17756.400390625,17750.0,1.0603797647380127,6.400390625,0.036045541236946144,1822.499999999999,138.05,0.1,142.0,308.95,315.0,494.9,288.8,127.35,2.2183098591549295,2.0919956537486417,True,50.0,50.0,36.45000000000002
DEV_43,DEVELOPMENT,2022-10-27,2022-11-03,2022-11-24,2,D+2,2022-10-31,EXECUTABLE,GATE_PASS,17910.19921875,17900.0,1.1607794770596942,10.19921875,0.05694642826374899,797.4999999999995,100.05,0.2,101.35,159.65,289.85,387.6,246.5,170.15,2.859891465219537,2.4637681159420293,True,50.0,50.0,15.949999999999989
DEV_43,DEVELOPMENT,2022-10-27,2022-11-03,2022-11-24,3,D+3,2022-11-01,EXECUTABLE,GATE_FAIL,18130.69921875,18150.0,1.8226930270288113,19.30078125,0.1064535957335829,737.4999999999994,118.75,91.15,62.25,0.2,250.0,238.35,261.65,269.7,4.016064257028113,2.203368421052631,False,50.0,50.0,14.749999999999986
DEV_43,DEVELOPMENT,2022-10-27,2022-11-03,2022-11-24,4,D+4,2022-11-02,EXECUTABLE,GATE_FAIL,18177.900390625,18200.0,1.591410602590833,22.099609375,0.12157404815793559,352.49999999999636,99.7,141.2,68.0,0.15,280.2,212.85,258.15,293.1,4.120588235294117,2.5892678034102303,False,50.0,50.0,7.04999999999994
DEV_43,DEVELOPMENT,2022-10-27,2022-11-03,2022-11-24,5,D+5,2022-11-03,EXECUTABLE,GATE_PASS,17968.349609375,17950.0,0.652901187542012,18.349609375,0.10212184075840822,1160.0000000000032,46.6,0.3,100.0,109.35,312.65,356.3,223.15,187.95,3.1264999999999996,4.78862660944206,True,50.0,50.0,23.200000000000053
DEV_44,DEVELOPMENT,2022-11-03,2022-11-10,2023-01-05,-1,D-1,2022-11-02,NO_EXECUTABLE_COMMON_STRIKE,,18177.900390625,,,,,,,,,,,,,,,,,,,
DEV_44,DEVELOPMENT,2022-11-03,2022-11-10,2023-01-05,0,D0,2022-11-03,NO_EXECUTABLE_COMMON_STRIKE,,17968.349609375,,,,,,,,,,,,,,,,,,,
DEV_44,DEVELOPMENT,2022-11-03,2022-11-10,2023-01-05,1,D+1,2022-11-04,NO_EXECUTABLE_COMMON_STRIKE,,18053.400390625,,,,,,,,,,,,,,,,,,,
DEV_44,DEVELOPMENT,2022-11-03,2022-11-10,2023-01-05,2,D+2,2022-11-07,NO_EXECUTABLE_COMMON_STRIKE,,18211.75,,,,,,,,,,,,,,,,,,,
DEV_44,DEVELOPMENT,2022-11-03,2022-11-10,2023-01-05,3,D+3,2022-11-09,NO_EXECUTABLE_COMMON_STRIKE,,18288.25,,,,,,,,,,,,,,,,,,,
DEV_44,DEVELOPMENT,2022-11-03,2022-11-10,2023-01-05,4,D+4,2022-11-10,NO_EXECUTABLE_COMMON_STRIKE,,18044.349609375,,,,,,,,,,,,,,,,,,,
DEV_44,DEVELOPMENT,2022-11-03,2022-11-10,2023-01-05,5,D+5,2022-11-11,AFTER_NEAR_EXPIRY,,,,,,,,,,,,,,,,,,,,,
DEV_45,DEVELOPMENT,2022-11-10,2022-11-17,2023-01-12,-1,D-1,2022-11-09,NO_EXECUTABLE_COMMON_STRIKE,,18288.25,,,,,,,,,,,,,,,,,,,
DEV_45,DEVELOPMENT,2022-11-10,2022-11-17,2023-01-12,0,D0,2022-11-10,NO_EXECUTABLE_COMMON_STRIKE,,18044.349609375,,,,,,,,,,,,,,,,,,,
DEV_45,DEVELOPMENT,2022-11-10,2022-11-17,2023-01-12,1,D+1,2022-11-11,NO_EXECUTABLE_COMMON_STRIKE,,18272.349609375,,,,,,,,,,,,,,,,,,,
DEV_45,DEVELOPMENT,2022-11-10,2022-11-17,2023-01-12,2,D+2,2022-11-14,NO_EXECUTABLE_COMMON_STRIKE,,18376.400390625,,,,,,,,,,,,,,,,,,,
DEV_45,DEVELOPMENT,2022-11-10,2022-11-17,2023-01-12,3,D+3,2022-11-15,NO_EXECUTABLE_COMMON_STRIKE,,18362.75,,,,,,,,,,,,,,,,,,,
DEV_45,DEVELOPMENT,2022-11-10,2022-11-17,2023-01-12,4,D+4,2022-11-16,NO_EXECUTABLE_COMMON_STRIKE,,18398.25,,,,,,,,,,,,,,,,,,,
DEV_45,DEVELOPMENT,2022-11-10,2022-11-17,2023-01-12,5,D+5,2022-11-17,NO_EXECUTABLE_COMMON_STRIKE,,18358.69921875,,,,,,,,,,,,,,,,,,,
DEV_46,DEVELOPMENT,2022-11-17,2022-11-24,2023-01-19,-1,D-1,2022-11-16,NO_EXECUTABLE_COMMON_STRIKE,,18398.25,,,,,,,,,,,,,,,,,,,
DEV_46,DEVELOPMENT,2022-11-17,2022-11-24,2023-01-19,0,D0,2022-11-17,NO_EXECUTABLE_COMMON_STRIKE,,18358.69921875,,,,,,,,,,,,,,,,,,,
DEV_46,DEVELOPMENT,2022-11-17,2022-11-24,2023-01-19,1,D+1,2022-11-18,NO_EXECUTABLE_COMMON_STRIKE,,18382.94921875,,,,,,,,,,,,,,,,,,,
DEV_46,DEVELOPMENT,2022-11-17,2022-11-24,2023-01-19,2,D+2,2022-11-21,NO_EXECUTABLE_COMMON_STRIKE,,18246.400390625,,,,,,,,,,,,,,,,,,,
DEV_46,DEVELOPMENT,2022-11-17,2022-11-24,2023-01-19,3,D+3,2022-11-22,NO_EXECUTABLE_COMMON_STRIKE,,18179.150390625,,,,,,,,,,,,,,,,,,,
DEV_46,DEVELOPMENT,2022-11-17,2022-11-24,2023-01-19,4,D+4,2022-11-23,NO_EXECUTABLE_COMMON_STRIKE,,18325.19921875,,,,,,,,,,,,,,,,,,,
DEV_46,DEVELOPMENT,2022-11-17,2022-11-24,2023-01-19,5,D+5,2022-11-24,NO_EXECUTABLE_COMMON_STRIKE,,18326.099609375,,,,,,,,,,,,,,,,,,,
DEV_47,DEVELOPMENT,2022-11-24,2023-01-05,2023-01-25,-1,D-1,2022-11-23,NO_EXECUTABLE_COMMON_STRIKE,,18325.19921875,,,,,,,,,,,,,,,,,,,
DEV_47,DEVELOPMENT,2022-11-24,2023-01-05,2023-01-25,0,D0,2022-11-24,EXECUTABLE,GATE_FAIL,18326.099609375,18000.0,1.420144658873183,326.099609375,1.779427244890553,-2087.5,290.0,12.15,671.85,3.6,710.0,260.45,215.8,198.4,1.0567835082235617,0.7441379310344828,False,50.0,50.0,-41.75000000000003
DEV_47,DEVELOPMENT,2022-11-24,2023-01-05,2023-01-25,1,D+1,2022-11-25,EXECUTABLE,GATE_FAIL,18528.44921875,18500.0,1.2305212435990573,28.44921875,0.15354344237946588,-1190.0,250.0,511.7,361.0,0.1,501.7,60.0,282.35,487.05,1.3897506925207757,1.1294000000000002,False,50.0,50.0,-23.800000000000068
DEV_47,DEVELOPMENT,2022-11-24,2023-01-05,2023-01-25,2,D+2,2022-11-28,EXECUTABLE,GATE_PASS,18430.55078125,18500.0,0.9200787111066913,69.44921875,0.37681575322563315,3112.499999999998,207.0,511.7,365.55,0.1,470.3,60.0,289.45,487.05,1.2865545069073998,1.3983091787439612,True,50.0,50.0,62.24999999999994
DEV_47,DEVELOPMENT,2022-11-24,2023-01-05,2023-01-25,3,D+3,2022-11-29,EXECUTABLE,GATE_PASS,18552.44921875,18500.0,0.9594063739350148,52.44921875,0.28270778769733695,1544.9999999999964,195.0,511.7,433.05,0.1,549.7,60.0,258.0,487.05,1.2693684332063273,1.323076923076923,True,50.0,50.0,30.89999999999992
DEV_47,DEVELOPMENT,2022-11-24,2023-01-05,2023-01-25,4,D+4,2022-11-30,EXECUTABLE,GATE_PASS,18625.69921875,18500.0,0.6797209214127643,125.69921875,0.6748697983024546,3049.999999999998,120.0,511.7,432.9,0.1,568.15,60.0,231.7,487.05,1.3124278124278124,1.9308333333333332,True,50.0,50.0,61.0
DEV_47,DEVELOPMENT,2022-11-24,2023-01-05,2023-01-25,5,D+5,2022-12-01,EXECUTABLE,GATE_PASS,18871.94921875,18500.0,0.76952710486624,371.94921875,1.9709104472390924,2690.000000000002,121.0,511.7,617.0,0.1,706.9,60.0,180.15,487.05,1.145705024311183,1.4888429752066117,True,50.0,50.0,53.799999999999955
DEV_48,DEVELOPMENT,2023-01-05,2023-01-12,2023-02-02,-1,D-1,2023-01-04,EXECUTABLE,GATE_PASS,18230.650390625,18200.0,1.0208007385969777,30.650390625,0.1681256014912215,1752.5,118.85,342.2,165.55,0.1,355.05,148.3,249.7,396.7,2.1446692842041677,2.1009676062263356,True,50.0,50.0,35.05000000000001
DEV_48,DEVELOPMENT,2023-01-05,2023-01-12,2023-02-02,0,D0,2023-01-05,EXECUTABLE,GATE_PASS,18101.94921875,18100.0,1.0440222937593837,1.94921875,0.010768004740511586,3429.9999999999995,126.05,242.95,138.8,0.15,330.0,188.85,287.05,332.85,2.3775216138328528,2.277270924236414,True,50.0,50.0,68.6
DEV_48,DEVELOPMENT,2023-01-05,2023-01-12,2023-02-02,1,D+1,2023-01-06,EXECUTABLE,GATE_PASS,18008.05078125,18000.0,1.0909728335325153,8.05078125,0.0447065667894633,1442.5,110.05,143.1,140.0,0.2,340.1,239.5,245.05,288.45,2.4292857142857143,2.226715129486597,True,50.0,50.0,28.850000000000023
DEV_48,DEVELOPMENT,2023-01-05,2023-01-12,2023-02-02,2,D+2,2023-01-09,EXECUTABLE,GATE_FAIL,17952.55078125,17950.0,1.829377313248281,2.55078125,0.014208461410754433,-5067.500000000001,97.75,93.6,101.25,0.25,420.0,262.15,221.65,262.0,4.148148148148148,2.2675191815856777,False,50.0,50.0,-101.35000000000002
DEV_48,DEVELOPMENT,2023-01-05,2023-01-12,2023-02-02,3,D+3,2023-01-10,EXECUTABLE,GATE_PASS,18121.30078125,18100.0,1.1375064717339316,21.30078125,0.11754554216129887,1859.999999999999,74.9,242.95,86.3,0.15,308.0,188.85,235.0,332.85,3.5689455388180766,3.137516688918558,True,50.0,50.0,37.19999999999996
DEV_48,DEVELOPMENT,2023-01-05,2023-01-12,2023-02-02,4,D+4,2023-01-11,EXECUTABLE,GATE_PASS,17924.25,17900.0,0.6869006961669766,24.25,0.13529157426391622,3027.4999999999995,49.8,43.15,96.3,0.55,320.05,291.55,240.95,241.0,3.3234683281412254,4.838353413654619,True,50.0,50.0,60.54999999999998
DEV_48,DEVELOPMENT,2023-01-05,2023-01-12,2023-02-02,5,D+5,2023-01-12,EXECUTABLE,GATE_PASS,17920.849609375,17900.0,1.058808103323936,20.849609375,0.11634275064778662,402.5000000000007,50.0,43.15,70.0,0.55,323.0,291.55,217.9,241.0,4.614285714285714,4.3580000000000005,True,50.0,50.0,8.050000000000018
DEV_49,DEVELOPMENT,2023-01-12,2023-01-19,2023-02-09,-1,D-1,2023-01-11,EXECUTABLE,GATE_PASS,17924.25,17900.0,0.8792400249033302,24.25,0.13529157426391622,1010.0000000000009,129.75,0.15,193.5,212.45,360.0,399.15,274.55,144.95,1.8604651162790697,2.1159922928709056,True,50.0,50.0,20.200000000000017
DEV_49,DEVELOPMENT,2023-01-12,2023-01-19,2023-02-09,0,D0,2023-01-12,EXECUTABLE,GATE_PASS,17920.849609375,17900.0,1.1391984896006526,20.849609375,0.11634275064778662,-1832.5,132.85,0.15,169.0,212.45,370.05,399.15,255.35,144.95,2.1896449704142014,1.922092585622883,True,50.0,50.0,-36.650000000000006
DEV_49,DEVELOPMENT,2023-01-12,2023-01-19,2023-02-09,1,D+1,2023-01-13,EXECUTABLE,GATE_PASS,17867.5,17850.0,1.0920873979199246,17.5,0.0979431929480901,-35.0,124.25,0.15,154.95,262.05,354.1,449.1,260.0,124.5,2.2852533075185546,2.0925553319919517,True,50.0,50.0,-0.700000000000017
DEV_49,DEVELOPMENT,2023-01-12,2023-01-19,2023-02-09,2,D+2,2023-01-16,EXECUTABLE,GATE_FAIL,18033.150390625,18050.0,1.7096217978059343,16.849609375,0.09343685939512658,-2450.0000000000023,108.4,0.5,82.0,62.65,313.55,311.4,242.45,200.75,3.823780487804878,2.2366236162361623,False,50.0,50.0,-49.00000000000006
DEV_49,DEVELOPMENT,2023-01-12,2023-01-19,2023-02-09,3,D+3,2023-01-17,EXECUTABLE,GATE_PASS,17922.80078125,17900.0,1.1885282590421293,22.80078125,0.12721661936817996,-2104.999999999998,80.05,0.15,95.0,212.45,340.0,399.15,241.05,144.95,3.5789473684210527,3.0112429731417865,True,50.0,50.0,-42.099999999999966
DEV_49,DEVELOPMENT,2023-01-12,2023-01-19,2023-02-09,4,D+4,2023-01-18,EXECUTABLE,GATE_FAIL,18074.30078125,18050.0,1.209534319975537,24.30078125,0.13444935737270267,-1527.5000000000005,64.95,0.5,75.85,62.65,308.0,311.4,218.05,200.75,4.060646011865525,3.357197844495766,False,50.0,50.0,-30.55000000000002
DEV_49,DEVELOPMENT,2023-01-12,2023-01-19,2023-02-09,5,D+5,2023-01-19,EXECUTABLE,GATE_PASS,18119.80078125,18100.0,0.8174526132938231,19.80078125,0.10927703614980935,-500.00000000000074,40.0,2.0,69.0,13.55,300.0,276.95,212.75,217.15,4.3478260869565215,5.31875,True,50.0,50.0,-10.000000000000014
DEV_50,DEVELOPMENT,2023-01-19,2023-01-25,2023-02-16,-1,D-1,2023-01-18,EXECUTABLE,GATE_FAIL,18074.30078125,18100.0,1.5932620811022837,25.69921875,0.14218651698360565,-2642.499999999999,131.3,211.1,135.05,0.2,372.0,193.95,227.0,316.45,2.754535357275083,1.7288651942117288,False,50.0,50.0,-52.849999999999994
DEV_50,DEVELOPMENT,2023-01-19,2023-01-25,2023-02-16,0,D0,2023-01-19,EXECUTABLE,GATE_PASS,18119.80078125,18100.0,0.9775259204911861,19.80078125,0.10927703614980935,1059.9999999999986,98.5,211.1,151.0,0.2,359.8,193.95,240.1,316.45,2.3827814569536425,2.43756345177665,True,50.0,50.0,21.19999999999996
DEV_50,DEVELOPMENT,2023-01-19,2023-01-25,2023-02-16,1,D+1,2023-01-20,EXECUTABLE,GATE_FAIL,18115.599609375,18100.0,1.2931596338638005,15.599609375,0.08611147139135847,-70.0,102.0,211.1,113.0,0.2,333.8,193.95,233.0,316.45,2.953982300884956,2.284313725490196,False,50.0,50.0,-1.400000000000034
DEV_50,DEVELOPMENT,2023-01-19,2023-01-25,2023-02-16,2,D+2,2023-01-23,EXECUTABLE,GATE_PASS,18118.44921875,18100.0,1.011739090151024,18.44921875,0.10182559515583543,1327.4999999999982,55.15,211.1,75.3,0.2,297.0,193.95,215.0,316.45,3.944223107569721,3.898458748866727,True,50.0,50.0,26.549999999999983
DEV_50,DEVELOPMENT,2023-01-19,2023-01-25,2023-02-16,3,D+3,2023-01-24,EXECUTABLE,GATE_FAIL,18183.94921875,18200.0,1.6753707473102646,16.05078125,0.08826895113328612,762.5000000000009,65.0,312.45,47.5,0.15,277.0,151.65,226.25,380.45,5.831578947368421,3.480769230769231,False,50.0,50.0,15.250000000000028
DEV_50,DEVELOPMENT,2023-01-19,2023-01-25,2023-02-16,4,D+4,2023-01-25,EXECUTABLE,GATE_PASS,18093.349609375,18100.0,1.0281612937099653,6.650390625,0.036755994708432126,1962.499999999999,36.05,211.1,44.5,0.2,271.6,193.95,214.0,316.45,6.103370786516854,5.93619972260749,True,50.0,50.0,39.25
DEV_50,DEVELOPMENT,2023-01-19,2023-01-25,2023-02-16,5,D+5,2023-01-27,AFTER_NEAR_EXPIRY,,,,,,,,,,,,,,,,,,,,,
DEV_51,DEVELOPMENT,2023-01-25,2023-02-02,2023-02-23,-1,D-1,2023-01-24,EXECUTABLE,GATE_FAIL,18183.94921875,18200.0,1.328617333066538,16.05078125,0.08826895113328612,-232.5,162.0,588.35,166.95,0.1,313.55,61.85,229.0,575.15,1.8781072177298594,1.4135802469135803,False,50.0,50.0,-4.649999999999977
DEV_51,DEVELOPMENT,2023-01-25,2023-02-02,2023-02-23,0,D0,2023-01-25,EXECUTABLE,GATE_FAIL,18093.349609375,18100.0,1.612402067447798,6.650390625,0.036755994708432126,-1912.5,131.05,494.9,114.95,0.1,342.9,84.95,242.45,501.45,2.9830361026533274,1.8500572300648606,False,50.0,50.0,-38.25
DEV_51,DEVELOPMENT,2023-01-25,2023-02-02,2023-02-23,1,D+1,2023-01-27,EXECUTABLE,GATE_FAIL,17877.19921875,17900.0,1.202946223475527,22.80078125,0.12754112638676665,297.5,148.0,292.15,164.5,0.15,335.0,150.45,250.55,368.55,2.0364741641337387,1.6929054054054056,False,50.0,50.0,5.949999999999989
DEV_51,DEVELOPMENT,2023-01-25,2023-02-02,2023-02-23,2,D+2,2023-01-30,EXECUTABLE,GATE_PASS,17541.94921875,17550.0,0.9064900094856337,8.05078125,0.04589445077970463,2597.5000000000027,150.0,1.8,220.0,53.8,395.0,329.85,297.1,198.0,1.7954545454545454,1.9806666666666668,True,50.0,50.0,51.950000000000045
DEV_51,DEVELOPMENT,2023-01-25,2023-02-02,2023-02-23,3,D+3,2023-01-31,EXECUTABLE,GATE_FAIL,17731.44921875,17750.0,1.2918620712809454,18.55078125,0.10462078435407075,539.9999999999977,159.45,143.0,144.95,0.25,347.5,218.5,295.9,284.35,2.3973784063470163,1.8557541549074945,False,50.0,50.0,10.799999999999955
DEV_51,DEVELOPMENT,2023-01-25,2023-02-02,2023-02-23,4,D+4,2023-02-01,EXECUTABLE,GATE_PASS,17811.599609375,17800.0,1.1649202684793296,11.599609375,0.06512390593428023,640.0000000000005,120.25,193.75,135.0,0.2,339.9,194.45,259.9,309.95,2.5177777777777774,2.161330561330561,True,50.0,50.0,12.800000000000011
DEV_51,DEVELOPMENT,2023-01-25,2023-02-02,2023-02-23,5,D+5,2023-02-02,EXECUTABLE,GATE_PASS,17517.099609375,17500.0,0.9619862469194691,17.099609375,0.09761667031823257,1499.9999999999986,63.2,0.65,84.0,105.45,306.35,362.5,239.6,181.75,3.6470238095238097,3.791139240506329,True,50.0,50.0,29.99999999999997
DEV_52,DEVELOPMENT,2023-02-02,2023-02-09,2023-03-02,-1,D-1,2023-02-01,EXECUTABLE,GATE_PASS,17811.599609375,17800.0,0.9454064184297267,11.599609375,0.06512390593428023,3612.500000000002,191.35,0.2,229.7,87.75,346.65,296.1,305.45,133.45,1.5091423595994775,1.5962895218186568,True,50.0,50.0,72.25000000000003
DEV_52,DEVELOPMENT,2023-02-02,2023-02-09,2023-03-02,0,D0,2023-02-02,EXECUTABLE,GATE_PASS,17517.099609375,17500.0,0.8575374395692008,17.099609375,0.09761667031823257,3539.9999999999973,160.0,0.1,235.1,389.1,371.65,523.05,294.95,61.65,1.5808166737558484,1.8434374999999998,True,50.0,50.0,70.79999999999993
DEV_52,DEVELOPMENT,2023-02-02,2023-02-09,2023-03-02,1,D+1,2023-02-03,EXECUTABLE,GATE_PASS,17721.75,17700.0,1.1107188742000167,21.75,0.12273054297685047,1525.0,149.2,0.1,170.0,188.2,310.0,366.8,244.95,103.95,1.8235294117647058,1.6417560321715818,True,50.0,50.0,30.50000000000003
DEV_52,DEVELOPMENT,2023-02-02,2023-02-09,2023-03-02,2,D+2,2023-02-06,EXECUTABLE,GATE_FAIL,17818.55078125,17800.0,1.3709934914364232,18.55078125,0.10410937161915831,60.0,105.05,0.2,99.4,87.75,297.85,296.1,229.6,133.45,2.9964788732394365,2.185625892432175,False,50.0,50.0,1.200000000000017
DEV_52,DEVELOPMENT,2023-02-02,2023-02-09,2023-03-02,3,D+3,2023-02-07,EXECUTABLE,GATE_PASS,17790.099609375,17800.0,0.9826536120712924,9.900390625,0.05565112530220295,2812.5000000000005,85.0,0.2,98.5,87.75,265.55,296.1,233.2,133.45,2.695939086294416,2.7435294117647056,True,50.0,50.0,56.250000000000014
DEV_52,DEVELOPMENT,2023-02-02,2023-02-09,2023-03-02,4,D+4,2023-02-08,EXECUTABLE,GATE_FAIL,17750.30078125,17750.0,1.4435251816775327,0.30078125,0.0016945135392732122,-147.5000000000009,84.8,0.15,82.35,137.85,277.35,331.85,197.85,115.15,3.367941712204008,2.33313679245283,False,50.0,50.0,-2.9499999999999886
DEV_52,DEVELOPMENT,2023-02-02,2023-02-09,2023-03-02,5,D+5,2023-02-09,EXECUTABLE,GATE_FAIL,17885.5,17900.0,2.025490491540431,14.5,0.08107125884096056,1764.9999999999998,73.45,13.15,36.55,1.8,210.0,233.15,208.35,170.65,5.745554035567716,2.8366235534377124,False,50.0,50.0,35.29999999999999
DEV_53,DEVELOPMENT,2023-02-09,2023-02-16,2023-03-09,-1,D-1,2023-02-08,EXECUTABLE,GATE_FAIL,17750.30078125,17800.0,1.4509699370561902,49.69921875,0.2799908540282218,-1997.5,141.15,0.15,137.95,248.35,302.05,382.0,213.0,81.5,2.1895614353026462,1.5090329436769394,False,50.0,50.0,-39.95000000000002
DEV_53,DEVELOPMENT,2023-02-09,2023-02-16,2023-03-09,0,D0,2023-02-09,EXECUTABLE,GATE_FAIL,17885.5,17900.0,1.2050244759748983,14.5,0.08107125884096056,767.5,122.05,0.15,118.0,148.7,268.25,319.2,230.25,113.25,2.2733050847457625,1.88652191724703,False,50.0,50.0,15.350000000000023
DEV_53,DEVELOPMENT,2023-02-09,2023-02-16,2023-03-09,1,D+1,2023-02-10,EXECUTABLE,GATE_PASS,17847.55078125,17850.0,0.893267253140142,2.44921875,0.013722996393281377,4449.999999999999,89.55,0.15,145.0,198.75,265.05,413.95,183.25,100.0,1.8279310344827586,2.0463428252372977,True,50.0,50.0,89.0
DEV_53,DEVELOPMENT,2023-02-09,2023-02-16,2023-03-09,2,D+2,2023-02-13,EXECUTABLE,GATE_FAIL,17859.099609375,17850.0,1.2611654462226118,9.099609375,0.05095222925025418,2475.0,85.0,0.15,94.35,198.75,263.25,413.95,188.05,100.0,2.7901430842607313,2.2123529411764706,False,50.0,50.0,49.5
DEV_53,DEVELOPMENT,2023-02-09,2023-02-16,2023-03-09,3,D+3,2023-02-14,EXECUTABLE,GATE_FAIL,17840.349609375,17850.0,1.7734059744217183,9.650390625,0.0540930577948359,2457.5,81.0,0.15,55.0,198.75,237.1,413.95,196.9,100.0,4.310909090909091,2.4308641975308642,False,50.0,50.0,49.150000000000006
DEV_53,DEVELOPMENT,2023-02-09,2023-02-16,2023-03-09,4,D+4,2023-02-15,EXECUTABLE,GATE_PASS,17896.599609375,17900.0,1.0417612712276532,3.400390625,0.019000205062523336,1255.0000000000005,63.0,0.15,74.7,148.7,231.05,319.2,187.05,113.25,3.0930388219544844,2.969047619047619,True,50.0,50.0,25.099999999999994
DEV_53,DEVELOPMENT,2023-02-09,2023-02-16,2023-03-09,5,D+5,2023-02-16,EXECUTABLE,GATE_FAIL,18094.75,18100.0,1.8743228602383533,5.25,0.029013940507605796,1057.5000000000011,40.0,46.6,23.0,0.55,198.95,190.4,184.6,183.95,8.65,4.615,False,50.0,50.0,21.150000000000023
DEV_54,DEVELOPMENT,2023-02-16,2023-02-23,2023-03-16,-1,D-1,2023-02-15,EXECUTABLE,GATE_FAIL,17896.599609375,17900.0,1.2484498853534236,3.400390625,0.019000205062523336,1102.5,123.0,387.05,135.15,0.15,273.6,84.05,199.45,386.9,2.02441731409545,1.6215447154471543,False,50.0,50.0,22.05000000000001
DEV_54,DEVELOPMENT,2023-02-16,2023-02-23,2023-03-16,0,D0,2023-02-16,EXECUTABLE,GATE_FAIL,18094.75,18100.0,1.7461861911756167,5.25,0.029013940507605796,392.5000000000018,129.45,590.0,95.85,0.1,263.05,39.95,203.45,528.8,2.7443922796035474,1.5716492854383932,False,50.0,50.0,7.849999999999966
DEV_54,DEVELOPMENT,2023-02-16,2023-02-23,2023-03-16,1,D+1,2023-02-17,EXECUTABLE,GATE_PASS,17974.849609375,17950.0,0.8998515038323296,24.849609375,0.13824654956801077,1122.5,79.9,438.8,130.05,0.1,271.4,69.45,185.3,449.75,2.0868896578239133,2.3191489361702127,True,50.0,50.0,22.450000000000045
DEV_54,DEVELOPMENT,2023-02-16,2023-02-23,2023-03-16,2,D+2,2023-02-20,EXECUTABLE,GATE_FAIL,17965.55078125,17950.0,1.3207371415623976,15.55078125,0.08655888950663172,-450.0,90.45,438.8,96.25,0.1,253.75,69.45,180.55,449.75,2.6363636363636362,1.996130458817026,False,50.0,50.0,-9.0
DEV_54,DEVELOPMENT,2023-02-16,2023-02-23,2023-03-16,3,D+3,2023-02-21,EXECUTABLE,GATE_FAIL,17905.80078125,17900.0,1.4599095097411319,5.80078125,0.03239610068751725,1427.5000000000018,90.75,387.05,74.85,0.15,233.6,84.05,194.0,386.9,3.1209084836339347,2.1377410468319558,False,50.0,50.0,28.55000000000001
DEV_54,DEVELOPMENT,2023-02-16,2023-02-23,2023-03-16,4,D+4,2023-02-22,EXECUTABLE,GATE_PASS,17755.349609375,17750.0,0.5864236093757809,5.349609375,0.030129563724137276,3255.000000000001,45.0,235.75,107.0,0.2,260.75,137.25,187.0,295.95,2.4369158878504673,4.155555555555556,True,50.0,50.0,65.10000000000002
DEV_54,DEVELOPMENT,2023-02-16,2023-02-23,2023-03-16,5,D+5,2023-02-23,EXECUTABLE,GATE_PASS,17574.650390625,17550.0,0.8701136010394038,24.650390625,0.14026105826918453,2329.9999999999995,46.0,33.55,65.5,1.9,254.05,237.75,205.05,193.3,3.8786259541984736,4.4576086956521745,True,50.0,50.0,46.59999999999999
DEV_55,DEVELOPMENT,2023-02-23,2023-03-02,2023-03-23,-1,D-1,2023-02-22,EXECUTABLE,GATE_PASS,17755.349609375,17750.0,0.7165930356497596,5.349609375,0.030129563724137276,9512.5,96.9,424.65,156.9,0.1,305.45,52.9,263.25,305.0,1.9467813894200126,2.71671826625387,True,50.0,50.0,190.25000000000003
DEV_55,DEVELOPMENT,2023-02-23,2023-03-02,2023-03-23,0,D0,2023-02-23,EXECUTABLE,GATE_PASS,17574.650390625,17600.0,1.1225339489907225,25.349609375,0.1442396224764873,1562.5000000000018,136.55,274.95,139.0,0.15,268.3,92.9,234.8,305.4,1.9302158273381296,1.7195166605638958,True,50.0,50.0,31.25000000000003
DEV_55,DEVELOPMENT,2023-02-23,2023-03-02,2023-03-23,1,D+1,2023-02-24,EXECUTABLE,GATE_FAIL,17591.349609375,17600.0,1.3760225669957689,8.650390625,0.04917411578466911,-199.9999999999991,108.0,274.95,100.0,0.15,271.0,92.9,212.7,305.4,2.71,1.9694444444444443,False,50.0,50.0,-4.000000000000028
DEV_55,DEVELOPMENT,2023-02-23,2023-03-02,2023-03-23,2,D+2,2023-02-27,EXECUTABLE,GATE_PASS,17428.599609375,17450.0,1.1290126232267372,21.400390625,0.12278892799561783,542.5000000000003,86.65,125.15,100.0,0.15,270.95,155.5,207.95,220.0,2.7095,2.399884593190998,True,50.0,50.0,10.849999999999994
DEV_55,DEVELOPMENT,2023-02-23,2023-03-02,2023-03-23,3,D+3,2023-02-28,EXECUTABLE,GATE_PASS,17383.25,17400.0,1.0478926026870685,16.75,0.09635712539369796,527.5000000000007,75.0,74.85,101.0,0.25,261.7,180.3,185.45,194.1,2.591089108910891,2.4726666666666666,True,50.0,50.0,10.550000000000011
DEV_55,DEVELOPMENT,2023-02-23,2023-03-02,2023-03-23,4,D+4,2023-03-01,EXECUTABLE,GATE_FAIL,17360.099609375,17350.0,1.4419762968892447,10.099609375,0.05817713954559278,-767.5000000000008,64.85,25.55,65.75,0.95,250.0,209.95,171.0,171.8,3.802281368821293,2.6368542791056284,False,50.0,50.0,-15.350000000000023
DEV_55,DEVELOPMENT,2023-02-23,2023-03-02,2023-03-23,5,D+5,2023-03-02,EXECUTABLE,GATE_PASS,17421.5,17400.0,0.535912830776073,21.5,0.12341072812329594,582.5000000000009,24.1,74.85,74.95,0.25,250.0,180.3,150.0,194.1,3.33555703802535,6.224066390041493,True,50.0,50.0,11.650000000000006
DEV_56,DEVELOPMENT,2023-03-02,2023-03-09,2023-03-29,-1,D-1,2023-03-01,EXECUTABLE,GATE_FAIL,17360.099609375,17350.0,1.3640223091650712,10.099609375,0.05817713954559278,-1687.5000000000018,135.0,0.1,131.85,252.55,273.1,380.4,205.0,90.45,2.071293136139553,1.5185185185185186,False,50.0,50.0,-33.75000000000007
DEV_56,DEVELOPMENT,2023-03-02,2023-03-09,2023-03-29,0,D0,2023-03-02,EXECUTABLE,GATE_PASS,17421.5,17400.0,0.8496169728888623,21.5,0.12341072812329594,510.0,82.0,0.15,154.0,200.35,277.0,345.15,173.6,103.35,1.7987012987012987,2.1170731707317074,True,50.0,50.0,10.199999999999989
DEV_56,DEVELOPMENT,2023-03-02,2023-03-09,2023-03-29,1,D+1,2023-03-03,EXECUTABLE,GATE_PASS,17451.25,17450.0,1.1877553811463186,1.25,0.007162810686913545,695.0000000000005,89.05,0.15,84.9,148.55,218.95,309.5,193.35,117.45,2.578916372202591,2.171252105558675,True,50.0,50.0,13.899999999999991
DEV_56,DEVELOPMENT,2023-03-02,2023-03-09,2023-03-29,2,D+2,2023-03-06,EXECUTABLE,GATE_FAIL,17680.349609375,17700.0,1.9198354758193985,19.650390625,0.11114254558959845,-707.5000000000005,84.45,100.0,51.1,0.15,194.0,159.5,167.0,213.15,3.796477495107632,1.9775014801657784,False,50.0,50.0,-14.150000000000006
DEV_56,DEVELOPMENT,2023-03-02,2023-03-09,2023-03-29,3,D+3,2023-03-08,EXECUTABLE,GATE_PASS,17665.75,17650.0,0.6571428571428571,15.75,0.08915556939275152,1669.9999999999993,45.0,48.85,90.0,0.25,230.0,185.45,175.0,190.65,2.5555555555555554,3.888888888888889,True,50.0,50.0,33.39999999999998
DEV_56,DEVELOPMENT,2023-03-02,2023-03-09,2023-03-29,4,D+4,2023-03-09,EXECUTABLE,GATE_PASS,17772.05078125,17750.0,1.051021275390238,22.05078125,0.12407561469081653,42.49999999999909,35.0,150.1,44.0,0.15,212.0,136.75,160.45,243.3,4.818181818181818,4.584285714285714,True,50.0,50.0,0.8499999999999659
DEV_56,DEVELOPMENT,2023-03-02,2023-03-09,2023-03-29,5,D+5,2023-03-10,AFTER_NEAR_EXPIRY,,,,,,,,,,,,,,,,,,,,,
DEV_57,DEVELOPMENT,2023-03-09,2023-03-16,2023-04-06,-1,D-1,2023-03-08,EXECUTABLE,GATE_PASS,17665.75,17650.0,1.1488998377311177,15.75,0.08915556939275152,7694.999999999998,123.0,668.6,151.15,0.05,279.05,48.6,197.65,510.0,1.8461792920939464,1.606910569105691,True,50.0,50.0,153.89999999999998
DEV_57,DEVELOPMENT,2023-03-09,2023-03-16,2023-04-06,0,D0,2023-03-09,EXECUTABLE,GATE_FAIL,17772.05078125,17800.0,1.5757007200384958,27.94921875,0.15726501738047693,7232.499999999993,124.95,820.3,90.05,0.1,229.9,31.8,202.45,645.0,2.5530260966129927,1.6202480992396957,False,50.0,50.0,144.64999999999992
DEV_57,DEVELOPMENT,2023-03-09,2023-03-16,2023-04-06,1,D+1,2023-03-10,EXECUTABLE,GATE_PASS,17443.80078125,17450.0,0.7335276967930029,6.19921875,0.03553823405655618,11417.5,85.0,470.95,105.0,0.1,222.0,97.3,245.0,382.8,2.1142857142857143,2.8823529411764706,True,50.0,50.0,228.35000000000002
DEV_57,DEVELOPMENT,2023-03-09,2023-03-16,2023-04-06,2,D+2,2023-03-13,EXECUTABLE,GATE_FAIL,17421.900390625,17400.0,1.3539791584468632,21.900390625,0.12570609482295597,107.50000000000182,93.0,419.3,110.0,0.1,313.65,105.15,195.85,421.4,2.851363636363636,2.1059139784946237,False,50.0,50.0,2.150000000000091
DEV_57,DEVELOPMENT,2023-03-09,2023-03-16,2023-04-06,3,D+3,2023-03-14,EXECUTABLE,GATE_FAIL,17160.55078125,17200.0,1.476252723311547,39.44921875,0.22988317363975924,2105.0,121.0,222.1,90.0,0.15,280.0,184.65,255.0,308.5,3.111111111111111,2.1074380165289255,False,50.0,50.0,42.099999999999994
DEV_57,DEVELOPMENT,2023-03-09,2023-03-16,2023-04-06,4,D+4,2023-03-15,EXECUTABLE,GATE_FAIL,17166.44921875,17150.0,1.3900452488687782,16.44921875,0.09582190551109074,922.5000000000005,80.0,171.9,85.0,0.15,288.0,203.15,195.0,268.45,3.388235294117647,2.4375,False,50.0,50.0,18.450000000000017
DEV_57,DEVELOPMENT,2023-03-09,2023-03-16,2023-04-06,5,D+5,2023-03-16,EXECUTABLE,GATE_FAIL,16994.650390625,17000.0,1.8468922002953416,5.349609375,0.031478196091348144,889.9999999999998,80.0,23.0,52.0,1.8,275.15,289.4,229.2,218.85,5.2913461538461535,2.8649999999999998,False,50.0,50.0,17.799999999999997
DEV_58,DEVELOPMENT,2023-03-16,2023-03-23,2023-04-13,-1,D-1,2023-03-15,EXECUTABLE,GATE_FAIL,17166.44921875,17200.0,1.3081061027638656,33.55078125,0.1954439198372734,-1022.499999999998,150.5,117.3,149.75,0.2,328.0,188.8,252.0,249.6,2.1903171953255427,1.6744186046511629,False,50.0,50.0,-20.449999999999974
DEV_58,DEVELOPMENT,2023-03-16,2023-03-23,2023-04-13,0,D0,2023-03-16,EXECUTABLE,GATE_FAIL,16994.650390625,17000.0,1.3655945281326147,5.349609375,0.031478196091348144,-1385.000000000001,174.0,0.25,162.2,80.15,336.45,300.65,264.3,164.5,2.0742909987669544,1.5189655172413794,False,50.0,50.0,-27.700000000000017
DEV_58,DEVELOPMENT,2023-03-16,2023-03-23,2023-04-13,1,D+1,2023-03-17,EXECUTABLE,GATE_PASS,17111.80078125,17100.0,1.1705651934579544,11.80078125,0.06896282513369681,-1357.4999999999973,125.05,20.1,172.0,4.2,329.9,237.7,204.9,202.7,1.9180232558139534,1.6385445821671332,True,50.0,50.0,-27.14999999999995
DEV_58,DEVELOPMENT,2023-03-16,2023-03-23,2023-04-13,2,D+2,2023-03-20,EXECUTABLE,GATE_PASS,17066.599609375,17100.0,0.8239178815707671,33.400390625,0.19570618277499488,3614.999999999999,99.0,20.1,119.95,4.2,260.0,237.7,260.45,202.7,2.1675698207586493,2.6308080808080807,True,50.0,50.0,72.29999999999998
DEV_58,DEVELOPMENT,2023-03-16,2023-03-23,2023-04-13,3,D+3,2023-03-21,EXECUTABLE,GATE_FAIL,17060.400390625,17100.0,1.4943227679266249,39.599609375,0.23211418529638203,-679.9999999999991,115.0,20.1,88.8,4.2,287.2,237.7,248.9,202.7,3.234234234234234,2.1643478260869564,False,50.0,50.0,-13.599999999999994
DEV_58,DEVELOPMENT,2023-03-16,2023-03-23,2023-04-13,4,D+4,2023-03-22,EXECUTABLE,GATE_FAIL,17177.44921875,17200.0,1.5003529411764702,22.55078125,0.13128131518726746,-839.9999999999991,98.1,117.3,85.0,0.2,260.0,188.8,200.0,249.6,3.0588235294117645,2.0387359836901124,False,50.0,50.0,-16.799999999999983
DEV_58,DEVELOPMENT,2023-03-16,2023-03-23,2023-04-13,5,D+5,2023-03-23,EXECUTABLE,GATE_FAIL,17097.400390625,17100.0,1.2007476857346309,2.599609375,0.015204705485083226,-772.4999999999995,57.0,20.1,64.0,4.2,284.0,237.7,210.65,202.7,4.4375,3.6956140350877194,False,50.0,50.0,-15.449999999999996
DEV_59,DEVELOPMENT,2023-03-23,2023-03-29,2023-04-20,-1,D-1,2023-03-22,EXECUTABLE,GATE_PASS,17177.44921875,17200.0,1.1554761707875079,22.55078125,0.13128131518726746,3757.500000000001,135.05,132.3,139.0,0.15,310.4,189.95,261.0,201.5,2.233093525179856,1.932617549055905,True,50.0,50.0,75.15
DEV_59,DEVELOPMENT,2023-03-23,2023-03-29,2023-04-20,0,D0,2023-03-23,EXECUTABLE,GATE_FAIL,17097.400390625,17100.0,1.218098575330653,2.599609375,0.015204705485083226,922.5000000000005,125.5,24.65,160.05,0.95,326.3,247.7,210.05,171.25,2.0387378944079972,1.6737051792828685,False,50.0,50.0,18.450000000000017
DEV_59,DEVELOPMENT,2023-03-23,2023-03-29,2023-04-20,1,D+1,2023-03-24,EXECUTABLE,GATE_FAIL,17076.19921875,17100.0,1.4778511631820286,23.80078125,0.13937985230264985,772.4999999999995,120.0,24.65,108.05,0.95,292.75,247.7,220.0,171.25,2.7093937991670525,1.8333333333333333,False,50.0,50.0,15.449999999999989
DEV_59,DEVELOPMENT,2023-03-23,2023-03-29,2023-04-20,2,D+2,2023-03-27,EXECUTABLE,GATE_FAIL,16984.30078125,17000.0,1.2490629614123592,15.69921875,0.0924337065870343,3754.999999999999,109.7,1.45,99.6,59.15,264.35,311.5,233.1,137.35,2.654116465863454,2.1248860528714677,False,50.0,50.0,75.09999999999997
DEV_59,DEVELOPMENT,2023-03-23,2023-03-29,2023-04-20,3,D+3,2023-03-28,EXECUTABLE,GATE_PASS,17031.75,17000.0,0.9672075000000001,31.75,0.1864165455693044,2320.0,63.0,1.45,100.0,59.15,307.05,311.5,200.0,137.35,3.0705,3.1746031746031744,True,50.0,50.0,46.4
DEV_59,DEVELOPMENT,2023-03-23,2023-03-29,2023-04-20,4,D+4,2023-03-29,EXECUTABLE,GATE_FAIL,16977.30078125,17000.0,2.112234695129432,22.69921875,0.13370334331986022,645.0000000000005,62.95,1.45,42.9,59.15,273.5,311.5,190.0,137.35,6.375291375291376,3.018268467037331,False,50.0,50.0,12.900000000000006
DEV_59,DEVELOPMENT,2023-03-23,2023-03-29,2023-04-20,5,D+5,2023-03-31,AFTER_NEAR_EXPIRY,,,,,,,,,,,,,,,,,,,,,
DEV_60,DEVELOPMENT,2023-03-29,2023-04-06,2023-04-27,-1,D-1,2023-03-28,EXECUTABLE,GATE_PASS,17031.75,17050.0,0.9963277651487141,18.25,0.10715281753196236,-50.0,125.0,0.1,165.05,549.9,334.15,625.4,254.0,36.5,2.024538018782187,2.032,True,50.0,50.0,-1.0
DEV_60,DEVELOPMENT,2023-03-29,2023-04-06,2023-04-27,0,D0,2023-03-29,EXECUTABLE,GATE_FAIL,16977.30078125,17000.0,1.25364739965668,22.69921875,0.13370334331986022,-1804.9999999999964,141.8,0.1,154.95,597.55,327.75,669.45,239.25,32.75,2.1151984511132627,1.6872355430183354,False,50.0,50.0,-36.09999999999991
DEV_60,DEVELOPMENT,2023-03-29,2023-04-06,2023-04-27,1,D+1,2023-03-31,EXECUTABLE,GATE_FAIL,17210.349609375,17200.0,1.2508148543948703,10.349609375,0.060135962429038944,-990.0000000000018,90.0,0.1,95.0,399.45,260.1,489.65,197.0,52.0,2.7378947368421054,2.188888888888889,False,50.0,50.0,-19.800000000000068
DEV_60,DEVELOPMENT,2023-03-29,2023-04-06,2023-04-27,2,D+2,2023-04-03,EXECUTABLE,GATE_FAIL,17427.94921875,17450.0,2.3597200827874216,22.05078125,0.1265253930524223,-2702.5,118.95,0.2,58.95,149.1,235.0,293.95,200.95,105.05,3.986429177268872,1.6893652795292138,False,50.0,50.0,-54.05
DEV_60,DEVELOPMENT,2023-03-29,2023-04-06,2023-04-27,3,D+3,2023-04-05,EXECUTABLE,GATE_FAIL,17422.30078125,17400.0,1.425637671680837,22.30078125,0.12800135602067123,-2440.0000000000005,63.0,0.15,69.5,199.5,259.5,330.45,165.0,91.9,3.7338129496402876,2.619047619047619,False,50.0,50.0,-48.80000000000001
DEV_60,DEVELOPMENT,2023-03-29,2023-04-06,2023-04-27,4,D+4,2023-04-06,EXECUTABLE,GATE_FAIL,17533.849609375,17550.0,1.3210738636363637,16.150390625,0.09210978184941604,-827.4999999999998,43.35,0.4,44.0,49.75,227.95,227.5,170.0,137.4,5.180681818181818,3.9215686274509802,False,50.0,50.0,-16.549999999999997
DEV_60,DEVELOPMENT,2023-03-29,2023-04-06,2023-04-27,5,D+5,2023-04-10,AFTER_NEAR_EXPIRY,,,,,,,,,,,,,,,,,,,,,
DEV_61,DEVELOPMENT,2023-04-06,2023-04-13,2023-05-04,-1,D-1,2023-04-05,EXECUTABLE,GATE_FAIL,17422.30078125,17400.0,1.3045722617641877,22.30078125,0.12800135602067123,-2214.9999999999955,100.0,0.1,135.2,426.2,319.95,528.2,181.4,43.05,2.3664940828402368,1.814,False,50.0,50.0,-44.2999999999999
DEV_61,DEVELOPMENT,2023-04-06,2023-04-13,2023-05-04,0,D0,2023-04-06,EXECUTABLE,GATE_FAIL,17533.849609375,17550.0,1.5406710726995427,16.150390625,0.09210978184941604,-440.0000000000018,114.95,0.15,98.35,276.35,261.0,412.8,198.0,65.8,2.653787493645145,1.7224880382775118,False,50.0,50.0,-8.800000000000011
DEV_61,DEVELOPMENT,2023-04-06,2023-04-13,2023-05-04,1,D+1,2023-04-10,EXECUTABLE,GATE_FAIL,17634.900390625,17650.0,2.261891068572849,15.099609375,0.08562344578383442,-3520.000000000001,120.0,0.2,74.45,173.2,254.0,309.4,181.0,88.25,3.411685695097381,1.5083333333333333,False,50.0,50.0,-70.4
DEV_61,DEVELOPMENT,2023-04-06,2023-04-13,2023-05-04,2,D+2,2023-04-11,EXECUTABLE,GATE_FAIL,17704.80078125,17700.0,1.6924919143560093,4.80078125,0.027115703301695403,1042.500000000001,76.0,0.2,51.35,122.55,225.45,297.55,197.15,101.4,4.3904576436222005,2.594078947368421,False,50.0,50.0,20.850000000000023
DEV_61,DEVELOPMENT,2023-04-06,2023-04-13,2023-05-04,3,D+3,2023-04-12,EXECUTABLE,GATE_FAIL,17759.55078125,17750.0,1.2827963176064443,9.55078125,0.05377828171241486,1069.9999999999984,49.0,0.25,52.8,72.0,218.4,267.15,158.0,117.4,4.136363636363637,3.2244897959183674,False,50.0,50.0,21.399999999999963
DEV_61,DEVELOPMENT,2023-04-06,2023-04-13,2023-05-04,4,D+4,2023-04-13,EXECUTABLE,GATE_FAIL,17807.30078125,17800.0,1.242735660110976,7.30078125,0.04099880908221237,519.9999999999998,37.85,1.55,44.65,23.1,235.0,231.1,160.3,131.25,5.2631578947368425,4.235138705416117,False,50.0,50.0,10.399999999999999
DEV_61,DEVELOPMENT,2023-04-06,2023-04-13,2023-05-04,5,D+5,2023-04-17,AFTER_NEAR_EXPIRY,,,,,,,,,,,,,,,,,,,,,
DEV_62,DEVELOPMENT,2023-04-13,2023-04-20,2023-05-11,-1,D-1,2023-04-12,EXECUTABLE,GATE_FAIL,17759.55078125,17800.0,1.773015111188679,40.44921875,0.22776037101515578,-1622.4999999999982,119.05,176.5,88.15,0.1,256.0,121.55,195.0,238.5,2.9041406693136698,1.6379672406551868,False,50.0,50.0,-32.44999999999999
DEV_62,DEVELOPMENT,2023-04-13,2023-04-20,2023-05-11,0,D0,2023-04-13,EXECUTABLE,GATE_PASS,17807.30078125,17800.0,1.1747529405725596,7.30078125,0.04099880908221237,-224.99999999999955,96.95,176.5,122.05,0.1,275.0,121.55,185.95,238.5,2.2531749283080704,1.9179989685404846,True,50.0,50.0,-4.5
DEV_62,DEVELOPMENT,2023-04-13,2023-04-20,2023-05-11,1,D+1,2023-04-17,EXECUTABLE,GATE_PASS,17863.0,17800.0,0.731273616359191,63.0,0.35268431954318985,3969.9999999999995,70.0,176.5,100.0,0.1,235.0,121.55,224.95,238.5,2.35,3.2135714285714285,True,50.0,50.0,79.39999999999999
DEV_62,DEVELOPMENT,2023-04-13,2023-04-20,2023-05-11,2,D+2,2023-04-18,EXECUTABLE,GATE_FAIL,17766.599609375,17800.0,2.331007938417128,33.400390625,0.18799540350633798,674.9999999999989,100.0,176.5,40.0,0.1,193.8,121.55,207.85,238.5,4.845000000000001,2.0785,False,50.0,50.0,13.499999999999986
DEV_62,DEVELOPMENT,2023-04-13,2023-04-20,2023-05-11,3,D+3,2023-04-19,EXECUTABLE,GATE_PASS,17653.349609375,17650.0,1.1606924485644579,3.349609375,0.018974355853810056,384.99999999999983,43.0,26.85,51.0,0.5,226.25,196.45,164.35,161.2,4.436274509803922,3.822093023255814,True,50.0,50.0,7.699999999999996
DEV_62,DEVELOPMENT,2023-04-13,2023-04-20,2023-05-11,4,D+4,2023-04-20,EXECUTABLE,GATE_FAIL,17638.599609375,17650.0,2.353557330781491,11.400390625,0.06463319581754459,-407.50000000000057,52.0,26.85,28.3,0.5,210.0,196.45,163.95,161.2,7.4204946996466425,3.152884615384615,False,50.0,50.0,-8.15000000000001
DEV_62,DEVELOPMENT,2023-04-13,2023-04-20,2023-05-11,5,D+5,2023-04-21,AFTER_NEAR_EXPIRY,,,,,,,,,,,,,,,,,,,,,
DEV_63,DEVELOPMENT,2023-04-20,2023-04-27,2023-05-18,-1,D-1,2023-04-19,EXECUTABLE,GATE_FAIL,17653.349609375,17700.0,1.2021217270143016,46.650390625,0.26425801141006017,952.4999999999991,110.05,0.15,109.55,206.5,240.05,344.45,200.6,79.1,2.1912368781378366,1.8228078146297138,False,50.0,50.0,19.049999999999983
DEV_63,DEVELOPMENT,2023-04-20,2023-04-27,2023-05-18,0,D0,2023-04-20,EXECUTABLE,GATE_PASS,17638.599609375,17600.0,1.0025993767576196,38.599609375,0.21883602003462976,-1047.5000000000018,74.95,0.1,147.5,307.75,308.0,425.2,156.1,59.15,2.088135593220339,2.0827218145430284,True,50.0,50.0,-20.950000000000045
DEV_63,DEVELOPMENT,2023-04-20,2023-04-27,2023-05-18,1,D+1,2023-04-21,EXECUTABLE,GATE_PASS,17639.75,17600.0,0.9698480727492516,39.75,0.22534332969571563,-142.5000000000009,65.0,0.1,110.3,307.75,271.55,425.2,165.0,59.15,2.461922030825023,2.5384615384615383,True,50.0,50.0,-2.850000000000051
DEV_63,DEVELOPMENT,2023-04-20,2023-04-27,2023-05-18,2,D+2,2023-04-24,EXECUTABLE,GATE_PASS,17707.55078125,17700.0,0.8495949277914758,7.55078125,0.0426415902643933,2330.0,60.0,0.15,85.0,206.5,221.1,344.45,183.7,79.1,2.601176470588235,3.0616666666666665,True,50.0,50.0,46.599999999999994
DEV_63,DEVELOPMENT,2023-04-20,2023-04-27,2023-05-18,3,D+3,2023-04-25,EXECUTABLE,GATE_PASS,17761.55078125,17750.0,0.9699367088607594,11.55078125,0.06503250415607625,1057.4999999999973,50.0,0.15,70.0,156.3,214.55,303.65,158.0,89.8,3.065,3.16,True,50.0,50.0,21.149999999999963
DEV_63,DEVELOPMENT,2023-04-20,2023-04-27,2023-05-18,4,D+4,2023-04-26,EXECUTABLE,GATE_PASS,17767.30078125,17750.0,0.9385728165821008,17.30078125,0.0973742802185106,1234.9999999999982,42.0,0.15,59.0,156.3,207.0,303.65,157.0,89.8,3.5084745762711864,3.738095238095238,True,50.0,50.0,24.699999999999974
DEV_63,DEVELOPMENT,2023-04-20,2023-04-27,2023-05-18,5,D+5,2023-04-27,EXECUTABLE,GATE_PASS,17813.099609375,17800.0,0.8109267734553776,13.099609375,0.07353919116977092,730.0,27.0,0.2,46.0,108.0,210.0,266.3,152.0,104.9,4.565217391304348,5.62962962962963,True,50.0,50.0,14.600000000000009
DEV_64,DEVELOPMENT,2023-04-27,2023-05-04,2023-05-25,-1,D-1,2023-04-26,EXECUTABLE,GATE_PASS,17767.30078125,17750.0,1.0024104204329485,17.30078125,0.0973742802185106,-537.4999999999982,86.5,0.1,126.9,504.55,275.0,577.7,187.0,36.4,2.1670606776989754,2.161849710982659,True,50.0,50.0,-10.749999999999915
DEV_64,DEVELOPMENT,2023-04-27,2023-05-04,2023-05-25,0,D0,2023-04-27,EXECUTABLE,GATE_PASS,17813.099609375,17800.0,0.9306465200967469,13.099609375,0.07353919116977092,-419.9999999999982,76.1,0.1,124.0,453.0,270.0,529.95,178.05,41.4,2.1774193548387095,2.339684625492773,True,50.0,50.0,-8.399999999999949
DEV_64,DEVELOPMENT,2023-04-27,2023-05-04,2023-05-25,1,D+1,2023-04-28,EXECUTABLE,GATE_FAIL,17950.400390625,17950.0,1.400550964187328,0.400390625,0.002230538685973339,-1582.4999999999982,93.0,0.1,99.0,303.65,246.0,410.2,165.0,63.3,2.484848484848485,1.7741935483870968,False,50.0,50.0,-31.649999999999963
DEV_64,DEVELOPMENT,2023-04-27,2023-05-04,2023-05-25,2,D+2,2023-05-02,EXECUTABLE,GATE_PASS,18124.80078125,18100.0,1.0371627746638918,24.80078125,0.1368334005395318,457.50000000000045,54.9,0.15,67.0,152.7,221.95,293.95,175.35,97.75,3.312686567164179,3.1939890710382515,True,50.0,50.0,9.150000000000006
DEV_64,DEVELOPMENT,2023-04-27,2023-05-04,2023-05-25,3,D+3,2023-05-03,EXECUTABLE,GATE_PASS,18113.80078125,18100.0,0.973768689000477,13.80078125,0.07618931783927699,-714.9999999999995,50.0,0.15,81.9,152.7,240.85,293.95,151.0,97.75,2.9407814407814405,3.02,True,50.0,50.0,-14.299999999999983
DEV_64,DEVELOPMENT,2023-04-27,2023-05-04,2023-05-25,4,D+4,2023-05-04,EXECUTABLE,GATE_FAIL,18081.0,18100.0,1.8652651696129956,19.0,0.10508268347989601,-355.00000000000045,55.0,0.15,35.0,152.7,195.2,293.95,164.45,97.75,5.5771428571428565,2.9899999999999998,False,50.0,50.0,-7.099999999999994
DEV_64,DEVELOPMENT,2023-04-27,2023-05-04,2023-05-25,5,D+5,2023-05-05,AFTER_NEAR_EXPIRY,,,,,,,,,,,,,,,,,,,,,
DEV_65,DEVELOPMENT,2023-05-04,2023-05-11,2023-06-01,-1,D-1,2023-05-03,EXECUTABLE,GATE_PASS,18113.80078125,18100.0,0.8823488115535051,13.80078125,0.07618931783927699,3150.000000000001,97.0,0.15,130.0,193.95,226.75,356.3,191.75,97.5,1.7442307692307693,1.9768041237113403,True,50.0,50.0,63.00000000000003
DEV_65,DEVELOPMENT,2023-05-04,2023-05-11,2023-06-01,0,D0,2023-05-04,EXECUTABLE,GATE_PASS,18081.0,18100.0,1.0872538029509484,19.0,0.10508268347989601,1767.5000000000018,100.05,0.15,113.35,193.95,228.25,356.3,185.3,97.5,2.0136744596382887,1.852073963018491,True,50.0,50.0,35.35000000000002
DEV_65,DEVELOPMENT,2023-05-04,2023-05-11,2023-06-01,1,D+1,2023-05-05,EXECUTABLE,GATE_PASS,18117.30078125,18100.0,0.6478757691180779,17.30078125,0.09549315021531776,585.0000000000014,48.0,0.15,135.0,193.95,310.95,356.3,170.65,97.5,2.3033333333333332,3.5552083333333333,True,50.0,50.0,11.700000000000045
DEV_65,DEVELOPMENT,2023-05-04,2023-05-11,2023-06-01,2,D+2,2023-05-08,EXECUTABLE,GATE_FAIL,18120.599609375,18100.0,1.2534305338744927,20.599609375,0.11368061664108756,-309.9999999999977,79.8,0.15,100.0,193.95,251.55,356.3,160.15,97.5,2.5155000000000003,2.006892230576441,False,50.0,50.0,-6.19999999999996
DEV_65,DEVELOPMENT,2023-05-04,2023-05-11,2023-06-01,3,D+3,2023-05-09,EXECUTABLE,GATE_FAIL,18303.400390625,18300.0,1.4318452075584254,3.400390625,0.0185779175040157,419.9999999999996,69.95,9.15,61.95,3.3,219.95,218.6,173.45,161.55,3.5504439063761093,2.479628305932809,False,50.0,50.0,8.399999999999984
DEV_65,DEVELOPMENT,2023-05-04,2023-05-11,2023-06-01,4,D+4,2023-05-10,EXECUTABLE,GATE_PASS,18313.599609375,18300.0,1.0761400820113491,13.599609375,0.07425961943624759,1674.9999999999989,50.0,9.15,56.0,3.3,207.85,218.6,172.45,161.55,3.711607142857143,3.449,True,50.0,50.0,33.49999999999998
DEV_65,DEVELOPMENT,2023-05-04,2023-05-11,2023-06-01,5,D+5,2023-05-11,EXECUTABLE,GATE_FAIL,18357.80078125,18350.0,1.4522429003397863,7.80078125,0.042493005251301334,1647.500000000001,46.0,56.8,37.0,0.3,202.55,192.3,173.4,177.7,5.474324324324325,3.7695652173913046,False,50.0,50.0,32.95000000000002
DEV_66,DEVELOPMENT,2023-05-11,2023-05-18,2023-06-08,-1,D-1,2023-05-10,EXECUTABLE,GATE_PASS,18313.599609375,18300.0,0.9051779646745323,13.599609375,0.07425961943624759,3277.500000000001,100.0,166.9,128.8,0.2,255.85,146.35,219.45,239.9,1.9864130434782608,2.1944999999999997,True,50.0,50.0,65.55000000000001
DEV_66,DEVELOPMENT,2023-05-11,2023-05-18,2023-06-08,0,D0,2023-05-11,EXECUTABLE,GATE_FAIL,18357.80078125,18350.0,1.7125278564884845,7.80078125,0.042493005251301334,-5995.0,94.8,216.6,110.0,0.15,423.95,122.9,213.35,263.85,3.854090909090909,2.2505274261603376,False,50.0,50.0,-119.9
DEV_66,DEVELOPMENT,2023-05-11,2023-05-18,2023-06-08,1,D+1,2023-05-12,EXECUTABLE,GATE_PASS,18273.75,18250.0,0.730019572570525,23.75,0.1299678500581435,4810.000000000001,84.85,116.45,132.05,0.25,235.8,164.35,207.55,203.3,1.7856872396819385,2.4460813199764293,True,50.0,50.0,96.20000000000002
DEV_66,DEVELOPMENT,2023-05-11,2023-05-18,2023-06-08,2,D+2,2023-05-15,EXECUTABLE,GATE_FAIL,18339.30078125,18350.0,1.782939189189189,10.69921875,0.058340385370301694,-122.50000000000136,105.55,216.6,72.0,0.15,249.75,122.9,205.35,263.85,3.46875,1.945523448602558,False,50.0,50.0,-2.4500000000000455
DEV_66,DEVELOPMENT,2023-05-11,2023-05-18,2023-06-08,3,D+3,2023-05-16,EXECUTABLE,GATE_PASS,18432.349609375,18400.0,1.1075321336760926,32.349609375,0.175504534476421,2102.5,72.0,267.5,80.0,0.15,239.35,103.9,194.5,292.35,2.991875,2.701388888888889,True,50.0,50.0,42.05000000000001
DEV_66,DEVELOPMENT,2023-05-11,2023-05-18,2023-06-08,4,D+4,2023-05-17,EXECUTABLE,GATE_PASS,18300.44921875,18300.0,1.1463090550188826,0.44921875,0.0024546870113972183,1979.9999999999995,61.0,166.9,62.7,0.2,233.0,146.35,197.75,239.9,3.716108452950558,3.2418032786885247,True,50.0,50.0,39.599999999999994
DEV_66,DEVELOPMENT,2023-05-11,2023-05-18,2023-06-08,5,D+5,2023-05-18,EXECUTABLE,GATE_FAIL,18287.5,18300.0,1.6898910069688455,12.5,0.0683526999316473,1769.999999999999,40.0,166.9,26.9,0.2,205.3,146.35,180.65,239.9,7.631970260223049,4.51625,False,50.0,50.0,35.39999999999998
DEV_67,DEVELOPMENT,2023-05-18,2023-05-25,2023-06-15,-1,D-1,2023-05-17,EXECUTABLE,GATE_PASS,18300.44921875,18300.0,1.036372057915323,0.44921875,0.0024546870113972183,1664.9999999999995,107.0,2.45,130.0,21.2,282.3,226.75,224.2,139.6,2.1715384615384616,2.095327102803738,True,50.0,50.0,33.29999999999998
DEV_67,DEVELOPMENT,2023-05-18,2023-05-25,2023-06-15,0,D0,2023-05-18,EXECUTABLE,GATE_FAIL,18287.5,18300.0,1.3290831841988964,12.5,0.0683526999316473,1027.4999999999995,101.25,2.45,89.8,21.2,240.0,226.75,203.6,139.6,2.6726057906458798,2.0108641975308643,False,50.0,50.0,20.549999999999997
DEV_67,DEVELOPMENT,2023-05-18,2023-05-25,2023-06-15,1,D+1,2023-05-19,EXECUTABLE,GATE_PASS,18186.150390625,18200.0,1.075629800155546,13.849609375,0.07615470606764312,2110.000000000001,80.0,0.3,85.55,119.4,240.0,294.1,208.65,107.0,2.805376972530684,2.6081250000000002,True,50.0,50.0,42.20000000000002
DEV_67,DEVELOPMENT,2023-05-18,2023-05-25,2023-06-15,2,D+2,2023-05-22,EXECUTABLE,GATE_PASS,18201.099609375,18200.0,1.121976070618979,1.099609375,0.006041444740149736,945.0000000000005,75.0,0.3,91.1,119.4,244.9,294.1,179.7,107.0,2.6882546652030737,2.396,True,50.0,50.0,18.89999999999999
DEV_67,DEVELOPMENT,2023-05-18,2023-05-25,2023-06-15,3,D+3,2023-05-23,EXECUTABLE,GATE_FAIL,18362.900390625,18350.0,1.3131206072731683,12.900390625,0.07025246747831933,177.49999999999937,52.0,30.35,55.3,0.8,232.3,199.35,166.35,162.7,4.200723327305607,3.1990384615384615,False,50.0,50.0,3.54999999999999
DEV_67,DEVELOPMENT,2023-05-18,2023-05-25,2023-06-15,4,D+4,2023-05-24,EXECUTABLE,GATE_PASS,18294.80078125,18300.0,0.7933043266401884,5.19921875,0.02841910558178137,2022.5,38.65,2.45,64.0,21.2,223.25,226.75,169.95,139.6,3.48828125,4.397153945666235,True,50.0,50.0,40.449999999999996
DEV_67,DEVELOPMENT,2023-05-18,2023-05-25,2023-06-15,5,D+5,2023-05-25,EXECUTABLE,GATE_PASS,18268.900390625,18250.0,0.897318076215107,18.900390625,0.1034566406344799,-217.5000000000009,30.0,0.55,55.35,69.3,248.25,261.5,149.95,124.15,4.485094850948509,4.998333333333333,True,50.0,50.0,-4.3500000000000085
DEV_68,DEVELOPMENT,2023-05-25,2023-06-01,2023-06-22,-1,D-1,2023-05-24,EXECUTABLE,GATE_PASS,18294.80078125,18300.0,0.9221466364323507,5.19921875,0.02841910558178137,1847.500000000001,95.0,0.15,139.65,196.9,256.2,343.5,189.0,87.25,1.8345864661654134,1.9894736842105263,True,50.0,50.0,36.95000000000002
DEV_68,DEVELOPMENT,2023-05-25,2023-06-01,2023-06-22,0,D0,2023-05-25,EXECUTABLE,GATE_PASS,18268.900390625,18250.0,0.8595773781524767,18.900390625,0.1034566406344799,2385.0,90.95,0.1,145.0,247.3,261.2,389.95,190.6,78.5,1.8013793103448275,2.0956569543705332,True,50.0,50.0,47.69999999999996
DEV_68,DEVELOPMENT,2023-05-25,2023-06-01,2023-06-22,1,D+1,2023-05-26,EXECUTABLE,GATE_PASS,18368.349609375,18350.0,1.0587404022799,18.349609375,0.09989797540457616,-97.50000000000091,80.0,0.15,115.0,146.55,280.95,306.45,184.6,100.65,2.4430434782608694,2.3075,True,50.0,50.0,-1.950000000000017
DEV_68,DEVELOPMENT,2023-05-25,2023-06-01,2023-06-22,2,D+2,2023-05-29,EXECUTABLE,GATE_PASS,18619.150390625,18600.0,1.0086826110229536,19.150390625,0.1028531926711462,1372.499999999999,70.1,100.05,87.0,0.3,227.15,155.7,181.45,199.2,2.6109195402298853,2.588445078459344,True,50.0,50.0,27.44999999999999
DEV_68,DEVELOPMENT,2023-05-25,2023-06-01,2023-06-22,3,D+3,2023-05-30,EXECUTABLE,GATE_FAIL,18606.650390625,18600.0,1.242831541218638,6.650390625,0.035742008826859094,687.5,73.0,100.05,74.0,0.3,210.9,155.7,167.4,199.2,2.85,2.293150684931507,False,50.0,50.0,13.75
DEV_68,DEVELOPMENT,2023-05-25,2023-06-01,2023-06-22,4,D+4,2023-05-31,EXECUTABLE,GATE_PASS,18594.19921875,18600.0,0.8645236007890175,5.80078125,0.031196725289199947,1920.0,43.85,100.05,62.0,0.3,197.9,155.7,161.9,199.2,3.1919354838709677,3.692132269099202,True,50.0,50.0,38.400000000000006
DEV_68,DEVELOPMENT,2023-05-25,2023-06-01,2023-06-22,5,D+5,2023-06-01,EXECUTABLE,GATE_FAIL,18579.400390625,18600.0,2.868273092369478,20.599609375,0.11087338095902373,567.4999999999989,68.8,100.05,24.0,0.3,178.55,155.7,178.45,199.2,7.439583333333334,2.59375,False,50.0,50.0,11.34999999999998
DEV_69,DEVELOPMENT,2023-06-01,2023-06-08,2023-06-28,-1,D-1,2023-05-31,NO_EXECUTABLE_COMMON_STRIKE,,18594.19921875,,,,,,,,,,,,,,,,,,,
DEV_69,DEVELOPMENT,2023-06-01,2023-06-08,2023-06-28,0,D0,2023-06-01,NO_EXECUTABLE_COMMON_STRIKE,,18579.400390625,,,,,,,,,,,,,,,,,,,
DEV_69,DEVELOPMENT,2023-06-01,2023-06-08,2023-06-28,1,D+1,2023-06-02,NO_EXECUTABLE_COMMON_STRIKE,,18550.849609375,,,,,,,,,,,,,,,,,,,
DEV_69,DEVELOPMENT,2023-06-01,2023-06-08,2023-06-28,2,D+2,2023-06-05,NO_EXECUTABLE_COMMON_STRIKE,,18612.0,,,,,,,,,,,,,,,,,,,
DEV_69,DEVELOPMENT,2023-06-01,2023-06-08,2023-06-28,3,D+3,2023-06-06,NO_EXECUTABLE_COMMON_STRIKE,,18600.80078125,,,,,,,,,,,,,,,,,,,
DEV_69,DEVELOPMENT,2023-06-01,2023-06-08,2023-06-28,4,D+4,2023-06-07,NO_EXECUTABLE_COMMON_STRIKE,,18665.599609375,,,,,,,,,,,,,,,,,,,
DEV_69,DEVELOPMENT,2023-06-01,2023-06-08,2023-06-28,5,D+5,2023-06-08,NO_EXECUTABLE_COMMON_STRIKE,,18725.349609375,,,,,,,,,,,,,,,,,,,
DEV_70,DEVELOPMENT,2023-06-08,2023-06-15,2023-07-06,-1,D-1,2023-06-07,EXECUTABLE,GATE_PASS,18665.599609375,18650.0,1.1088204390864347,15.599609375,0.08357411335002025,852.4999999999998,75.95,0.95,107.0,37.3,264.0,242.35,169.0,125.0,2.467289719626168,2.2251481237656354,True,50.0,50.0,17.049999999999997
DEV_70,DEVELOPMENT,2023-06-08,2023-06-15,2023-07-06,0,D0,2023-06-08,EXECUTABLE,GATE_FAIL,18725.349609375,18700.0,1.2103832124330915,25.349609375,0.13537589366186525,45.000000000000284,92.05,15.45,139.7,2.65,279.95,210.25,152.4,142.25,2.0039370078740157,1.6556219445953286,False,50.0,50.0,0.9000000000000057
DEV_70,DEVELOPMENT,2023-06-08,2023-06-15,2023-07-06,1,D+1,2023-06-09,EXECUTABLE,GATE_PASS,18655.900390625,18650.0,1.0621107316424825,5.900390625,0.031627477106197864,980.0000000000009,71.6,0.95,111.0,37.3,256.7,242.35,155.9,125.0,2.3126126126126123,2.177374301675978,True,50.0,50.0,19.600000000000023
DEV_70,DEVELOPMENT,2023-06-08,2023-06-15,2023-07-06,2,D+2,2023-06-12,EXECUTABLE,GATE_PASS,18595.05078125,18600.0,1.1213059728140549,4.94921875,0.026615785072178776,1414.9999999999998,68.95,0.2,88.25,86.95,239.1,276.75,166.6,108.5,2.7093484419263456,2.4162436548223347,True,50.0,50.0,28.299999999999997
DEV_70,DEVELOPMENT,2023-06-08,2023-06-15,2023-07-06,3,D+3,2023-06-13,EXECUTABLE,GATE_FAIL,18631.80078125,18650.0,1.5579800672044672,18.19921875,0.0976782596790895,-1195.0000000000005,60.45,0.95,73.2,37.3,250.35,242.35,132.7,125.0,3.4200819672131146,2.1952026468155497,False,50.0,50.0,-23.900000000000006
DEV_70,DEVELOPMENT,2023-06-08,2023-06-15,2023-07-06,4,D+4,2023-06-14,EXECUTABLE,GATE_FAIL,18744.599609375,18750.0,1.2556409763597924,5.400390625,0.028810381323370743,1595.0,47.25,63.4,51.6,0.35,207.4,183.35,151.25,162.7,4.01937984496124,3.201058201058201,False,50.0,50.0,31.900000000000006
DEV_70,DEVELOPMENT,2023-06-08,2023-06-15,2023-07-06,5,D+5,2023-06-15,EXECUTABLE,GATE_PASS,18774.44921875,18750.0,0.554379948110949,24.44921875,0.13022602402409025,2395.0,20.3,63.4,54.25,0.35,214.6,183.35,144.85,162.7,3.9557603686635945,7.135467980295566,True,50.0,50.0,47.900000000000006
DEV_71,DEVELOPMENT,2023-06-15,2023-06-22,2023-07-13,-1,D-1,2023-06-14,EXECUTABLE,GATE_FAIL,18744.599609375,18800.0,1.5206319115323854,55.400390625,0.2955538756735664,2062.5,124.8,27.25,94.95,2.3,225.6,229.15,195.0,152.4,2.375987361769352,1.5625,False,50.0,50.0,41.250000000000014
DEV_71,DEVELOPMENT,2023-06-15,2023-06-22,2023-07-13,0,D0,2023-06-15,EXECUTABLE,GATE_FAIL,18774.44921875,18800.0,1.3364771672109255,25.55078125,0.13609337324517884,2687.5,106.75,27.25,94.9,2.3,228.0,229.15,191.9,152.4,2.4025289778714436,1.7976580796252928,False,50.0,50.0,53.750000000000014
DEV_71,DEVELOPMENT,2023-06-15,2023-06-22,2023-07-13,1,D+1,2023-06-16,EXECUTABLE,GATE_FAIL,18723.30078125,18700.0,1.2553658303920634,23.30078125,0.12444804216003413,199.99999999999955,70.0,0.3,110.0,74.4,282.0,293.8,142.95,116.65,2.5636363636363635,2.042142857142857,False,50.0,50.0,3.999999999999986
DEV_71,DEVELOPMENT,2023-06-15,2023-06-22,2023-07-13,2,D+2,2023-06-19,EXECUTABLE,GATE_PASS,18873.30078125,18900.0,0.9925543712758484,26.69921875,0.1414655499822521,3567.5,62.2,125.7,81.05,0.2,223.75,171.4,173.0,193.65,2.7606415792720544,2.7813504823151125,True,50.0,50.0,71.35
DEV_71,DEVELOPMENT,2023-06-15,2023-06-22,2023-07-13,3,D+3,2023-06-20,EXECUTABLE,GATE_PASS,18752.349609375,18750.0,0.6766009595327492,2.349609375,0.012529679874490727,4952.5,50.55,1.5,94.0,24.7,231.0,259.65,183.6,133.45,2.4574468085106385,3.6320474777448073,True,50.0,50.0,99.04999999999998
DEV_71,DEVELOPMENT,2023-06-15,2023-06-22,2023-07-13,4,D+4,2023-06-21,EXECUTABLE,GATE_FAIL,18849.400390625,18850.0,1.5231007514771402,0.599609375,0.003181052779260945,1332.499999999999,49.95,75.85,46.5,0.35,239.2,199.75,168.7,174.65,5.144086021505376,3.377377377377377,False,50.0,50.0,26.649999999999977
DEV_71,DEVELOPMENT,2023-06-15,2023-06-22,2023-07-13,5,D+5,2023-06-22,EXECUTABLE,GATE_FAIL,18853.599609375,18850.0,1.28272921108742,3.599609375,0.019092425051872246,1204.9999999999998,36.0,75.85,43.75,0.35,235.0,199.75,150.75,174.65,5.371428571428571,4.1875,False,50.0,50.0,24.099999999999994
DEV_72,DEVELOPMENT,2023-06-22,2023-06-28,2023-07-20,-1,D-1,2023-06-21,NO_EXECUTABLE_COMMON_STRIKE,,18849.400390625,,,,,,,,,,,,,,,,,,,
DEV_72,DEVELOPMENT,2023-06-22,2023-06-28,2023-07-20,0,D0,2023-06-22,NO_EXECUTABLE_COMMON_STRIKE,,18853.599609375,,,,,,,,,,,,,,,,,,,
DEV_72,DEVELOPMENT,2023-06-22,2023-06-28,2023-07-20,1,D+1,2023-06-23,NO_EXECUTABLE_COMMON_STRIKE,,18741.849609375,,,,,,,,,,,,,,,,,,,
DEV_72,DEVELOPMENT,2023-06-22,2023-06-28,2023-07-20,2,D+2,2023-06-26,NO_EXECUTABLE_COMMON_STRIKE,,18682.349609375,,,,,,,,,,,,,,,,,,,
DEV_72,DEVELOPMENT,2023-06-22,2023-06-28,2023-07-20,3,D+3,2023-06-27,NO_EXECUTABLE_COMMON_STRIKE,,18748.55078125,,,,,,,,,,,,,,,,,,,
DEV_72,DEVELOPMENT,2023-06-22,2023-06-28,2023-07-20,4,D+4,2023-06-28,EXECUTABLE,GATE_FAIL,18908.150390625,18900.0,2.379097909790979,8.150390625,0.04310517135002855,1555.0000000000005,55.0,0.75,25.25,60.35,196.6,264.0,180.0,126.95,7.786138613861386,3.272727272727273,False,50.0,50.0,31.10000000000001
DEV_72,DEVELOPMENT,2023-06-22,2023-06-28,2023-07-20,5,D+5,2023-06-30,AFTER_NEAR_EXPIRY,,,,,,,,,,,,,,,,,,,,,
DEV_73,DEVELOPMENT,2023-06-28,2023-07-06,2023-07-27,-1,D-1,2023-06-27,EXECUTABLE,GATE_FAIL,18748.55078125,18750.0,1.2024031293423176,1.44921875,0.0077297641130179015,-1767.5,105.6,0.1,124.85,750.6,277.85,809.75,195.45,31.45,2.2254705646776136,1.8508522727272727,False,50.0,50.0,-35.35000000000002
DEV_73,DEVELOPMENT,2023-06-28,2023-07-06,2023-07-27,0,D0,2023-06-28,EXECUTABLE,GATE_FAIL,18908.150390625,18900.0,1.4407509233802658,8.150390625,0.04310517135002855,-1927.5000000000036,100.0,0.15,90.0,598.2,259.4,672.0,200.05,43.15,2.882222222222222,2.0005,False,50.0,50.0,-38.55000000000004
DEV_73,DEVELOPMENT,2023-06-28,2023-07-06,2023-07-27,1,D+1,2023-06-30,EXECUTABLE,GATE_FAIL,19076.849609375,19100.0,2.088345864661654,23.150390625,0.12135332142904312,-2315.0,111.1,0.15,61.6,398.2,220.0,501.7,190.0,70.45,3.571428571428571,1.7101710171017102,False,50.0,50.0,-46.29999999999997
DEV_73,DEVELOPMENT,2023-06-28,2023-07-06,2023-07-27,2,D+2,2023-07-03,EXECUTABLE,GATE_FAIL,19246.5,19250.0,1.8884120171673817,3.5,0.01818512456810329,-2072.499999999999,112.2,0.15,69.9,247.15,230.0,381.85,195.5,99.5,3.2904148783977107,1.7424242424242424,False,50.0,50.0,-41.44999999999999
DEV_73,DEVELOPMENT,2023-06-28,2023-07-06,2023-07-27,3,D+3,2023-07-04,EXECUTABLE,GATE_FAIL,19406.599609375,19400.0,1.7785901553040275,6.599609375,0.03400703630641115,-880.0000000000014,76.8,0.35,50.0,95.9,219.95,277.15,189.95,142.4,4.399,2.4733072916666665,False,50.0,50.0,-17.600000000000037
DEV_73,DEVELOPMENT,2023-06-28,2023-07-06,2023-07-27,4,D+4,2023-07-05,EXECUTABLE,GATE_FAIL,19405.94921875,19400.0,1.6805445301353472,5.94921875,0.03065667483171539,-1807.5000000000023,64.9,0.35,52.05,95.9,242.2,277.15,179.7,142.4,4.653218059558117,2.7688751926040056,False,50.0,50.0,-36.15000000000005
DEV_73,DEVELOPMENT,2023-06-28,2023-07-06,2023-07-27,5,D+5,2023-07-06,EXECUTABLE,GATE_FAIL,19385.69921875,19400.0,1.5946348018043959,14.30078125,0.07376974690790711,-1522.5000000000018,53.55,0.35,45.3,95.9,237.35,277.15,175.95,142.4,5.239514348785872,3.2857142857142856,False,50.0,50.0,-30.450000000000045
DEV_74,DEVELOPMENT,2023-07-06,2023-07-13,2023-08-03,-1,D-1,2023-07-05,EXECUTABLE,GATE_FAIL,19405.94921875,19400.0,1.2951620743469694,5.94921875,0.03065667483171539,1737.500000000001,124.3,6.35,123.75,9.0,280.0,237.25,217.15,136.45,2.2626262626262625,1.7469831053901852,False,50.0,50.0,34.750000000000014
DEV_74,DEVELOPMENT,2023-07-06,2023-07-13,2023-08-03,0,D0,2023-07-06,EXECUTABLE,GATE_FAIL,19385.69921875,19400.0,1.5902435958402532,14.30078125,0.07376974690790711,87.49999999999955,120.0,6.35,105.45,9.0,287.8,237.25,205.95,136.45,2.7292555713608344,1.7162499999999998,False,50.0,50.0,1.7499999999999858
DEV_74,DEVELOPMENT,2023-07-06,2023-07-13,2023-08-03,1,D+1,2023-07-07,EXECUTABLE,GATE_FAIL,19422.80078125,19400.0,1.2617904362293137,22.80078125,0.1173918298745615,-192.4999999999991,81.0,6.35,111.4,9.0,312.45,237.25,180.05,136.45,2.8047576301615798,2.2228395061728397,False,50.0,50.0,-3.849999999999966
DEV_74,DEVELOPMENT,2023-07-06,2023-07-13,2023-08-03,2,D+2,2023-07-10,EXECUTABLE,GATE_FAIL,19400.349609375,19400.0,1.6195581737849776,0.349609375,0.0018020777049865906,2047.5000000000011,96.0,6.35,67.9,9.0,229.1,237.25,200.0,136.45,3.3740795287187035,2.0833333333333335,False,50.0,50.0,40.95000000000002
DEV_74,DEVELOPMENT,2023-07-06,2023-07-13,2023-08-03,3,D+3,2023-07-11,EXECUTABLE,GATE_FAIL,19427.099609375,19450.0,1.8616419396594641,22.900390625,0.11787858756820747,1710.0000000000005,85.1,45.9,55.0,0.35,219.7,209.25,182.6,153.4,3.994545454545454,2.145710928319624,False,50.0,50.0,34.2
DEV_74,DEVELOPMENT,2023-07-06,2023-07-13,2023-08-03,4,D+4,2023-07-12,EXECUTABLE,GATE_FAIL,19497.44921875,19500.0,1.8808260145366447,2.55078125,0.013082640818199976,834.9999999999985,61.95,96.2,44.0,0.3,220.55,174.1,165.1,179.9,5.0125,2.665052461662631,False,50.0,50.0,16.699999999999974
DEV_74,DEVELOPMENT,2023-07-06,2023-07-13,2023-08-03,5,D+5,2023-07-13,EXECUTABLE,GATE_FAIL,19495.19921875,19500.0,2.066153846153846,4.80078125,0.02462545366237,1447.4999999999998,67.15,96.2,39.0,0.3,198.0,174.1,165.0,179.9,5.076923076923077,2.4571854058078926,False,50.0,50.0,28.94999999999999
DEV_75,DEVELOPMENT,2023-07-13,2023-07-20,2023-08-10,-1,D-1,2023-07-12,EXECUTABLE,GATE_PASS,19497.44921875,19500.0,1.1617987830378054,2.55078125,0.013082640818199976,-1145.0000000000036,107.95,0.15,122.0,481.65,257.35,565.05,196.0,59.15,2.109426229508197,1.8156553960166744,True,50.0,50.0,-22.900000000000063
DEV_75,DEVELOPMENT,2023-07-13,2023-07-20,2023-08-10,0,D0,2023-07-13,EXECUTABLE,GATE_FAIL,19495.19921875,19500.0,1.3000000000000003,4.80078125,0.02462545366237,-1630.0000000000018,100.0,0.15,100.0,481.65,247.0,565.05,190.0,59.15,2.47,1.9,False,50.0,50.0,-32.60000000000005
DEV_75,DEVELOPMENT,2023-07-13,2023-07-20,2023-08-10,1,D+1,2023-07-14,EXECUTABLE,GATE_FAIL,19493.44921875,19500.0,1.581769680622483,6.55078125,0.033605039192853854,-3252.5000000000027,90.15,0.15,84.25,481.65,258.25,565.05,174.7,59.15,3.065281899109792,1.9378813089295617,False,50.0,50.0,-65.05000000000004
DEV_75,DEVELOPMENT,2023-07-13,2023-07-20,2023-08-10,2,D+2,2023-07-17,EXECUTABLE,GATE_FAIL,19612.150390625,19600.0,1.3500304539671368,12.150390625,0.061953382892720066,-1640.0000000000018,83.8,0.15,82.0,381.95,238.05,485.2,180.2,76.55,2.903048780487805,2.1503579952267304,False,50.0,50.0,-32.8
DEV_75,DEVELOPMENT,2023-07-13,2023-07-20,2023-08-10,3,D+3,2023-07-18,EXECUTABLE,GATE_FAIL,19787.5,19800.0,2.8981063829787237,12.5,0.06317119393556538,-3232.4999999999986,127.3,0.35,47.0,180.45,214.0,335.85,200.0,126.1,4.553191489361702,1.5710919088766693,False,50.0,50.0,-64.64999999999995
DEV_75,DEVELOPMENT,2023-07-13,2023-07-20,2023-08-10,4,D+4,2023-07-19,EXECUTABLE,GATE_FAIL,19802.94921875,19800.0,1.6295921052631577,2.94921875,0.014892825898920123,-1534.9999999999977,81.0,0.35,60.0,180.45,229.35,335.85,190.0,126.1,3.8225,2.345679012345679,False,50.0,50.0,-30.69999999999996
DEV_75,DEVELOPMENT,2023-07-13,2023-07-20,2023-08-10,5,D+5,2023-07-20,EXECUTABLE,GATE_FAIL,19831.69921875,19850.0,1.7454208494208494,18.30078125,0.0922804498401096,-1815.0,60.0,0.4,43.75,130.05,235.45,303.0,185.0,142.95,5.381714285714286,3.0833333333333335,False,50.0,50.0,-36.29999999999998
DEV_76,DEVELOPMENT,2023-07-20,2023-07-27,2023-08-17,-1,D-1,2023-07-19,EXECUTABLE,GATE_FAIL,19802.94921875,19800.0,1.2826114178949555,2.94921875,0.014892825898920123,3680.000000000002,135.3,156.9,125.0,0.3,285.4,181.55,240.85,209.7,2.2832,1.7801182557280117,False,50.0,50.0,73.60000000000005
DEV_76,DEVELOPMENT,2023-07-20,2023-07-27,2023-08-17,0,D0,2023-07-20,EXECUTABLE,GATE_PASS,19831.69921875,19850.0,1.1024338895290118,18.30078125,0.0922804498401096,5627.5,124.0,206.15,128.4,0.25,250.0,168.9,219.0,235.65,1.9470404984423675,1.7661290322580645,True,50.0,50.0,112.55000000000001
DEV_76,DEVELOPMENT,2023-07-20,2023-07-27,2023-08-17,1,D+1,2023-07-21,EXECUTABLE,GATE_PASS,19800.44921875,19800.0,1.0068725497916309,0.44921875,0.002268730093126438,1837.5000000000011,70.0,156.9,130.05,0.3,326.05,181.55,174.3,209.7,2.507112648981161,2.49,True,50.0,50.0,36.75000000000003
DEV_76,DEVELOPMENT,2023-07-20,2023-07-27,2023-08-17,2,D+2,2023-07-24,EXECUTABLE,GATE_FAIL,19748.44921875,19750.0,1.3329194589228095,1.55078125,0.007852673558426166,2697.5000000000014,96.85,105.9,106.25,0.4,277.25,215.55,189.6,188.85,2.6094117647058823,1.9576664945792464,False,50.0,50.0,53.95000000000002
DEV_76,DEVELOPMENT,2023-07-20,2023-07-27,2023-08-17,3,D+3,2023-07-25,EXECUTABLE,GATE_FAIL,19729.349609375,19750.0,2.5258226500438656,20.650390625,0.10466838002195136,1312.500000000001,120.0,105.9,58.15,0.4,241.0,215.55,196.9,188.85,4.1444539982803095,1.6408333333333334,False,50.0,50.0,26.25000000000003
DEV_76,DEVELOPMENT,2023-07-20,2023-07-27,2023-08-17,4,D+4,2023-07-26,EXECUTABLE,GATE_FAIL,19733.349609375,19750.0,2.4294049848724972,16.650390625,0.08437690992455567,2030.000000000001,95.0,105.9,48.4,0.4,234.3,215.55,189.3,188.85,4.840909090909092,1.9926315789473685,False,50.0,50.0,40.60000000000002
DEV_76,DEVELOPMENT,2023-07-20,2023-07-27,2023-08-17,5,D+5,2023-07-27,EXECUTABLE,GATE_FAIL,19850.900390625,19850.0,2.8275697506466737,0.900390625,0.0045357671807432385,1572.4999999999995,69.0,206.15,35.1,0.25,242.15,168.9,168.35,235.65,6.898860398860399,2.439855072463768,False,50.0,50.0,31.44999999999999
DEV_77,DEVELOPMENT,2023-07-27,2023-08-03,2023-08-24,-1,D-1,2023-07-26,EXECUTABLE,GATE_PASS,19733.349609375,19700.0,0.767143554889716,33.349609375,0.1690012594676584,2047.499999999999,75.55,327.9,167.95,0.15,312.0,83.1,182.95,333.25,1.8576957427805896,2.4215751158173395,True,50.0,50.0,40.94999999999996
DEV_77,DEVELOPMENT,2023-07-27,2023-08-03,2023-08-24,0,D0,2023-07-27,EXECUTABLE,GATE_FAIL,19850.900390625,19900.0,1.5612569437824442,49.099609375,0.2473419764787511,4200.0,137.0,531.35,86.5,0.1,263.0,39.55,266.8,440.1,3.040462427745665,1.9474452554744526,False,50.0,50.0,84.0
DEV_77,DEVELOPMENT,2023-07-27,2023-08-03,2023-08-24,1,D+1,2023-07-28,EXECUTABLE,GATE_PASS,19659.75,19650.0,0.8103218721231583,9.75,0.04959371304314653,1482.499999999999,88.0,277.4,170.05,0.15,299.0,98.4,190.95,320.0,1.7583063804763304,2.1698863636363637,True,50.0,50.0,29.64999999999995
DEV_77,DEVELOPMENT,2023-07-27,2023-08-03,2023-08-24,2,D+2,2023-07-31,EXECUTABLE,GATE_FAIL,19666.349609375,19650.0,1.2281668891081066,16.349609375,0.08313494725633322,-97.50000000000182,85.0,277.4,95.0,0.15,249.0,98.4,181.4,320.0,2.6210526315789475,2.1341176470588237,False,50.0,50.0,-1.9499999999999886
DEV_77,DEVELOPMENT,2023-07-27,2023-08-03,2023-08-24,3,D+3,2023-08-01,EXECUTABLE,GATE_FAIL,19784.0,19800.0,1.8675495291400146,16.0,0.08087343307723413,1007.5,97.75,427.8,60.0,0.1,215.05,56.05,187.6,398.4,3.584166666666667,1.9191815856777492,False,50.0,50.0,20.150000000000006
DEV_77,DEVELOPMENT,2023-07-27,2023-08-03,2023-08-24,4,D+4,2023-08-02,EXECUTABLE,GATE_PASS,19655.400390625,19650.0,0.6639219440033067,5.400390625,0.027475352919169298,2772.499999999998,45.55,277.4,86.0,0.15,201.0,98.4,160.35,320.0,2.3372093023255816,3.5203073545554338,True,50.0,50.0,55.44999999999993
DEV_77,DEVELOPMENT,2023-07-27,2023-08-03,2023-08-24,5,D+5,2023-08-03,EXECUTABLE,GATE_PASS,19463.75,19450.0,0.7648591049017285,13.75,0.07064414616916062,3580.000000000001,38.0,79.2,59.45,0.25,221.85,185.85,185.4,178.2,3.7317073170731705,4.878947368421053,True,50.0,50.0,71.60000000000002
DEV_78,DEVELOPMENT,2023-08-03,2023-08-10,2023-08-31,-1,D-1,2023-08-02,EXECUTABLE,GATE_FAIL,19655.400390625,19650.0,1.2098077066470039,5.400390625,0.027475352919169298,-1392.4999999999989,99.0,111.05,140.35,0.2,295.0,142.55,172.0,199.6,2.1018881368008553,1.7373737373737375,False,50.0,50.0,-27.849999999999994
DEV_78,DEVELOPMENT,2023-08-03,2023-08-10,2023-08-31,0,D0,2023-08-03,EXECUTABLE,GATE_PASS,19463.75,19450.0,0.9839143002500315,13.75,0.07064414616916062,1357.5000000000005,104.95,0.25,150.05,87.3,265.45,260.7,188.7,114.85,1.769076974341886,1.7979990471653167,True,50.0,50.0,27.150000000000006
DEV_78,DEVELOPMENT,2023-08-03,2023-08-10,2023-08-31,1,D+1,2023-08-04,EXECUTABLE,GATE_PASS,19462.80078125,19450.0,0.9508232896538744,12.80078125,0.06577049929181811,2147.499999999999,80.0,0.25,101.2,87.3,219.75,260.7,182.7,114.85,2.1714426877470356,2.28375,True,50.0,50.0,42.94999999999999
DEV_78,DEVELOPMENT,2023-08-03,2023-08-10,2023-08-31,2,D+2,2023-08-07,EXECUTABLE,GATE_FAIL,19576.849609375,19600.0,1.5461898680289485,23.150390625,0.11825391259027548,1825.0000000000005,100.0,61.6,58.0,0.25,181.6,170.05,202.5,173.8,3.1310344827586207,2.025,False,50.0,50.0,36.50000000000001
DEV_78,DEVELOPMENT,2023-08-03,2023-08-10,2023-08-31,3,D+3,2023-08-08,EXECUTABLE,GATE_FAIL,19627.19921875,19650.0,1.5960089399744573,22.80078125,0.11616930666408204,642.4999999999998,90.65,111.05,60.0,0.2,193.0,142.55,182.7,199.6,3.216666666666667,2.0154440154440154,False,50.0,50.0,12.849999999999994
DEV_78,DEVELOPMENT,2023-08-03,2023-08-10,2023-08-31,4,D+4,2023-08-09,EXECUTABLE,GATE_FAIL,19578.80078125,19600.0,1.773292222222222,21.19921875,0.10827639030017519,760.0000000000006,85.3,61.6,50.0,0.25,187.1,170.05,180.0,173.8,3.742,2.1101992966002348,False,50.0,50.0,15.20000000000001
DEV_78,DEVELOPMENT,2023-08-03,2023-08-10,2023-08-31,5,D+5,2023-08-10,EXECUTABLE,GATE_PASS,19605.55078125,19600.0,0.834726744697703,5.55078125,0.028312294369758566,1464.9999999999993,35.0,61.6,55.0,0.25,203.25,170.05,154.95,173.8,3.6954545454545453,4.427142857142857,True,50.0,50.0,29.299999999999983
DEV_79,DEVELOPMENT,2023-08-10,2023-08-17,2023-09-07,-1,D-1,2023-08-09,EXECUTABLE,GATE_FAIL,19578.80078125,19600.0,1.3283925056242971,21.19921875,0.10827639030017519,747.4999999999991,125.05,227.1,101.6,0.1,226.65,100.15,210.0,272.1,2.2308070866141736,1.679328268692523,False,50.0,50.0,14.949999999999989
DEV_79,DEVELOPMENT,2023-08-10,2023-08-17,2023-09-07,0,D0,2023-08-10,EXECUTABLE,GATE_PASS,19605.55078125,19600.0,0.84388598523896,5.55078125,0.028312294369758566,1714.999999999999,80.5,227.1,139.4,0.1,252.3,100.15,172.65,272.1,1.809899569583931,2.14472049689441,True,50.0,50.0,34.299999999999955
DEV_79,DEVELOPMENT,2023-08-10,2023-08-17,2023-09-07,1,D+1,2023-08-11,EXECUTABLE,GATE_PASS,19554.25,19550.0,0.9408949034933285,4.25,0.021734405564007825,2560.000000000001,95.05,177.0,111.0,0.1,230.25,121.25,209.55,242.2,2.074324324324324,2.2046291425565494,True,50.0,50.0,51.200000000000045
DEV_79,DEVELOPMENT,2023-08-10,2023-08-17,2023-09-07,2,D+2,2023-08-14,EXECUTABLE,GATE_PASS,19383.94921875,19400.0,0.7833252615976166,16.05078125,0.08280449493993802,3197.5,75.0,27.75,113.0,0.8,213.5,196.0,180.9,164.4,1.8893805309734513,2.412,True,50.0,50.0,63.95
DEV_79,DEVELOPMENT,2023-08-10,2023-08-17,2023-09-07,3,D+3,2023-08-16,EXECUTABLE,GATE_PASS,19369.0,19350.0,0.7149378474837793,19.0,0.09809489390262792,2539.999999999999,44.35,0.7,77.7,22.15,214.75,226.75,171.45,144.55,2.7638352638352637,3.8658399098083422,True,50.0,50.0,50.79999999999998
DEV_79,DEVELOPMENT,2023-08-10,2023-08-17,2023-09-07,4,D+4,2023-08-17,EXECUTABLE,GATE_FAIL,19450.55078125,19450.0,1.8760066892846976,0.55078125,0.00283170001813493,-65.0,57.0,77.25,38.85,0.15,200.3,169.8,156.65,186.4,5.155727155727156,2.748245614035088,False,50.0,50.0,-1.2999999999999972
DEV_79,DEVELOPMENT,2023-08-10,2023-08-17,2023-09-07,5,D+5,2023-08-18,AFTER_NEAR_EXPIRY,,,,,,,,,,,,,,,,,,,,,
DEV_80,DEVELOPMENT,2023-08-17,2023-08-24,2023-09-14,-1,D-1,2023-08-16,EXECUTABLE,GATE_FAIL,19369.0,19400.0,1.445670689950351,31.0,0.1600495637358666,-257.50000000000045,132.25,8.45,120.0,2.9,255.4,214.5,194.7,152.25,2.1283333333333334,1.472211720226843,False,50.0,50.0,-5.15000000000002
DEV_80,DEVELOPMENT,2023-08-17,2023-08-24,2023-09-14,0,D0,2023-08-17,EXECUTABLE,GATE_FAIL,19450.55078125,19500.0,1.9763702121879554,49.44921875,0.25423042928773104,-482.50000000000136,154.95,106.8,82.85,0.15,222.55,162.1,210.6,194.35,2.686179843089922,1.3591481122942886,False,50.0,50.0,-9.65000000000002
DEV_80,DEVELOPMENT,2023-08-17,2023-08-24,2023-09-14,1,D+1,2023-08-18,EXECUTABLE,GATE_PASS,19301.75,19300.0,1.0059252157238734,1.75,0.009066535417773,1602.4999999999986,95.0,0.15,140.0,93.6,276.1,282.5,186.25,112.15,1.9721428571428572,1.9605263157894737,True,50.0,50.0,32.04999999999998
DEV_80,DEVELOPMENT,2023-08-17,2023-08-24,2023-09-14,2,D+2,2023-08-21,EXECUTABLE,GATE_FAIL,19320.650390625,19300.0,1.6803607947600463,20.650390625,0.10688248173581275,-1620.0000000000014,93.2,0.15,94.75,93.6,267.35,282.5,156.5,112.15,2.8216358839050133,1.6791845493562232,False,50.0,50.0,-32.40000000000002
DEV_80,DEVELOPMENT,2023-08-17,2023-08-24,2023-09-14,3,D+3,2023-08-22,EXECUTABLE,GATE_FAIL,19417.099609375,19400.0,1.6796379310344827,17.099609375,0.08806469410469489,-957.4999999999994,63.0,8.45,58.0,2.9,231.95,214.5,150.0,152.25,3.9991379310344826,2.380952380952381,False,50.0,50.0,-19.149999999999984
DEV_80,DEVELOPMENT,2023-08-17,2023-08-24,2023-09-14,4,D+4,2023-08-23,EXECUTABLE,GATE_FAIL,19439.19921875,19400.0,1.7079369367630886,39.19921875,0.2016503782326103,115.00000000000045,66.05,8.45,50.05,2.9,217.75,214.5,168.25,152.25,4.350649350649351,2.5473126419379257,False,50.0,50.0,2.3000000000000043
DEV_80,DEVELOPMENT,2023-08-17,2023-08-24,2023-09-14,5,D+5,2023-08-24,EXECUTABLE,GATE_FAIL,19535.150390625,19550.0,4.763733333333333,14.849609375,0.07601481984047787,-1732.4999999999995,88.0,157.1,25.0,0.15,203.0,139.65,150.0,215.25,8.12,1.7045454545454546,False,50.0,50.0,-34.650000000000006
DEV_81,DEVELOPMENT,2023-08-24,2023-08-31,2023-09-21,-1,D-1,2023-08-23,EXECUTABLE,GATE_FAIL,19439.19921875,19400.0,1.550660881848451,39.19921875,0.2016503782326103,2987.500000000001,119.6,145.15,106.0,0.15,257.0,184.05,187.0,185.7,2.4245283018867925,1.5635451505016724,False,50.0,50.0,59.75000000000003
DEV_81,DEVELOPMENT,2023-08-24,2023-08-31,2023-09-21,0,D0,2023-08-24,EXECUTABLE,GATE_FAIL,19535.150390625,19500.0,1.3403072899640407,35.150390625,0.1799340671667868,3209.9999999999995,82.0,244.85,95.0,0.15,250.0,133.65,161.0,238.15,2.6315789473684212,1.9634146341463414,False,50.0,50.0,64.19999999999999
DEV_81,DEVELOPMENT,2023-08-24,2023-08-31,2023-09-21,1,D+1,2023-08-25,EXECUTABLE,GATE_PASS,19297.400390625,19300.0,0.9674887387387388,2.599609375,0.013471293139893255,5127.5,81.05,44.35,120.0,1.05,265.0,245.5,185.0,145.2,2.2083333333333335,2.282541640962369,True,50.0,50.0,102.55000000000001
DEV_81,DEVELOPMENT,2023-08-24,2023-08-31,2023-09-21,2,D+2,2023-08-28,EXECUTABLE,GATE_FAIL,19298.349609375,19300.0,2.065668135095448,1.650390625,0.00855197806240515,1714.9999999999998,109.9,44.35,75.0,1.05,256.0,245.5,181.6,145.2,3.4133333333333336,1.6524112829845312,False,50.0,50.0,34.3
DEV_81,DEVELOPMENT,2023-08-24,2023-08-31,2023-09-21,3,D+3,2023-08-29,EXECUTABLE,GATE_FAIL,19374.849609375,19350.0,1.6596453201970445,24.849609375,0.12825704393068374,2820.0,68.2,94.15,58.0,0.2,247.0,210.9,175.0,166.25,4.258620689655173,2.565982404692082,False,50.0,50.0,56.400000000000006
DEV_81,DEVELOPMENT,2023-08-24,2023-08-31,2023-09-21,4,D+4,2023-08-30,EXECUTABLE,GATE_FAIL,19433.44921875,19450.0,3.2087352763810824,16.55078125,0.08516646254454556,3802.499999999999,79.95,195.8,28.15,0.15,195.0,159.4,172.6,204.8,6.927175843694494,2.1588492808005,False,50.0,50.0,76.05000000000001
DEV_81,DEVELOPMENT,2023-08-24,2023-08-31,2023-09-21,5,D+5,2023-08-31,EXECUTABLE,GATE_FAIL,19375.55078125,19400.0,5.8735774058577395,24.44921875,0.1261859289887122,3547.5000000000014,62.95,145.15,12.0,0.15,200.7,184.05,179.25,185.7,16.724999999999998,2.847498014297061,False,50.0,50.0,70.95000000000003
DEV_82,DEVELOPMENT,2023-08-31,2023-09-07,2023-09-28,-1,D-1,2023-08-30,EXECUTABLE,GATE_PASS,19433.44921875,19450.0,1.171521862908005,16.55078125,0.08516646254454556,-250.0,99.0,0.15,104.95,278.95,252.05,390.55,202.95,73.6,2.4016198189614104,2.05,True,50.0,50.0,-5.000000000000028
DEV_82,DEVELOPMENT,2023-08-31,2023-09-07,2023-09-28,0,D0,2023-08-31,EXECUTABLE,GATE_FAIL,19375.55078125,19400.0,1.3636830753615832,24.44921875,0.1261859289887122,-1060.0,111.35,0.15,102.0,328.8,246.15,429.45,197.05,63.55,2.413235294117647,1.769645262685227,False,50.0,50.0,-21.200000000000017
DEV_82,DEVELOPMENT,2023-08-31,2023-09-07,2023-09-28,1,D+1,2023-09-01,EXECUTABLE,GATE_PASS,19258.150390625,19250.0,0.8108463733900492,8.150390625,0.0423217726504393,-1012.4999999999991,70.0,0.1,174.9,477.9,320.0,556.6,157.95,41.9,1.8296169239565465,2.2564285714285712,True,50.0,50.0,-20.24999999999997
DEV_82,DEVELOPMENT,2023-08-31,2023-09-07,2023-09-28,2,D+2,2023-09-04,EXECUTABLE,GATE_FAIL,19525.05078125,19550.0,2.391951252467053,24.94921875,0.12778055754896603,-1882.499999999999,120.05,0.2,51.55,180.5,206.45,313.75,201.0,97.15,4.004849660523763,1.674302374010829,False,50.0,50.0,-37.64999999999998
DEV_82,DEVELOPMENT,2023-08-31,2023-09-07,2023-09-28,3,D+3,2023-09-05,EXECUTABLE,GATE_FAIL,19564.650390625,19550.0,1.4457710612006345,14.650390625,0.07488194438690396,-1137.499999999999,64.0,0.2,59.0,180.5,216.45,313.75,162.4,97.15,3.66864406779661,2.5375,False,50.0,50.0,-22.75
DEV_82,DEVELOPMENT,2023-08-31,2023-09-07,2023-09-28,4,D+4,2023-09-06,EXECUTABLE,GATE_FAIL,19581.19921875,19600.0,2.122611423343354,18.80078125,0.09601445263882148,-1275.0000000000018,61.5,0.2,35.0,130.8,198.05,278.25,163.95,112.55,5.658571428571429,2.665853658536585,False,50.0,50.0,-25.500000000000043
DEV_82,DEVELOPMENT,2023-08-31,2023-09-07,2023-09-28,5,D+5,2023-09-07,EXECUTABLE,GATE_FAIL,19598.650390625,19600.0,1.4358093368237348,1.349609375,0.0068862362871965135,-257.50000000000114,35.0,0.2,30.0,130.8,188.05,278.25,152.8,112.55,6.2683333333333335,4.365714285714286,False,50.0,50.0,-5.15000000000002
DEV_83,DEVELOPMENT,2023-09-07,2023-09-14,2023-10-05,-1,D-1,2023-09-06,EXECUTABLE,GATE_FAIL,19581.19921875,19600.0,1.6003159557661926,18.80078125,0.09601445263882148,-600.0000000000027,105.0,0.1,94.95,499.4,253.25,619.3,175.0,43.7,2.667193259610321,1.6666666666666667,False,50.0,50.0,-12.000000000000057
DEV_83,DEVELOPMENT,2023-09-07,2023-09-14,2023-10-05,0,D0,2023-09-07,EXECUTABLE,GATE_FAIL,19598.650390625,19600.0,1.2584889823845646,1.349609375,0.0068862362871965135,1057.4999999999973,84.35,0.1,88.2,499.4,245.75,619.3,186.75,43.7,2.7862811791383217,2.213989330171903,False,50.0,50.0,21.149999999999977
DEV_83,DEVELOPMENT,2023-09-07,2023-09-14,2023-10-05,1,D+1,2023-09-08,EXECUTABLE,GATE_FAIL,19774.80078125,19800.0,1.2535576155687886,25.19921875,0.12743096139756466,8140.0,120.0,0.1,65.0,300.6,212.7,482.95,313.25,65.2,3.272307692307692,2.6104166666666666,False,50.0,50.0,162.8
DEV_83,DEVELOPMENT,2023-09-07,2023-09-14,2023-10-05,2,D+2,2023-09-11,EXECUTABLE,GATE_FAIL,19890.0,19900.0,1.8566973145935437,10.0,0.050276520864756154,1105.000000000001,100.0,0.1,70.0,200.35,229.2,388.6,176.35,83.4,3.274285714285714,1.7634999999999998,False,50.0,50.0,22.100000000000023
DEV_83,DEVELOPMENT,2023-09-07,2023-09-14,2023-10-05,3,D+3,2023-09-12,EXECUTABLE,GATE_FAIL,20110.150390625,20100.0,1.7315892012246032,10.150390625,0.05047396676720993,2605.000000000001,84.0,4.25,60.0,4.6,222.2,257.3,179.65,138.3,3.703333333333333,2.1386904761904764,False,50.0,50.0,52.100000000000016
DEV_83,DEVELOPMENT,2023-09-07,2023-09-14,2023-10-05,4,D+4,2023-09-13,EXECUTABLE,GATE_FAIL,19989.5,20000.0,1.5432051636698938,10.5,0.05252757697791341,2360.0000000000005,69.85,0.15,60.0,99.9,239.6,325.05,180.75,109.4,3.993333333333333,2.5876879026485327,False,50.0,50.0,47.20000000000002
DEV_83,DEVELOPMENT,2023-09-07,2023-09-14,2023-10-05,5,D+5,2023-09-14,EXECUTABLE,GATE_FAIL,20127.94921875,20150.0,2.4774535809018565,22.05078125,0.10955304492451126,1627.5,70.0,50.35,35.0,0.4,233.5,220.35,188.5,157.75,6.671428571428572,2.692857142857143,False,50.0,50.0,32.55
DEV_84,DEVELOPMENT,2023-09-14,2023-09-21,2023-10-12,-1,D-1,2023-09-13,EXECUTABLE,GATE_FAIL,19989.5,20000.0,1.5823310123537917,10.5,0.05252757697791341,465.0000000000018,121.0,258.25,119.55,0.1,297.9,123.1,190.55,263.15,2.491844416562108,1.5747933884297522,False,50.0,50.0,9.30000000000004
DEV_84,DEVELOPMENT,2023-09-14,2023-09-21,2023-10-12,0,D0,2023-09-14,EXECUTABLE,GATE_FAIL,20127.94921875,20150.0,1.760751462375398,22.05078125,0.10955304492451126,460.0,129.5,408.55,105.4,0.05,277.3,72.6,193.5,364.0,2.630929791271347,1.494208494208494,False,50.0,50.0,9.200000000000017
DEV_84,DEVELOPMENT,2023-09-14,2023-09-21,2023-10-12,1,D+1,2023-09-15,EXECUTABLE,GATE_FAIL,20156.44921875,20150.0,1.4872991639403854,6.44921875,0.031995807793372584,-1.8189894035458565e-12,85.0,408.55,105.0,0.05,300.85,72.6,163.75,364.0,2.8652380952380954,1.9264705882352942,False,50.0,50.0,-2.842170943040401e-14
DEV_84,DEVELOPMENT,2023-09-14,2023-09-21,2023-10-12,2,D+2,2023-09-18,EXECUTABLE,GATE_PASS,20155.94921875,20150.0,1.1482039091389329,5.94921875,0.0295159443270762,1495.0,74.95,408.55,120.0,0.05,290.0,72.6,157.75,364.0,2.4166666666666665,2.104736490993996,True,50.0,50.0,29.900000000000006
DEV_84,DEVELOPMENT,2023-09-14,2023-09-21,2023-10-12,3,D+3,2023-09-20,EXECUTABLE,GATE_FAIL,19980.75,20000.0,1.4485027280801932,19.25,0.0963427298775071,-912.4999999999991,49.85,258.25,88.75,0.1,286.25,123.1,111.0,263.15,3.2253521126760565,2.226680040120361,False,50.0,50.0,-18.24999999999997
DEV_84,DEVELOPMENT,2023-09-14,2023-09-21,2023-10-12,4,D+4,2023-09-21,EXECUTABLE,GATE_PASS,19840.55078125,19800.0,0.6350921349966012,40.55078125,0.20438334448014353,1394.9999999999998,24.4,58.15,79.0,0.2,283.35,225.6,137.8,164.7,3.586708860759494,5.647540983606558,True,50.0,50.0,27.89999999999999
DEV_84,DEVELOPMENT,2023-09-14,2023-09-21,2023-10-12,5,D+5,2023-09-22,AFTER_NEAR_EXPIRY,,,,,,,,,,,,,,,,,,,,,
DEV_85,DEVELOPMENT,2023-09-21,2023-09-28,2023-10-19,-1,D-1,2023-09-20,EXECUTABLE,GATE_PASS,19980.75,20000.0,0.9571697944481677,19.25,0.0963427298775071,1090.0000000000018,74.8,478.05,140.5,0.1,332.7,74.65,185.05,448.85,2.3679715302491102,2.4739304812834226,True,50.0,50.0,21.80000000000001
DEV_85,DEVELOPMENT,2023-09-21,2023-09-28,2023-10-19,0,D0,2023-09-21,EXECUTABLE,GATE_PASS,19840.55078125,19850.0,0.575428433502293,9.44921875,0.04762578848834093,6505.0,80.0,328.05,195.0,0.2,290.55,119.15,207.15,348.5,1.49,2.589375,True,50.0,50.0,130.10000000000005
DEV_85,DEVELOPMENT,2023-09-21,2023-09-28,2023-10-19,1,D+1,2023-09-22,EXECUTABLE,GATE_FAIL,19744.849609375,19750.0,1.466966370515342,5.150390625,0.02608472957198193,-522.5000000000009,103.0,227.45,121.0,0.2,294.0,160.75,170.6,293.05,2.4297520661157024,1.6563106796116505,False,50.0,50.0,-10.450000000000017
DEV_85,DEVELOPMENT,2023-09-21,2023-09-28,2023-10-19,2,D+2,2023-09-25,EXECUTABLE,GATE_FAIL,19678.19921875,19700.0,1.209556191059916,21.80078125,0.11078646479616659,1474.999999999999,80.0,177.3,100.25,0.25,260.25,181.8,171.7,261.05,2.596009975062344,2.1462499999999998,False,50.0,50.0,29.5
DEV_85,DEVELOPMENT,2023-09-21,2023-09-28,2023-10-19,3,D+3,2023-09-26,EXECUTABLE,GATE_FAIL,19682.80078125,19700.0,1.6379657378002415,17.19921875,0.08738196835474817,-399.9999999999982,76.0,177.3,75.05,0.25,274.65,181.8,169.8,261.05,3.659560293137908,2.2342105263157896,False,50.0,50.0,-7.999999999999943
DEV_85,DEVELOPMENT,2023-09-21,2023-09-28,2023-10-19,4,D+4,2023-09-27,EXECUTABLE,GATE_FAIL,19637.05078125,19650.0,1.6309638735799334,12.94921875,0.06594278791784901,-75.00000000000091,65.0,127.0,70.8,0.25,246.4,208.15,138.7,234.5,3.4802259887005653,2.1338461538461537,False,50.0,50.0,-1.5
DEV_85,DEVELOPMENT,2023-09-21,2023-09-28,2023-10-19,5,D+5,2023-09-28,EXECUTABLE,GATE_FAIL,19761.80078125,19750.0,2.568633952254642,11.80078125,0.05971511088805522,-227.5,57.15,227.45,32.0,0.2,244.0,160.75,169.65,293.05,7.625,2.968503937007874,False,50.0,50.0,-4.550000000000011
DEV_86,DEVELOPMENT,2023-09-28,2023-10-05,2023-10-26,-1,D-1,2023-09-27,EXECUTABLE,GATE_PASS,19637.05078125,19650.0,0.9997013216269035,12.94921875,0.06594278791784901,-1742.499999999997,92.65,103.9,142.3,0.1,297.95,145.05,194.05,229.45,2.0938158819395642,2.094441446303292,True,50.0,50.0,-34.84999999999994
DEV_86,DEVELOPMENT,2023-09-28,2023-10-05,2023-10-26,0,D0,2023-09-28,EXECUTABLE,GATE_FAIL,19761.80078125,19750.0,1.240168125694563,11.80078125,0.05971511088805522,-2519.999999999999,104.45,203.8,121.05,0.05,286.95,103.75,199.65,287.2,2.3705080545229245,1.9114408808042125,False,50.0,50.0,-50.39999999999995
DEV_86,DEVELOPMENT,2023-09-28,2023-10-05,2023-10-26,1,D+1,2023-09-29,EXECUTABLE,GATE_FAIL,19581.19921875,19600.0,1.3748505414189722,18.80078125,0.09601445263882148,-2575.000000000002,130.0,54.05,119.0,0.15,282.6,169.7,224.55,206.05,2.3747899159663866,1.7273076923076924,False,50.0,50.0,-51.50000000000004
DEV_86,DEVELOPMENT,2023-09-28,2023-10-05,2023-10-26,2,D+2,2023-10-03,EXECUTABLE,GATE_PASS,19622.400390625,19600.0,0.6966798235430696,22.400390625,0.1141572395786106,1142.4999999999982,60.0,54.05,100.0,0.15,250.05,169.7,215.35,206.05,2.5005,3.5891666666666664,True,50.0,50.0,22.84999999999995
DEV_86,DEVELOPMENT,2023-09-28,2023-10-05,2023-10-26,3,D+3,2023-10-04,EXECUTABLE,GATE_PASS,19446.30078125,19450.0,0.819348868799722,3.69921875,0.0190227374944584,1639.9999999999982,50.05,0.1,60.2,96.05,217.65,256.45,220.85,141.05,3.6154485049833887,4.4125874125874125,True,50.0,50.0,32.79999999999998
DEV_86,DEVELOPMENT,2023-09-28,2023-10-05,2023-10-26,4,D+4,2023-10-05,EXECUTABLE,GATE_PASS,19521.849609375,19500.0,1.1519476268412436,21.849609375,0.11192386895812956,-377.49999999999955,48.0,0.2,47.0,46.15,219.95,225.85,195.0,161.5,4.679787234042553,4.0625,True,50.0,50.0,-7.54999999999999
DEV_86,DEVELOPMENT,2023-09-28,2023-10-05,2023-10-26,5,D+5,2023-10-06,AFTER_NEAR_EXPIRY,,,,,,,,,,,,,,,,,,,,,
DEV_87,DEVELOPMENT,2023-10-05,2023-10-12,2023-11-02,-1,D-1,2023-10-04,EXECUTABLE,GATE_FAIL,19446.30078125,19450.0,1.2891156955684009,3.69921875,0.0190227374944584,2520.0000000000036,136.5,0.1,131.05,348.05,281.75,519.7,227.65,61.8,2.149942769935139,1.6677655677655678,False,50.0,50.0,50.40000000000009
DEV_87,DEVELOPMENT,2023-10-05,2023-10-12,2023-11-02,0,D0,2023-10-05,EXECUTABLE,GATE_FAIL,19521.849609375,19500.0,1.2844765555401179,21.849609375,0.11192386895812956,1582.4999999999982,104.55,0.1,124.85,296.05,281.85,475.75,183.75,70.35,2.257509010812976,1.757532281205165,False,50.0,50.0,31.64999999999995
DEV_87,DEVELOPMENT,2023-10-05,2023-10-12,2023-11-02,1,D+1,2023-10-06,EXECUTABLE,GATE_FAIL,19621.19921875,19600.0,1.7949863725676616,21.19921875,0.10804242143233553,-99.99999999999909,110.0,0.1,87.65,196.2,257.45,384.75,180.0,90.85,2.937250427837992,1.6363636363636365,False,50.0,50.0,-1.9999999999999716
DEV_87,DEVELOPMENT,2023-10-05,2023-10-12,2023-11-02,2,D+2,2023-10-09,EXECUTABLE,GATE_PASS,19539.44921875,19550.0,0.877144286071518,10.55078125,0.053997331920059954,4477.499999999998,84.0,0.1,120.0,246.6,250.55,430.2,199.95,79.55,2.0879166666666666,2.3803571428571426,True,50.0,50.0,89.54999999999997
DEV_87,DEVELOPMENT,2023-10-05,2023-10-12,2023-11-02,3,D+3,2023-10-10,EXECUTABLE,GATE_FAIL,19565.599609375,19550.0,1.5331256381997054,15.599609375,0.07972977923725544,332.5000000000009,80.0,0.1,85.2,246.6,265.0,430.2,162.3,79.55,3.1103286384976525,2.02875,False,50.0,50.0,6.65000000000002
DEV_87,DEVELOPMENT,2023-10-05,2023-10-12,2023-11-02,4,D+4,2023-10-11,EXECUTABLE,GATE_FAIL,19767.0,19750.0,1.767267085262673,17.0,0.08600192239591238,-470.00000000000205,70.0,0.25,65.0,46.6,260.35,280.95,158.65,137.3,4.0053846153846155,2.2664285714285715,False,50.0,50.0,-9.400000000000041
DEV_87,DEVELOPMENT,2023-10-05,2023-10-12,2023-11-02,5,D+5,2023-10-12,EXECUTABLE,GATE_PASS,19822.69921875,19800.0,0.8188435725348476,22.69921875,0.11451124036896622,917.5000000000001,30.0,4.75,65.0,1.65,264.35,247.3,149.0,151.7,4.066923076923077,4.966666666666667,True,50.0,50.0,18.35
DEV_88,DEVELOPMENT,2023-10-12,2023-10-19,2023-11-09,-1,D-1,2023-10-11,EXECUTABLE,GATE_FAIL,19767.0,19750.0,1.4583034868195974,17.0,0.08600192239591238,-2479.999999999998,113.55,116.75,139.25,0.1,318.15,165.55,177.9,217.25,2.284739676840215,1.5667107001321006,False,50.0,50.0,-49.59999999999994
DEV_88,DEVELOPMENT,2023-10-12,2023-10-19,2023-11-09,0,D0,2023-10-12,EXECUTABLE,GATE_PASS,19822.69921875,19800.0,1.1898676499587422,22.69921875,0.11451124036896622,-447.50000000000045,105.0,167.1,147.55,0.1,310.75,143.55,185.85,237.15,2.1060657404269736,1.77,True,50.0,50.0,-8.949999999999989
DEV_88,DEVELOPMENT,2023-10-12,2023-10-19,2023-11-09,1,D+1,2023-10-13,EXECUTABLE,GATE_PASS,19654.55078125,19650.0,0.9075891368831371,4.55078125,0.023153829872017948,247.49999999999926,70.0,16.9,131.0,0.75,303.35,222.05,178.6,169.5,2.3156488549618324,2.551428571428571,True,50.0,50.0,4.949999999999989
DEV_88,DEVELOPMENT,2023-10-12,2023-10-19,2023-11-09,2,D+2,2023-10-16,EXECUTABLE,GATE_FAIL,19737.25,19750.0,1.4355012827090816,12.75,0.06459866496092413,315.0000000000002,111.0,116.75,93.75,0.1,236.3,165.55,194.9,217.25,2.5205333333333333,1.755855855855856,False,50.0,50.0,6.300000000000011
DEV_88,DEVELOPMENT,2023-10-12,2023-10-19,2023-11-09,3,D+3,2023-10-17,EXECUTABLE,GATE_FAIL,19843.19921875,19850.0,1.7421634272185926,6.80078125,0.03427260481048785,1942.5000000000005,100.0,218.45,55.5,0.1,241.0,119.45,249.25,262.7,4.342342342342342,2.4925,False,50.0,50.0,38.85000000000001
DEV_88,DEVELOPMENT,2023-10-12,2023-10-19,2023-11-09,4,D+4,2023-10-18,EXECUTABLE,GATE_PASS,19820.44921875,19800.0,1.187189225576586,20.44921875,0.10317232734894419,740.0,58.65,167.1,70.1,0.1,237.25,143.55,167.2,237.15,3.3844507845934384,2.8508098891730604,True,50.0,50.0,14.799999999999983
DEV_88,DEVELOPMENT,2023-10-12,2023-10-19,2023-11-09,5,D+5,2023-10-19,EXECUTABLE,GATE_PASS,19545.19921875,19550.0,0.9917004233148811,4.80078125,0.024562457492858604,-532.4999999999995,30.85,0.15,50.0,82.9,246.8,280.55,153.55,134.35,4.936,4.977309562398704,True,50.0,50.0,-10.649999999999991
DEV_89,DEVELOPMENT,2023-10-19,2023-10-26,2023-11-16,-1,D-1,2023-10-18,EXECUTABLE,GATE_PASS,19820.44921875,19800.0,1.1997913406364111,20.44921875,0.10317232734894419,3417.5,115.0,946.55,135.0,0.1,260.0,17.8,184.6,840.5,1.9259259259259258,1.6052173913043477,True,50.0,50.0,68.35000000000002
DEV_89,DEVELOPMENT,2023-10-19,2023-10-26,2023-11-16,0,D0,2023-10-19,EXECUTABLE,GATE_FAIL,19545.19921875,19500.0,1.2259727832275435,45.19921875,0.23125483779484693,-332.5,94.75,646.4,150.0,0.1,336.35,40.35,173.3,585.5,2.2423333333333333,1.829023746701847,False,50.0,50.0,-6.650000000000034
DEV_89,DEVELOPMENT,2023-10-19,2023-10-26,2023-11-16,1,D+1,2023-10-20,EXECUTABLE,GATE_PASS,19542.150390625,19550.0,1.1321347985347985,7.849609375,0.040167582472222255,1432.5,91.55,695.25,125.0,0.1,274.3,33.9,177.45,637.0,2.1944,1.9382850901146913,True,50.0,50.0,28.650000000000034
DEV_89,DEVELOPMENT,2023-10-19,2023-10-26,2023-11-16,2,D+2,2023-10-23,EXECUTABLE,GATE_PASS,19521.599609375,19500.0,1.1542868835686515,21.599609375,0.11064466953121536,950.0,74.0,646.4,111.0,0.1,282.05,40.35,162.9,585.5,2.540990990990991,2.2013513513513514,True,50.0,50.0,18.999999999999886
DEV_89,DEVELOPMENT,2023-10-19,2023-10-26,2023-11-16,3,D+3,2023-10-25,EXECUTABLE,GATE_FAIL,19286.44921875,19300.0,2.2186962996906865,13.55078125,0.07026063271836544,-1520.0000000000036,107.0,444.05,68.8,0.15,289.6,78.6,203.0,428.1,4.209302325581396,1.897196261682243,False,50.0,50.0,-30.400000000000063
DEV_89,DEVELOPMENT,2023-10-19,2023-10-26,2023-11-16,4,D+4,2023-10-26,EXECUTABLE,GATE_PASS,19027.25,19050.0,1.1984707117529367,22.75,0.11956536020707144,3825.000000000001,50.0,193.7,42.6,0.15,242.0,169.25,237.0,273.9,5.68075117370892,4.74,True,50.0,50.0,76.5
DEV_89,DEVELOPMENT,2023-10-19,2023-10-26,2023-11-16,5,D+5,2023-10-27,AFTER_NEAR_EXPIRY,,,,,,,,,,,,,,,,,,,,,
DEV_90,DEVELOPMENT,2023-10-26,2023-11-02,2023-11-23,-1,D-1,2023-10-25,EXECUTABLE,GATE_FAIL,19286.44921875,19300.0,1.416692599728314,13.55078125,0.07026063271836544,-547.499999999998,132.5,166.5,150.15,0.1,323.65,146.0,201.6,218.95,2.1555111555111552,1.5215094339622641,False,50.0,50.0,-10.94999999999996
DEV_90,DEVELOPMENT,2023-10-26,2023-11-02,2023-11-23,0,D0,2023-10-26,EXECUTABLE,GATE_PASS,19027.25,19050.0,0.9966522682601942,22.75,0.11956536020707144,4882.5,121.0,0.15,117.75,84.5,276.95,293.7,285.55,117.05,2.352016985138004,2.359917355371901,True,50.0,50.0,97.65
DEV_90,DEVELOPMENT,2023-10-26,2023-11-02,2023-11-23,1,D+1,2023-10-27,EXECUTABLE,GATE_FAIL,18928.75,18950.0,1.7893151105403027,21.25,0.112263091857624,-970.0000000000027,148.0,0.1,116.0,184.05,299.35,372.7,213.45,90.25,2.580603448275862,1.4422297297297297,False,50.0,50.0,-19.400000000000063
DEV_90,DEVELOPMENT,2023-10-26,2023-11-02,2023-11-23,2,D+2,2023-10-30,EXECUTABLE,GATE_PASS,19053.400390625,19050.0,1.1429141482239167,3.400390625,0.017846633961847158,3625.0000000000005,103.35,0.15,95.0,84.5,237.85,293.7,226.4,117.05,2.5036842105263157,2.1906144170295114,True,50.0,50.0,72.50000000000001
DEV_90,DEVELOPMENT,2023-10-26,2023-11-02,2023-11-23,3,D+3,2023-10-31,EXECUTABLE,GATE_FAIL,19232.94921875,19250.0,1.725165562913907,17.05078125,0.08865401273652494,2380.0,104.2,116.15,60.0,0.1,210.0,172.75,211.4,198.4,3.5,2.0287907869481767,False,50.0,50.0,47.599999999999994
DEV_90,DEVELOPMENT,2023-10-26,2023-11-02,2023-11-23,4,D+4,2023-11-01,EXECUTABLE,GATE_PASS,19064.05078125,19050.0,0.7704117834161142,14.05078125,0.07370302047149033,2637.499999999999,57.25,0.15,115.0,84.5,275.0,293.7,177.7,117.05,2.391304347826087,3.1039301310043665,True,50.0,50.0,52.74999999999998
DEV_90,DEVELOPMENT,2023-10-26,2023-11-02,2023-11-23,5,D+5,2023-11-02,EXECUTABLE,GATE_FAIL,19120.0,19100.0,1.7641963941430117,20.0,0.10460251046025104,-59.99999999999898,50.75,0.2,45.05,34.3,237.1,255.9,151.4,131.6,5.263041065482797,2.9832512315270936,False,50.0,50.0,-1.1999999999999744
DEV_91,DEVELOPMENT,2023-11-02,2023-11-09,2023-11-30,-1,D-1,2023-11-01,EXECUTABLE,GATE_PASS,19064.05078125,19050.0,1.0574031890660591,14.05078125,0.07370302047149033,1604.999999999999,116.05,0.1,170.0,345.8,306.0,480.15,197.55,47.85,1.8,1.7022834984920294,True,50.0,50.0,32.099999999999994
DEV_91,DEVELOPMENT,2023-11-02,2023-11-09,2023-11-30,0,D0,2023-11-02,EXECUTABLE,GATE_PASS,19120.0,19100.0,1.0193565902643051,20.0,0.10460251046025104,3037.500000000001,103.85,0.1,135.25,296.5,257.15,443.35,193.7,54.15,1.9012939001848428,1.8651901781415503,True,50.0,50.0,60.75000000000003
DEV_91,DEVELOPMENT,2023-11-02,2023-11-09,2023-11-30,1,D+1,2023-11-03,EXECUTABLE,GATE_PASS,19241.0,19250.0,1.1332096309545698,9.0,0.04677511563848033,1300.0000000000018,77.8,0.1,110.1,145.95,261.4,323.35,163.0,85.4,2.3742052679382377,2.095115681233933,True,50.0,50.0,26.000000000000043
DEV_91,DEVELOPMENT,2023-11-02,2023-11-09,2023-11-30,2,D+2,2023-11-06,EXECUTABLE,GATE_FAIL,19345.849609375,19350.0,1.3800296296296295,4.150390625,0.021453648760862486,1980.0000000000005,82.0,0.25,75.0,46.25,213.0,252.3,168.75,115.45,2.84,2.057926829268293,False,50.0,50.0,39.60000000000001
DEV_91,DEVELOPMENT,2023-11-02,2023-11-09,2023-11-30,3,D+3,2023-11-07,EXECUTABLE,GATE_PASS,19404.05078125,19400.0,1.11375,4.05078125,0.020875956755968924,1787.5000000000005,58.0,5.35,80.0,1.75,222.75,221.6,145.0,133.7,2.784375,2.5,True,50.0,50.0,35.75000000000001
DEV_91,DEVELOPMENT,2023-11-02,2023-11-09,2023-11-30,4,D+4,2023-11-08,EXECUTABLE,GATE_FAIL,19449.599609375,19450.0,1.4983889034863296,0.400390625,0.002058606002393004,1567.500000000001,55.0,53.95,50.1,0.15,206.85,190.85,151.55,153.1,4.128742514970059,2.755454545454546,False,50.0,50.0,31.350000000000023
DEV_91,DEVELOPMENT,2023-11-02,2023-11-09,2023-11-30,5,D+5,2023-11-09,EXECUTABLE,GATE_FAIL,19457.400390625,19450.0,1.4959326689439025,7.400390625,0.03803380963762081,1599.9999999999993,43.0,53.95,38.9,0.15,212.4,190.85,156.95,153.1,5.460154241645244,3.65,False,50.0,50.0,31.999999999999986
DEV_92,DEVELOPMENT,2023-11-09,2023-11-16,2023-12-07,-1,D-1,2023-11-08,EXECUTABLE,GATE_PASS,19449.599609375,19450.0,1.1420679886685554,0.400390625,0.002058606002393004,1862.5000000000018,99.55,0.1,123.55,333.7,256.55,479.55,181.0,57.15,2.0764872521246462,1.8181818181818183,True,50.0,50.0,37.25000000000003
DEV_92,DEVELOPMENT,2023-11-09,2023-11-16,2023-12-07,0,D0,2023-11-09,EXECUTABLE,GATE_PASS,19457.400390625,19450.0,1.1454291243809318,7.400390625,0.03803380963762081,2080.0000000000036,93.05,0.1,110.05,333.7,245.2,479.55,181.0,57.15,2.2280781462971375,1.9451907576571736,True,50.0,50.0,41.60000000000005
DEV_92,DEVELOPMENT,2023-11-09,2023-11-16,2023-12-07,1,D+1,2023-11-10,EXECUTABLE,GATE_PASS,19351.849609375,19350.0,0.7858955608721016,1.849609375,0.009557791179319403,850.0,75.95,0.1,139.0,433.45,244.8,503.5,170.2,41.6,1.7611510791366907,2.2409479921000655,True,50.0,50.0,16.99999999999997
DEV_92,DEVELOPMENT,2023-11-09,2023-11-16,2023-12-07,2,D+2,2023-11-13,EXECUTABLE,GATE_PASS,19486.75,19500.0,1.1750180910792263,13.25,0.0679949196248733,2665.0,63.15,0.15,68.7,268.15,223.7,425.7,175.0,61.25,3.256186317321688,2.7711797307996835,True,50.0,50.0,53.30000000000001
DEV_92,DEVELOPMENT,2023-11-09,2023-11-16,2023-12-07,3,D+3,2023-11-15,EXECUTABLE,GATE_FAIL,19651.400390625,19650.0,1.7375019440518773,1.400390625,0.007126161989290483,2280.000000000001,60.05,0.65,41.0,117.6,213.95,309.8,180.35,94.6,5.218292682926829,3.003330557868443,False,50.0,50.0,45.60000000000002
DEV_92,DEVELOPMENT,2023-11-09,2023-11-16,2023-12-07,4,D+4,2023-11-16,EXECUTABLE,GATE_PASS,19674.69921875,19650.0,0.738076998922986,24.69921875,0.1255379737976458,1760.000000000001,25.0,0.65,57.2,117.6,233.55,309.8,138.3,94.6,4.083041958041958,5.532,True,50.0,50.0,35.20000000000002
DEV_92,DEVELOPMENT,2023-11-09,2023-11-16,2023-12-07,5,D+5,2023-11-17,AFTER_NEAR_EXPIRY,,,,,,,,,,,,,,,,,,,,,
DEV_93,DEVELOPMENT,2023-11-16,2023-11-23,2023-12-14,-1,D-1,2023-11-15,EXECUTABLE,GATE_PASS,19651.400390625,19650.0,1.0594426326712123,1.400390625,0.007126161989290483,6622.500000000002,102.1,0.1,100.4,151.1,175.7,373.1,168.65,80.9,1.7499999999999998,1.6518119490695398,True,50.0,50.0,132.45000000000005
DEV_93,DEVELOPMENT,2023-11-16,2023-11-23,2023-12-14,0,D0,2023-11-16,EXECUTABLE,GATE_PASS,19674.69921875,19650.0,1.0240183970323944,24.69921875,0.1255379737976458,3607.499999999999,79.4,0.1,138.0,151.1,291.35,373.1,163.7,80.9,2.1112318840579714,2.0617128463476067,True,50.0,50.0,72.14999999999998
DEV_93,DEVELOPMENT,2023-11-16,2023-11-23,2023-12-14,1,D+1,2023-11-17,EXECUTABLE,GATE_PASS,19674.75,19650.0,0.6573547727780794,24.75,0.12579575344032326,4035.000000000001,49.9,0.1,181.0,151.1,330.0,373.1,138.4,80.9,1.8232044198895028,2.773547094188377,True,50.0,50.0,80.70000000000003
DEV_93,DEVELOPMENT,2023-11-16,2023-11-23,2023-12-14,2,D+2,2023-11-20,EXECUTABLE,GATE_PASS,19731.150390625,19750.0,1.1711405667116437,18.849609375,0.09553223710643931,3242.500000000001,79.5,0.25,107.5,51.25,278.4,300.95,175.8,110.5,2.589767441860465,2.211320754716981,True,50.0,50.0,64.85000000000002
DEV_93,DEVELOPMENT,2023-11-16,2023-11-23,2023-12-14,3,D+3,2023-11-21,EXECUTABLE,GATE_FAIL,19770.900390625,19750.0,1.2623811739679585,20.900390625,0.10571289224091476,2047.4999999999982,65.0,0.25,92.1,51.25,284.85,300.95,159.25,110.5,3.0928338762214986,2.45,False,50.0,50.0,40.94999999999996
DEV_93,DEVELOPMENT,2023-11-16,2023-11-23,2023-12-14,4,D+4,2023-11-22,EXECUTABLE,GATE_FAIL,19784.0,19800.0,1.731002847200253,16.0,0.08087343307723413,1189.9999999999993,61.0,2.1,60.0,2.8,269.1,263.75,158.05,127.2,4.485,2.5909836065573773,False,50.0,50.0,23.79999999999999
DEV_93,DEVELOPMENT,2023-11-16,2023-11-23,2023-12-14,5,D+5,2023-11-23,EXECUTABLE,GATE_FAIL,19828.44921875,19850.0,2.1317471632407416,21.55078125,0.10868616608514872,1174.9999999999995,42.0,48.9,33.2,0.15,260.6,234.3,154.65,144.8,7.849397590361446,3.6821428571428574,False,50.0,50.0,23.499999999999986
DEV_94,DEVELOPMENT,2023-11-23,2023-11-30,2023-12-21,-1,D-1,2023-11-22,EXECUTABLE,GATE_PASS,19784.0,19800.0,1.17151245700864,16.0,0.08087343307723413,1427.5000000000045,90.2,0.15,131.0,329.65,317.4,530.85,186.55,82.75,2.4229007633587782,2.0681818181818183,True,50.0,50.0,28.550000000000068
DEV_94,DEVELOPMENT,2023-11-23,2023-11-30,2023-12-21,0,D0,2023-11-23,EXECUTABLE,GATE_FAIL,19828.44921875,19850.0,1.2189575757575757,21.55078125,0.10868616608514872,1172.5,81.1,0.15,125.0,278.85,310.0,496.5,165.0,93.25,2.48,2.0345252774352653,False,50.0,50.0,23.44999999999999
DEV_94,DEVELOPMENT,2023-11-23,2023-11-30,2023-12-21,1,D+1,2023-11-24,EXECUTABLE,GATE_PASS,19809.599609375,19800.0,0.8200885017911077,9.599609375,0.048459381129828255,2527.5000000000036,57.8,0.15,138.0,329.65,303.0,530.85,154.75,82.75,2.1956521739130435,2.6773356401384083,True,50.0,50.0,50.55000000000004
DEV_94,DEVELOPMENT,2023-11-23,2023-11-30,2023-12-21,2,D+2,2023-11-28,EXECUTABLE,GATE_FAIL,19844.650390625,19850.0,1.4590870509111342,5.349609375,0.02695743825009515,1952.4999999999977,69.0,0.15,72.95,278.85,254.3,496.5,164.85,93.25,3.4859492803289926,2.389130434782609,False,50.0,50.0,39.04999999999998
DEV_94,DEVELOPMENT,2023-11-23,2023-11-30,2023-12-21,3,D+3,2023-11-29,EXECUTABLE,GATE_FAIL,19976.55078125,20000.0,1.6406607395883483,23.44921875,0.11738372157824888,1955.0000000000016,59.0,0.35,53.35,128.1,243.45,378.6,164.1,126.75,4.563261480787253,2.7813559322033896,False,50.0,50.0,39.10000000000002
DEV_94,DEVELOPMENT,2023-11-23,2023-11-30,2023-12-21,4,D+4,2023-11-30,EXECUTABLE,GATE_PASS,20108.5,20100.0,0.6514893320178977,8.5,0.042270681552577266,1867.4999999999993,25.0,3.15,68.2,30.55,287.65,305.9,161.85,158.55,4.21774193548387,6.474,True,50.0,50.0,37.34999999999999
DEV_94,DEVELOPMENT,2023-11-23,2023-11-30,2023-12-21,5,D+5,2023-12-01,AFTER_NEAR_EXPIRY,,,,,,,,,,,,,,,,,,,,,
DEV_95,DEVELOPMENT,2023-11-30,2023-12-07,2023-12-28,-1,D-1,2023-11-29,EXECUTABLE,GATE_PASS,19976.55078125,20000.0,1.0445657927457939,23.44921875,0.11738372157824888,3280.0,96.4,0.05,150.55,901.9,300.0,1048.1,183.9,18.7,1.9926934573231483,1.9076763485477177,True,50.0,50.0,65.6
DEV_95,DEVELOPMENT,2023-11-30,2023-12-07,2023-12-28,0,D0,2023-11-30,EXECUTABLE,GATE_PASS,20108.5,20100.0,0.9322978794144838,8.5,0.042270681552577266,3669.9999999999964,97.0,0.05,199.0,801.75,329.55,952.15,172.3,21.8,1.656030150753769,1.7762886597938146,True,50.0,50.0,73.39999999999986
DEV_95,DEVELOPMENT,2023-11-30,2023-12-07,2023-12-28,1,D+1,2023-12-01,EXECUTABLE,GATE_PASS,20194.099609375,20200.0,1.0263262716366346,5.900390625,0.02921838922821187,3102.4999999999964,99.2,0.05,154.25,701.1,325.0,855.8,203.65,26.4,2.106969205834684,2.052923387096774,True,50.0,50.0,62.049999999999955
DEV_95,DEVELOPMENT,2023-11-30,2023-12-07,2023-12-28,2,D+2,2023-12-04,EXECUTABLE,GATE_FAIL,20601.94921875,20600.0,1.971348250883945,1.94921875,0.009461331689071442,2890.000000000002,107.95,0.1,63.6,299.2,233.45,502.6,201.0,68.9,3.6705974842767293,1.8619731357109772,False,50.0,50.0,57.80000000000004
DEV_95,DEVELOPMENT,2023-11-30,2023-12-07,2023-12-28,3,D+3,2023-12-05,EXECUTABLE,GATE_FAIL,20808.900390625,20800.0,1.626008632013511,8.900390625,0.042772037243303244,3385.000000000001,100.0,0.2,73.0,99.15,259.95,352.8,219.0,118.2,3.560958904109589,2.19,False,50.0,50.0,67.70000000000002
DEV_95,DEVELOPMENT,2023-11-30,2023-12-07,2023-12-28,4,D+4,2023-12-06,EXECUTABLE,GATE_FAIL,20950.75,20950.0,1.3257677449748746,0.75,0.0035798241113086642,3764.999999999999,81.95,50.95,80.0,0.15,257.55,257.25,199.0,172.25,3.2193750000000003,2.4283099450884684,False,50.0,50.0,75.29999999999998
DEV_95,DEVELOPMENT,2023-11-30,2023-12-07,2023-12-28,5,D+5,2023-12-07,EXECUTABLE,GATE_FAIL,20932.400390625,20950.0,1.2091606399298704,17.599609375,0.0840783142237349,4350.0,56.3,50.95,58.5,0.15,249.9,257.25,198.9,172.25,4.271794871794872,3.5328596802841923,False,50.0,50.0,87.0
DEV_96,DEVELOPMENT,2023-12-07,2023-12-14,2024-01-04,-1,D-1,2023-12-06,EXECUTABLE,GATE_PASS,20950.75,20950.0,1.1144986338483391,0.75,0.0035798241113086642,7257.499999999998,150.65,0.1,165.55,223.55,315.0,489.65,257.2,78.15,1.9027484143763211,1.7072685031530035,True,50.0,50.0,145.14999999999995
DEV_96,DEVELOPMENT,2023-12-07,2023-12-14,2024-01-04,0,D0,2023-12-07,EXECUTABLE,GATE_PASS,20932.400390625,20950.0,0.9043883449706538,17.599609375,0.0840783142237349,8972.499999999998,123.25,0.1,164.7,223.55,290.05,489.65,240.0,78.15,1.7610807528840318,1.947261663286004,True,50.0,50.0,179.44999999999993
DEV_96,DEVELOPMENT,2023-12-07,2023-12-14,2024-01-04,1,D+1,2023-12-08,EXECUTABLE,GATE_PASS,20934.099609375,20950.0,1.0417727679204338,15.900390625,0.07595449969999793,5222.499999999999,90.2,0.1,150.4,223.55,338.9,489.65,195.1,78.15,2.2533244680851063,2.1629711751662968,True,50.0,50.0,104.44999999999999
DEV_96,DEVELOPMENT,2023-12-07,2023-12-14,2024-01-04,2,D+2,2023-12-11,EXECUTABLE,GATE_PASS,20965.30078125,20950.0,0.8150156162855549,15.30078125,0.07298145354386722,6415.0,68.35,0.1,150.0,223.55,320.7,489.65,179.3,78.15,2.138,2.623262618873446,True,50.0,50.0,128.29999999999998
DEV_96,DEVELOPMENT,2023-12-07,2023-12-14,2024-01-04,3,D+3,2023-12-12,EXECUTABLE,GATE_FAIL,21018.55078125,21000.0,1.4677270593496299,18.55078125,0.08825908809349776,3542.5,80.0,0.1,100.7,173.0,321.65,458.25,174.1,87.65,3.194141012909632,2.17625,False,50.0,50.0,70.85000000000002
DEV_96,DEVELOPMENT,2023-12-07,2023-12-14,2024-01-04,4,D+4,2023-12-13,EXECUTABLE,GATE_FAIL,20929.75,20950.0,1.6034796186719262,20.25,0.09675223067642948,3827.5,72.05,0.1,70.2,223.55,304.65,489.65,195.0,78.15,4.339743589743589,2.7064538514920193,False,50.0,50.0,76.54999999999998
DEV_96,DEVELOPMENT,2023-12-07,2023-12-14,2024-01-04,5,D+5,2023-12-14,EXECUTABLE,GATE_FAIL,21110.400390625,21100.0,3.048630583267861,10.400390625,0.04926666682086594,1917.499999999999,60.0,0.3,35.95,72.75,295.55,388.65,161.8,120.05,8.221140472878998,2.6966666666666668,False,50.0,50.0,38.34999999999998
DEV_97,DEVELOPMENT,2023-12-14,2023-12-21,2024-01-11,-1,D-1,2023-12-13,EXECUTABLE,GATE_FAIL,20929.75,20950.0,1.3139930681986756,20.25,0.09675223067642948,9245.000000000004,134.95,0.15,176.55,297.4,361.0,725.65,210.0,134.1,2.044746530727839,1.5561319007039645,False,50.0,50.0,184.90000000000003
DEV_97,DEVELOPMENT,2023-12-14,2023-12-21,2024-01-11,0,D0,2023-12-14,EXECUTABLE,GATE_PASS,21110.400390625,21100.0,0.9036627906976745,10.400390625,0.04926666682086594,6497.5,70.65,0.3,120.0,147.25,330.0,478.75,215.0,136.2,2.75,3.0431705590941256,True,50.0,50.0,129.95
DEV_97,DEVELOPMENT,2023-12-14,2023-12-21,2024-01-11,1,D+1,2023-12-15,EXECUTABLE,GATE_PASS,21287.44921875,21300.0,1.1753530477016425,12.55078125,0.058958596311977404,4127.500000000001,90.05,52.35,135.6,0.45,344.95,337.05,194.9,201.9,2.5438790560471976,2.1643531371460303,True,50.0,50.0,82.55000000000004
DEV_97,DEVELOPMENT,2023-12-14,2023-12-21,2024-01-11,2,D+2,2023-12-18,EXECUTABLE,GATE_PASS,21434.80078125,21450.0,1.0344467166553053,15.19921875,0.07090907401059426,6225.000000000001,102.0,202.65,150.0,0.2,334.75,256.7,220.05,267.95,2.2316666666666665,2.157352941176471,True,50.0,50.0,124.50000000000003
DEV_97,DEVELOPMENT,2023-12-14,2023-12-21,2024-01-11,3,D+3,2023-12-19,EXECUTABLE,GATE_FAIL,21477.650390625,21500.0,2.520639178961002,22.349609375,0.10405984345827517,3242.499999999999,131.0,252.3,63.35,0.15,304.25,230.55,249.6,295.55,4.802683504340963,1.9053435114503816,False,50.0,50.0,64.85
DEV_97,DEVELOPMENT,2023-12-14,2023-12-21,2024-01-11,4,D+4,2023-12-20,EXECUTABLE,GATE_FAIL,21543.5,21550.0,2.156682576501026,6.5,0.030171513449532346,1227.499999999999,70.05,302.6,55.0,0.15,345.1,202.95,203.8,324.5,6.274545454545455,2.909350463954319,False,50.0,50.0,24.55000000000001
DEV_97,DEVELOPMENT,2023-12-14,2023-12-21,2024-01-11,5,D+5,2023-12-21,EXECUTABLE,GATE_FAIL,21033.94921875,21050.0,1.9509221902017293,16.05078125,0.0763089284046197,2207.5,57.0,0.25,52.05,197.85,356.3,527.5,200.0,124.5,6.845341018251681,3.508771929824561,False,50.0,50.0,44.14999999999998
DEV_98,DEVELOPMENT,2023-12-21,2023-12-28,2024-01-18,-1,D-1,2023-12-20,EXECUTABLE,GATE_FAIL,21543.5,21550.0,1.604926872630908,6.5,0.030171513449532346,-1432.499999999999,137.55,0.3,152.0,224.15,417.4,533.6,235.35,170.8,2.746052631578947,1.7110141766630313,False,50.0,50.0,-28.649999999999977
DEV_98,DEVELOPMENT,2023-12-21,2023-12-28,2024-01-18,0,D0,2023-12-21,EXECUTABLE,GATE_FAIL,21033.94921875,21050.0,1.2858039466933155,16.05078125,0.0763089284046197,-19407.5,121.7,0.1,176.9,725.75,433.05,564.4,231.7,80.75,2.447993216506501,1.9038619556285947,False,50.0,50.0,-388.15000000000015
DEV_98,DEVELOPMENT,2023-12-21,2023-12-28,2024-01-18,1,D+1,2023-12-22,EXECUTABLE,GATE_PASS,21295.849609375,21300.0,1.0835429725546903,4.150390625,0.019489199544182018,2120.0,115.0,0.15,185.0,474.55,394.2,726.75,226.15,111.9,2.130810810810811,1.9665217391304348,True,50.0,50.0,42.400000000000034
DEV_98,DEVELOPMENT,2023-12-21,2023-12-28,2024-01-18,2,D+2,2023-12-26,EXECUTABLE,GATE_PASS,21365.19921875,21350.0,1.1315069666880206,15.19921875,0.07114007500880795,3377.4999999999964,92.95,0.25,140.0,426.4,380.05,724.55,223.0,120.85,2.714642857142857,2.399139322216245,True,50.0,50.0,67.54999999999998
DEV_98,DEVELOPMENT,2023-12-21,2023-12-28,2024-01-18,3,D+3,2023-12-27,EXECUTABLE,GATE_FAIL,21497.650390625,21500.0,1.3107918430521848,2.349609375,0.010929610130903659,-362.4999999999968,66.3,0.3,85.05,273.7,397.0,564.7,236.1,156.4,4.667842445620224,3.561085972850679,False,50.0,50.0,-7.249999999999943
DEV_98,DEVELOPMENT,2023-12-21,2023-12-28,2024-01-18,4,D+4,2023-12-28,EXECUTABLE,GATE_FAIL,21715.0,21700.0,1.6758224073678136,15.0,0.0690766751093714,-809.9999999999991,54.5,0.55,53.8,72.25,401.25,430.5,242.55,215.6,7.458178438661711,4.450458715596331,False,50.0,50.0,-16.19999999999999
DEV_98,DEVELOPMENT,2023-12-21,2023-12-28,2024-01-18,5,D+5,2023-12-29,AFTER_NEAR_EXPIRY,,,,,,,,,,,,,,,,,,,,,
DEV_99,DEVELOPMENT,2023-12-28,2024-01-04,2024-01-25,-1,D-1,2023-12-27,EXECUTABLE,GATE_PASS,21497.650390625,21500.0,0.9939764511464572,2.349609375,0.010929610130903659,2132.5,136.7,0.1,242.05,151.45,440.0,427.9,250.0,149.25,1.8178062383804998,1.82882223847842,True,50.0,50.0,42.650000000000006
DEV_99,DEVELOPMENT,2023-12-28,2024-01-04,2024-01-25,0,D0,2023-12-28,EXECUTABLE,GATE_PASS,21715.0,21700.0,0.9422549149295644,15.0,0.0690766751093714,2077.500000000001,123.0,48.4,218.0,0.2,457.5,300.85,273.95,218.95,2.0986238532110093,2.2272357723577234,True,50.0,50.0,41.55000000000004
DEV_99,DEVELOPMENT,2023-12-28,2024-01-04,2024-01-25,1,D+1,2023-12-29,EXECUTABLE,GATE_PASS,21737.650390625,21750.0,0.97511586873289,12.349609375,0.05681207100619362,1140.0000000000014,135.0,98.35,249.75,0.1,496.0,271.35,274.95,240.5,1.985985985985986,2.0366666666666666,True,50.0,50.0,22.80000000000001
DEV_99,DEVELOPMENT,2023-12-28,2024-01-04,2024-01-25,2,D+2,2024-01-01,EXECUTABLE,GATE_PASS,21727.75,21750.0,1.135098277701173,22.25,0.10240360828893927,2957.5000000000023,119.55,98.35,140.0,0.1,364.95,271.35,274.55,240.5,2.606785714285714,2.296528649100795,True,50.0,50.0,59.15000000000005
DEV_99,DEVELOPMENT,2023-12-28,2024-01-04,2024-01-25,3,D+3,2024-01-02,EXECUTABLE,GATE_FAIL,21751.349609375,21750.0,1.3157233429394812,1.349609375,0.0062047155658714066,1582.500000000001,94.2,98.35,100.0,0.1,363.5,271.35,260.25,240.5,3.635,2.7627388535031847,False,50.0,50.0,31.65000000000002
DEV_99,DEVELOPMENT,2023-12-28,2024-01-04,2024-01-25,4,D+4,2024-01-03,EXECUTABLE,GATE_FAIL,21661.099609375,21650.0,1.3821817731550272,11.099609375,0.05124213255635485,2997.499999999999,95.0,2.35,84.0,3.3,329.0,329.15,269.2,197.45,3.9166666666666665,2.833684210526316,False,50.0,50.0,59.949999999999974
DEV_99,DEVELOPMENT,2023-12-28,2024-01-04,2024-01-25,5,D+5,2024-01-04,EXECUTABLE,GATE_FAIL,21605.80078125,21600.0,2.6620105757893073,5.80078125,0.026848258524322082,2342.500000000002,72.0,0.25,32.05,51.65,308.15,366.5,260.05,180.2,9.614664586583464,3.6118055555555557,False,50.0,50.0,46.85000000000005
DEV_100,DEVELOPMENT,2024-01-04,2024-01-11,2024-02-01,-1,D-1,2024-01-03,EXECUTABLE,GATE_PASS,21661.099609375,21650.0,1.150173302423983,11.099609375,0.05124213255635485,702.5000000000014,180.6,6.6,198.1,1.75,396.15,311.7,314.0,237.85,1.9997476022211005,1.7386489479512737,True,50.0,50.0,14.050000000000011
DEV_100,DEVELOPMENT,2024-01-04,2024-01-11,2024-02-01,0,D0,2024-01-04,EXECUTABLE,GATE_FAIL,21605.80078125,21600.0,1.7197770019084486,5.80078125,0.026848258524322082,-2505.0000000000005,169.0,0.8,129.95,44.8,370.8,340.55,280.4,217.2,2.8534051558291655,1.659171597633136,False,50.0,50.0,-50.10000000000001
DEV_100,DEVELOPMENT,2024-01-04,2024-01-11,2024-02-01,1,D+1,2024-01-05,EXECUTABLE,GATE_FAIL,21705.75,21700.0,1.2596666930528553,5.75,0.026490676433663894,-2429.999999999998,111.05,55.95,148.95,0.25,401.95,282.55,237.9,260.7,2.6985565626049013,2.1422782530391715,False,50.0,50.0,-48.599999999999966
DEV_100,DEVELOPMENT,2024-01-04,2024-01-11,2024-02-01,2,D+2,2024-01-08,EXECUTABLE,GATE_FAIL,21747.599609375,21750.0,1.5500563167314696,2.400390625,0.011037496864551593,-927.500000000002,118.0,105.85,98.2,0.15,340.55,255.95,264.0,283.85,3.4679226069246436,2.23728813559322,False,50.0,50.0,-18.550000000000054
DEV_100,DEVELOPMENT,2024-01-04,2024-01-11,2024-02-01,3,D+3,2024-01-09,EXECUTABLE,GATE_FAIL,21653.599609375,21650.0,1.7526251113491638,3.599609375,0.016623607344441415,-1460.0000000000014,96.95,6.6,75.35,1.75,324.6,311.7,238.3,237.85,4.307896483078966,2.4579680247550284,False,50.0,50.0,-29.20000000000003
DEV_100,DEVELOPMENT,2024-01-04,2024-01-11,2024-02-01,4,D+4,2024-01-10,EXECUTABLE,GATE_FAIL,21529.30078125,21550.0,1.6163734910278234,20.69921875,0.09614440784824316,-2069.9999999999986,93.0,0.35,82.65,94.5,350.0,367.05,243.65,197.6,4.234724742891712,2.6198924731182798,False,50.0,50.0,-41.39999999999998
DEV_100,DEVELOPMENT,2024-01-04,2024-01-11,2024-02-01,5,D+5,2024-01-11,EXECUTABLE,GATE_PASS,21688.0,21700.0,1.0284584980237155,12.0,0.055330136481003316,-134.9999999999991,40.0,55.95,55.0,0.25,325.25,282.55,230.0,260.7,5.913636363636364,5.75,True,50.0,50.0,-2.6999999999999744
DEV_101,DEVELOPMENT,2024-01-11,2024-01-18,2024-02-08,-1,D-1,2024-01-10,EXECUTABLE,GATE_PASS,21529.30078125,21500.0,1.0395109685372483,29.30078125,0.13609722650871334,3162.499999999999,130.05,42.9,210.0,0.3,427.95,363.5,254.95,249.8,2.037857142857143,1.9603998462129948,True,50.0,50.0,63.24999999999997
DEV_101,DEVELOPMENT,2024-01-11,2024-01-18,2024-02-08,0,D0,2024-01-11,EXECUTABLE,GATE_FAIL,21688.0,21700.0,1.3390062473150597,12.0,0.055330136481003316,2439.999999999998,136.95,241.7,151.3,0.1,373.6,259.25,252.55,345.35,2.4692663582286847,1.8441036874771817,False,50.0,50.0,48.79999999999998
DEV_101,DEVELOPMENT,2024-01-11,2024-01-18,2024-02-08,1,D+1,2024-01-12,EXECUTABLE,GATE_FAIL,21773.55078125,21750.0,1.7714525324490473,23.55078125,0.10816233643563748,1507.4999999999973,165.0,292.3,115.0,0.1,348.85,242.35,282.55,388.1,3.0334782608695656,1.7124242424242424,False,50.0,50.0,30.149999999999977
DEV_101,DEVELOPMENT,2024-01-11,2024-01-18,2024-02-08,2,D+2,2024-01-15,EXECUTABLE,GATE_FAIL,22053.150390625,22050.0,1.2331524622219956,3.150390625,0.014285444796763644,-930.0000000000036,129.55,596.4,114.95,0.1,346.8,130.25,316.95,700.7,3.0169638973466726,2.44654573523736,False,50.0,50.0,-18.600000000000136
DEV_101,DEVELOPMENT,2024-01-11,2024-01-18,2024-02-08,3,D+3,2024-01-16,EXECUTABLE,GATE_FAIL,22080.5,22100.0,1.4312442500565568,19.5,0.08831321754489255,677.5,109.9,641.0,89.0,0.1,345.4,117.35,298.0,676.4,3.880898876404494,2.711555959963603,False,50.0,50.0,13.550000000000068
DEV_101,DEVELOPMENT,2024-01-11,2024-01-18,2024-02-08,4,D+4,2024-01-17,EXECUTABLE,GATE_PASS,21647.25,21650.0,0.5620307216938721,2.75,0.012703692154892655,3350.000000000001,54.55,192.5,194.5,0.1,406.8,273.35,203.0,334.9,2.091516709511568,3.7213565536205317,True,50.0,50.0,67.00000000000006
DEV_101,DEVELOPMENT,2024-01-11,2024-01-18,2024-02-08,5,D+5,2024-01-18,EXECUTABLE,GATE_PASS,21414.19921875,21400.0,1.08570743979873,14.19921875,0.06630749347641889,-525.0000000000009,59.0,0.25,98.2,57.35,460.8,426.45,255.0,213.25,4.692464358452138,4.322033898305085,True,50.0,50.0,-10.500000000000021
DEV_102,DEVELOPMENT,2024-01-18,2024-01-25,2024-02-15,-1,D-1,2024-01-17,EXECUTABLE,GATE_PASS,21647.25,21650.0,1.0528087190575268,2.75,0.012703692154892655,-510.0,142.0,318.95,223.4,0.15,405.55,198.8,244.85,448.5,1.8153536257833482,1.7242957746478873,True,50.0,50.0,-10.200000000000017
DEV_102,DEVELOPMENT,2024-01-18,2024-01-25,2024-02-15,0,D0,2024-01-18,EXECUTABLE,GATE_PASS,21414.19921875,21400.0,1.0000579926886008,14.19921875,0.06630749347641889,2252.5000000000005,160.25,71.35,255.0,0.6,469.45,318.45,295.0,264.45,1.8409803921568626,1.8408736349453978,True,50.0,50.0,45.05000000000001
DEV_102,DEVELOPMENT,2024-01-18,2024-01-25,2024-02-15,1,D+1,2024-01-19,EXECUTABLE,GATE_FAIL,21615.19921875,21600.0,1.4411169860290465,15.19921875,0.0703172734897373,-5.0000000000027285,154.65,271.4,168.0,0.2,405.0,225.15,258.7,363.5,2.4107142857142856,1.6728095699967667,False,50.0,50.0,-0.10000000000005116
DEV_102,DEVELOPMENT,2024-01-18,2024-01-25,2024-02-15,2,D+2,2024-01-23,EXECUTABLE,GATE_FAIL,21716.69921875,21700.0,1.527727891156463,16.69921875,0.0768957500483409,-2127.499999999998,110.0,371.4,125.0,0.15,382.8,182.4,220.5,448.9,3.0624000000000002,2.0045454545454544,False,50.0,50.0,-42.54999999999998
DEV_102,DEVELOPMENT,2024-01-18,2024-01-25,2024-02-15,3,D+3,2024-01-24,EXECUTABLE,GATE_FAIL,21185.25,21200.0,1.545064735023521,14.75,0.06962391286390296,1537.500000000001,112.0,0.25,94.2,114.55,397.65,443.25,306.0,188.75,4.221337579617834,2.732142857142857,False,50.0,50.0,30.75000000000003
DEV_102,DEVELOPMENT,2024-01-18,2024-01-25,2024-02-15,4,D+4,2024-01-25,EXECUTABLE,GATE_PASS,21454.599609375,21450.0,1.037787773094394,4.599609375,0.021438803141262595,2917.4999999999986,69.55,125.65,94.2,0.35,396.45,294.9,282.05,272.1,4.20859872611465,4.055355859094178,True,50.0,50.0,58.349999999999994
DEV_102,DEVELOPMENT,2024-01-18,2024-01-25,2024-02-15,5,D+5,2024-01-29,AFTER_NEAR_EXPIRY,,,,,,,,,,,,,,,,,,,,,
DEV_103,DEVELOPMENT,2024-01-25,2024-02-01,2024-02-22,-1,D-1,2024-01-24,EXECUTABLE,GATE_FAIL,21185.25,21300.0,1.3369932423384898,114.75,0.5416504407547704,-3477.4999999999964,232.95,0.15,204.75,399.65,361.65,542.45,307.75,130.4,1.7663003663003662,1.3210989482721616,False,50.0,50.0,-69.54999999999987
DEV_103,DEVELOPMENT,2024-01-25,2024-02-01,2024-02-22,0,D0,2024-01-25,EXECUTABLE,GATE_PASS,21454.599609375,21450.0,0.8003410326086957,4.599609375,0.021438803141262595,5822.499999999997,151.0,0.2,250.0,251.5,390.1,532.6,294.4,168.15,1.5604,1.9496688741721853,True,50.0,50.0,116.44999999999996
DEV_103,DEVELOPMENT,2024-01-25,2024-02-01,2024-02-22,1,D+1,2024-01-29,EXECUTABLE,GATE_FAIL,21433.099609375,21450.0,1.460994643647215,16.900390625,0.07885182700129682,485.0000000000018,194.0,0.2,171.0,251.5,360.0,532.6,279.55,168.15,2.1052631578947367,1.440979381443299,False,50.0,50.0,9.700000000000017
DEV_103,DEVELOPMENT,2024-01-25,2024-02-01,2024-02-22,2,D+2,2024-01-30,EXECUTABLE,GATE_PASS,21775.75,21800.0,0.9193278917910448,24.25,0.11136241002032077,27.50000000000091,148.05,97.6,201.0,0.4,399.4,250.05,320.0,320.25,1.9870646766169153,2.161431948665991,True,50.0,50.0,0.5500000000000114
DEV_103,DEVELOPMENT,2024-01-25,2024-02-01,2024-02-22,3,D+3,2024-01-31,EXECUTABLE,GATE_PASS,21487.25,21500.0,0.9381171341161815,12.75,0.05933751410720311,-640.0,124.9,0.2,170.0,200.95,410.0,421.65,321.1,189.9,2.411764705882353,2.5708566853482786,True,50.0,50.0,-12.799999999999983
DEV_103,DEVELOPMENT,2024-01-25,2024-02-01,2024-02-22,4,D+4,2024-02-01,EXECUTABLE,GATE_FAIL,21780.650390625,21800.0,1.2707489878542508,19.349609375,0.08883852882248462,754.9999999999995,155.0,97.6,111.15,0.4,328.05,250.05,360.0,320.25,2.951417004048583,2.3225806451612905,False,50.0,50.0,15.099999999999994
DEV_103,DEVELOPMENT,2024-01-25,2024-02-01,2024-02-22,5,D+5,2024-02-02,AFTER_NEAR_EXPIRY,,,,,,,,,,,,,,,,,,,,,
DEV_104,DEVELOPMENT,2024-02-01,2024-02-08,2024-02-29,-1,D-1,2024-01-31,EXECUTABLE,GATE_PASS,21487.25,21500.0,1.0940227313720434,12.75,0.05933751410720311,3025.0000000000036,233.2,0.15,279.05,194.9,433.45,497.35,331.1,185.6,1.5533058591650242,1.4198113207547172,True,50.0,50.0,60.500000000000085
DEV_104,DEVELOPMENT,2024-02-01,2024-02-08,2024-02-29,0,D0,2024-02-01,EXECUTABLE,GATE_PASS,21780.650390625,21800.0,1.1125347073135823,19.349609375,0.08883852882248462,3737.5,243.2,99.0,240.0,0.25,383.55,312.65,349.35,299.25,1.598125,1.4364720394736843,True,50.0,50.0,74.75
DEV_104,DEVELOPMENT,2024-02-01,2024-02-08,2024-02-29,1,D+1,2024-02-02,EXECUTABLE,GATE_PASS,21812.75,21800.0,1.1948616600790514,12.75,0.05845205212547707,2079.999999999999,151.15,99.0,165.6,0.25,360.0,312.65,275.0,299.25,2.1739130434782608,1.8193847171683757,True,50.0,50.0,41.599999999999966
DEV_104,DEVELOPMENT,2024-02-01,2024-02-08,2024-02-29,2,D+2,2024-02-05,EXECUTABLE,GATE_PASS,21921.05078125,21900.0,0.8688280626499505,21.05078125,0.09602998259556801,5164.999999999998,120.0,200.75,162.6,0.2,350.0,261.45,297.3,348.6,2.1525215252152523,2.4775,True,50.0,50.0,103.29999999999998
DEV_104,DEVELOPMENT,2024-02-01,2024-02-08,2024-02-29,3,D+3,2024-02-06,EXECUTABLE,GATE_FAIL,21825.19921875,21850.0,1.7236168141622492,24.80078125,0.11363369929147625,3479.999999999999,177.85,149.1,90.9,0.2,304.5,287.0,345.65,320.5,3.3498349834983494,1.9434917064942367,False,50.0,50.0,69.59999999999998
DEV_104,DEVELOPMENT,2024-02-01,2024-02-08,2024-02-29,4,D+4,2024-02-07,EXECUTABLE,GATE_FAIL,22045.05078125,22050.0,1.5077142401021715,4.94921875,0.022450475615186444,1652.499999999999,104.15,345.25,81.0,0.15,340.05,196.25,290.0,435.1,4.198148148148149,2.7844455112818047,False,50.0,50.0,33.049999999999955
DEV_104,DEVELOPMENT,2024-02-01,2024-02-08,2024-02-29,5,D+5,2024-02-08,EXECUTABLE,GATE_FAIL,22009.650390625,22000.0,1.319100546778766,9.650390625,0.04384617862494799,2590.000000000001,69.9,298.85,63.5,0.15,329.0,215.4,274.55,401.45,5.181102362204724,3.9277539341917023,False,50.0,50.0,51.80000000000004
DEV_105,DEVELOPMENT,2024-02-08,2024-02-15,2024-03-07,-1,D-1,2024-02-07,EXECUTABLE,GATE_FAIL,22045.05078125,22000.0,1.2159318144566462,45.05078125,0.20435780210729695,3460.0,220.0,93.8,250.0,0.35,421.5,329.0,305.05,266.8,1.686,1.3865909090909092,False,50.0,50.0,69.2
DEV_105,DEVELOPMENT,2024-02-08,2024-02-15,2024-03-07,0,D0,2024-02-08,EXECUTABLE,GATE_FAIL,22009.650390625,22000.0,1.2792684899960305,9.650390625,0.04384617862494799,3099.999999999998,172.6,93.8,181.1,0.35,400.6,329.0,298.45,266.8,2.212037548315848,1.7291425260718425,False,50.0,50.0,61.99999999999996
DEV_105,DEVELOPMENT,2024-02-08,2024-02-15,2024-03-07,1,D+1,2024-02-09,EXECUTABLE,GATE_PASS,21727.0,21700.0,1.1999089474278113,27.0,0.12426934229299949,2847.499999999998,179.45,0.2,228.0,207.5,450.35,524.5,295.4,153.85,1.975219298245614,1.6461409863471719,True,50.0,50.0,56.94999999999996
DEV_105,DEVELOPMENT,2024-02-08,2024-02-15,2024-03-07,2,D+2,2024-02-12,EXECUTABLE,GATE_FAIL,21800.80078125,21800.0,1.276050041063074,0.80078125,0.003673173559242466,3317.500000000001,148.15,0.3,161.1,106.6,389.15,454.0,280.45,185.6,2.415580384854128,1.8930138373270333,False,50.0,50.0,66.35000000000002
DEV_105,DEVELOPMENT,2024-02-08,2024-02-15,2024-03-07,3,D+3,2024-02-13,EXECUTABLE,GATE_FAIL,21664.30078125,21650.0,1.3707944796717644,14.30078125,0.06601081380100218,1487.4999999999973,150.15,0.15,147.0,257.0,385.5,533.55,287.25,145.55,2.622448979591837,1.913086913086913,False,50.0,50.0,29.749999999999943
DEV_105,DEVELOPMENT,2024-02-08,2024-02-15,2024-03-07,4,D+4,2024-02-14,EXECUTABLE,GATE_FAIL,21578.150390625,21600.0,1.7926631565588234,21.849609375,0.10125802712216214,1587.500000000001,101.0,0.15,80.05,307.5,383.55,600.2,269.95,126.55,4.791380387257964,2.6727722772277227,False,50.0,50.0,31.750000000000057
DEV_105,DEVELOPMENT,2024-02-08,2024-02-15,2024-03-07,5,D+5,2024-02-15,EXECUTABLE,GATE_PASS,21906.55078125,21900.0,1.04236661677599,6.55078125,0.029903298403356444,4572.5,60.0,3.45,75.45,9.65,356.4,390.9,271.9,224.2,4.723658051689861,4.531666666666666,True,50.0,50.0,91.44999999999999
DEV_106,DEVELOPMENT,2024-02-15,2024-02-22,2024-03-14,-1,D-1,2024-02-14,EXECUTABLE,GATE_PASS,21578.150390625,21600.0,1.1871026730995127,21.849609375,0.10125802712216214,-4877.499999999998,171.3,0.1,194.75,612.4,424.25,680.65,314.35,79.45,2.178433889602054,1.8350846468184472,True,50.0,50.0,-97.55000000000001
DEV_106,DEVELOPMENT,2024-02-15,2024-02-22,2024-03-14,0,D0,2024-02-15,EXECUTABLE,GATE_PASS,21906.55078125,21900.0,0.8941614807722993,6.55078125,0.029903298403356444,4945.000000000002,138.5,0.2,200.0,309.45,404.6,578.95,313.35,141.05,2.023,2.2624548736462096,True,50.0,50.0,98.90000000000003
DEV_106,DEVELOPMENT,2024-02-15,2024-02-22,2024-03-14,1,D+1,2024-02-16,EXECUTABLE,GATE_PASS,22020.30078125,22000.0,1.1530451183431956,20.30078125,0.09219120779351866,1084.9999999999982,132.9,0.3,169.0,207.7,410.55,493.65,280.0,170.1,2.4292899408284025,2.1068472535741156,True,50.0,50.0,21.69999999999999
DEV_106,DEVELOPMENT,2024-02-15,2024-02-22,2024-03-14,2,D+2,2024-02-19,EXECUTABLE,GATE_FAIL,22103.44921875,22100.0,1.24151103565365,3.44921875,0.015604889154920143,2117.5,150.0,0.8,155.0,106.45,390.0,430.15,304.0,201.15,2.5161290322580645,2.026666666666667,False,50.0,50.0,42.34999999999998
DEV_106,DEVELOPMENT,2024-02-15,2024-02-22,2024-03-14,3,D+3,2024-02-20,EXECUTABLE,GATE_FAIL,22099.19921875,22100.0,1.3932489732489732,0.80078125,0.003623575868398795,1024.9999999999977,145.35,0.8,138.6,106.45,388.6,430.15,292.5,201.15,2.803751803751804,2.0123839009287927,False,50.0,50.0,20.499999999999957
DEV_106,DEVELOPMENT,2024-02-15,2024-02-22,2024-03-14,4,D+4,2024-02-21,EXECUTABLE,GATE_PASS,22248.849609375,22200.0,1.1538046105772066,48.849609375,0.21956015808752752,1075.0000000000005,99.2,5.3,121.15,15.8,394.55,366.8,280.0,242.2,3.256706562113083,2.82258064516129,True,50.0,50.0,21.500000000000014
DEV_106,DEVELOPMENT,2024-02-15,2024-02-22,2024-03-14,5,D+5,2024-02-22,EXECUTABLE,GATE_FAIL,22081.55078125,22100.0,4.494035376388318,18.44921875,0.08355037620666432,-1862.5000000000027,139.65,0.8,37.4,106.45,345.0,430.15,286.65,201.15,9.224598930481283,2.052631578947368,False,50.0,50.0,-37.25000000000006
DEV_107,DEVELOPMENT,2024-02-22,2024-02-29,2024-03-21,-1,D-1,2024-02-21,EXECUTABLE,GATE_PASS,22248.849609375,22250.0,1.0688596488501112,1.150390625,0.005170562277140207,8424.999999999998,202.25,288.65,199.55,0.2,340.0,248.85,322.4,348.5,1.7038336256577298,1.5940667490729294,True,50.0,50.0,168.49999999999997
DEV_107,DEVELOPMENT,2024-02-22,2024-02-29,2024-03-21,0,D0,2024-02-22,EXECUTABLE,GATE_FAIL,22081.55078125,22100.0,1.3499138336205547,18.44921875,0.08355037620666432,4577.499999999998,190.0,139.55,180.0,0.4,408.15,319.75,319.15,268.35,2.2675,1.679736842105263,False,50.0,50.0,91.54999999999998
DEV_107,DEVELOPMENT,2024-02-22,2024-02-29,2024-03-21,1,D+1,2024-02-23,EXECUTABLE,GATE_FAIL,22290.0,22300.0,1.4901604088459968,10.0,0.04486316733961417,2677.4999999999995,168.0,328.95,150.5,0.15,402.75,215.55,301.7,372.25,2.676079734219269,1.7958333333333332,False,50.0,50.0,53.549999999999955
DEV_107,DEVELOPMENT,2024-02-22,2024-02-29,2024-03-21,2,D+2,2024-02-26,EXECUTABLE,GATE_PASS,22169.19921875,22150.0,1.074570064805717,19.19921875,0.0866031224698541,2924.9999999999995,113.2,183.4,171.95,0.3,419.9,300.0,257.25,320.7,2.4419889502762433,2.2725265017667846,True,50.0,50.0,58.5
DEV_107,DEVELOPMENT,2024-02-22,2024-02-29,2024-03-21,3,D+3,2024-02-27,EXECUTABLE,GATE_FAIL,22090.19921875,22100.0,1.447941750732184,9.80078125,0.04436710213858628,1842.4999999999977,123.0,139.55,140.0,0.4,434.1,319.75,263.4,268.35,3.100714285714286,2.141463414634146,False,50.0,50.0,36.84999999999994
DEV_107,DEVELOPMENT,2024-02-22,2024-02-29,2024-03-21,4,D+4,2024-02-28,EXECUTABLE,GATE_FAIL,22214.099609375,22200.0,1.44994958280753,14.099609375,0.06347144211530209,3512.4999999999986,100.0,240.35,101.75,0.25,393.1,272.55,266.45,317.5,3.8633906633906636,2.6645,False,50.0,50.0,70.24999999999997
DEV_107,DEVELOPMENT,2024-02-22,2024-02-29,2024-03-21,5,D+5,2024-02-29,EXECUTABLE,GATE_FAIL,21935.19921875,21950.0,2.0860691617421754,14.80078125,0.06747502542556547,2272.5000000000014,100.0,9.95,60.0,14.65,381.25,406.05,304.6,239.25,6.354166666666667,3.0460000000000003,False,50.0,50.0,45.45000000000004
DEV_108,DEVELOPMENT,2024-02-29,2024-03-07,2024-03-28,-1,D-1,2024-02-28,EXECUTABLE,GATE_PASS,22214.099609375,22200.0,0.9748248346723505,14.099609375,0.06347144211530209,-260.0,159.2,0.1,240.0,296.9,448.15,484.4,304.95,130.4,1.8672916666666666,1.9155150753768846,True,50.0,50.0,-5.199999999999989
DEV_108,DEVELOPMENT,2024-02-29,2024-03-07,2024-03-28,0,D0,2024-02-29,EXECUTABLE,GATE_PASS,21935.19921875,21950.0,1.1548036677830633,14.80078125,0.06747502542556547,-1067.5,189.0,0.1,219.95,546.65,432.0,681.6,321.45,76.8,1.9640827460786543,1.7007936507936507,True,50.0,50.0,-21.350000000000023
DEV_108,DEVELOPMENT,2024-02-29,2024-03-07,2024-03-28,1,D+1,2024-03-01,EXECUTABLE,GATE_PASS,22048.30078125,22050.0,0.912390345370722,1.69921875,0.007706801385098235,522.5000000000018,132.0,0.1,197.65,446.45,405.0,595.2,296.45,95.5,2.0490766506450795,2.245833333333333,True,50.0,50.0,10.450000000000045
DEV_108,DEVELOPMENT,2024-02-29,2024-03-07,2024-03-28,2,D+2,2024-03-04,EXECUTABLE,GATE_FAIL,22403.5,22400.0,1.2111838915738284,3.5,0.01562255897516013,-1944.9999999999995,127.3,0.2,150.95,96.9,390.0,346.85,271.55,194.25,2.583636965882743,2.133150039277298,False,50.0,50.0,-38.89999999999998
DEV_108,DEVELOPMENT,2024-02-29,2024-03-07,2024-03-28,3,D+3,2024-03-05,EXECUTABLE,GATE_PASS,22371.25,22350.0,1.191808475830085,21.25,0.09498798681343243,-1964.999999999999,113.35,0.15,140.0,146.85,369.55,376.55,251.05,177.3,2.6396428571428574,2.2148213498015,True,50.0,50.0,-39.29999999999998
DEV_108,DEVELOPMENT,2024-02-29,2024-03-07,2024-03-28,4,D+4,2024-03-06,EXECUTABLE,GATE_FAIL,22327.5,22350.0,1.46466,22.5,0.10077258985555929,230.0,103.0,0.15,75.0,146.85,319.95,376.55,300.0,177.3,4.266,2.912621359223301,False,50.0,50.0,4.600000000000023
DEV_108,DEVELOPMENT,2024-02-29,2024-03-07,2024-03-28,5,D+5,2024-03-07,EXECUTABLE,GATE_PASS,22505.30078125,22500.0,1.0190077454469333,5.30078125,0.023553478807162964,-1630.0000000000014,49.0,5.9,70.0,3.15,347.7,285.9,238.85,233.4,4.967142857142857,4.874489795918367,True,50.0,50.0,-32.60000000000003
DEV_109,DEVELOPMENT,2024-03-07,2024-03-14,2024-04-04,-1,D-1,2024-03-06,EXECUTABLE,GATE_FAIL,22327.5,22350.0,1.399269577119203,22.5,0.10077258985555929,2232.4999999999995,155.3,203.95,177.25,0.1,404.85,253.4,253.5,283.2,2.284062059238364,1.6323245331616225,False,50.0,50.0,44.64999999999998
DEV_109,DEVELOPMENT,2024-03-07,2024-03-14,2024-04-04,0,D0,2024-03-07,EXECUTABLE,GATE_PASS,22505.30078125,22500.0,1.0712024000864036,5.30078125,0.023553478807162964,5044.999999999999,140.55,354.4,198.95,0.1,404.7,187.25,266.9,361.25,2.0341794420708723,1.8989683386695124,True,50.0,50.0,100.89999999999992
DEV_109,DEVELOPMENT,2024-03-07,2024-03-14,2024-04-04,1,D+1,2024-03-11,EXECUTABLE,GATE_FAIL,22517.5,22500.0,1.4561819522341666,17.5,0.07771733096480515,3022.499999999999,125.0,354.4,125.75,0.1,380.0,187.25,259.4,361.25,3.021868787276342,2.0751999999999997,False,50.0,50.0,60.44999999999993
DEV_109,DEVELOPMENT,2024-03-07,2024-03-14,2024-04-04,2,D+2,2024-03-12,EXECUTABLE,GATE_FAIL,22334.44921875,22350.0,1.4268507657065197,15.55078125,0.06962688489736724,2357.4999999999995,105.0,203.95,115.6,0.1,378.35,253.4,240.85,283.2,3.2729238754325265,2.2938095238095237,False,50.0,50.0,47.14999999999998
DEV_109,DEVELOPMENT,2024-03-07,2024-03-14,2024-04-04,3,D+3,2024-03-13,EXECUTABLE,GATE_FAIL,22432.19921875,22450.0,1.4222103311160523,17.80078125,0.07935370525383521,6819.999999999998,107.65,303.05,80.25,0.1,322.2,210.75,303.9,331.6,4.014953271028038,2.823037621922898,False,50.0,50.0,136.39999999999998
DEV_109,DEVELOPMENT,2024-03-07,2024-03-14,2024-04-04,4,D+4,2024-03-14,EXECUTABLE,GATE_FAIL,21982.55078125,22000.0,3.4577179301797147,17.44921875,0.07937758872315809,-537.4999999999982,107.0,0.2,48.0,146.2,375.45,473.75,242.05,146.1,7.8218749999999995,2.2621495327102803,False,50.0,50.0,-10.749999999999972
DEV_109,DEVELOPMENT,2024-03-07,2024-03-14,2024-04-04,5,D+5,2024-03-15,AFTER_NEAR_EXPIRY,,,,,,,,,,,,,,,,,,,,,
DEV_110,DEVELOPMENT,2024-03-14,2024-03-21,2024-04-10,-1,D-1,2024-03-13,EXECUTABLE,GATE_FAIL,22432.19921875,22400.0,1.202596525096525,32.19921875,0.14354017827679694,2900.000000000001,155.0,390.85,185.0,0.05,401.9,150.65,280.0,391.55,2.1724324324324322,1.8064516129032258,False,50.0,50.0,58.00000000000003
DEV_110,DEVELOPMENT,2024-03-14,2024-03-21,2024-04-10,0,D0,2024-03-14,EXECUTABLE,GATE_FAIL,21982.55078125,22000.0,1.3917130610933712,17.44921875,0.07937758872315809,4034.9999999999973,175.15,2.65,198.95,7.5,427.85,371.25,270.65,152.3,2.1505403367680325,1.5452469312018269,False,50.0,50.0,80.69999999999993
DEV_110,DEVELOPMENT,2024-03-14,2024-03-21,2024-04-10,1,D+1,2024-03-15,EXECUTABLE,GATE_PASS,22064.849609375,22100.0,1.0831704472830193,35.150390625,0.1593049182173676,6532.499999999998,139.0,93.55,198.0,0.15,375.55,298.65,243.4,188.25,1.8967171717171718,1.7510791366906475,True,50.0,50.0,130.64999999999995
DEV_110,DEVELOPMENT,2024-03-14,2024-03-21,2024-04-10,2,D+2,2024-03-18,EXECUTABLE,GATE_PASS,21990.099609375,22000.0,1.0910112132352943,9.900390625,0.045022036283906525,5464.999999999998,109.95,2.65,170.0,7.5,404.85,371.25,240.0,152.3,2.3814705882352944,2.1828103683492497,True,50.0,50.0,109.29999999999997
DEV_110,DEVELOPMENT,2024-03-14,2024-03-21,2024-04-10,3,D+3,2024-03-19,EXECUTABLE,GATE_PASS,21946.44921875,21950.0,1.1874402939375384,3.55078125,0.016179297227573296,3382.5,91.9,0.3,142.0,55.25,422.0,403.25,230.0,138.75,2.971830985915493,2.50272034820457,True,50.0,50.0,67.64999999999999
DEV_110,DEVELOPMENT,2024-03-14,2024-03-21,2024-04-10,4,D+4,2024-03-20,EXECUTABLE,GATE_FAIL,21843.900390625,21850.0,1.7367857142857142,6.099609375,0.027923627492908,254.99999999999955,90.0,0.15,105.0,155.4,405.25,477.25,200.0,126.65,3.8595238095238096,2.2222222222222223,False,50.0,50.0,5.099999999999994
DEV_110,DEVELOPMENT,2024-03-14,2024-03-21,2024-04-10,5,D+5,2024-03-21,EXECUTABLE,GATE_FAIL,21989.900390625,22000.0,3.0119141235094324,10.099609375,0.04592839983625295,365.00000000000045,82.1,2.65,52.25,7.5,369.95,371.25,193.0,152.3,7.080382775119617,2.3507917174177835,False,50.0,50.0,7.300000000000011
DEV_111,DEVELOPMENT,2024-03-21,2024-03-28,2024-04-18,-1,D-1,2024-03-20,EXECUTABLE,GATE_FAIL,21843.900390625,21900.0,1.8009308254200505,56.099609375,0.25682047789907025,-992.5000000000018,195.0,0.3,178.95,439.65,429.95,686.0,260.15,80.65,2.402626431964236,1.334102564102564,False,50.0,50.0,-19.849999999999994
DEV_111,DEVELOPMENT,2024-03-21,2024-03-28,2024-04-18,0,D0,2024-03-21,EXECUTABLE,GATE_FAIL,21989.900390625,22000.0,1.906912848914392,10.099609375,0.04592839983625295,-2772.5,162.0,0.7,156.35,327.15,407.65,563.3,221.5,100.5,2.60729133354653,1.367283950617284,False,50.0,50.0,-55.450000000000045
DEV_111,DEVELOPMENT,2024-03-21,2024-03-28,2024-04-18,1,D+1,2024-03-22,EXECUTABLE,GATE_PASS,21932.19921875,21950.0,0.8816760390000979,17.80078125,0.08116277383976149,4497.5,89.8,0.55,225.6,384.8,393.05,650.0,177.45,96.0,1.7422429078014185,1.9760579064587973,True,50.0,50.0,89.94999999999996
DEV_111,DEVELOPMENT,2024-03-21,2024-03-28,2024-04-18,2,D+2,2024-03-26,EXECUTABLE,GATE_PASS,21947.900390625,21950.0,0.9270698576972835,2.099609375,0.0095663336247728,917.4999999999995,65.0,0.55,200.0,384.8,441.0,650.0,154.6,96.0,2.205,2.378461538461538,True,50.0,50.0,18.349999999999994
DEV_111,DEVELOPMENT,2024-03-21,2024-03-28,2024-04-18,3,D+3,2024-03-27,EXECUTABLE,GATE_FAIL,22053.94921875,22050.0,1.2679981378026068,3.94921875,0.01790708190550481,-1889.9999999999982,71.3,0.95,120.0,268.9,382.0,500.0,179.0,115.55,3.183333333333333,2.5105189340813467,False,50.0,50.0,-37.79999999999997
DEV_111,DEVELOPMENT,2024-03-21,2024-03-28,2024-04-18,4,D+4,2024-03-28,EXECUTABLE,GATE_PASS,22163.599609375,22150.0,1.1633500251896822,13.599609375,0.06136011123954563,-107.50000000000114,36.15,2.0,76.65,164.9,381.35,490.0,154.6,143.0,4.975212002609263,4.276625172890733,True,50.0,50.0,-2.150000000000034
DEV_111,DEVELOPMENT,2024-03-21,2024-03-28,2024-04-18,5,D+5,2024-04-01,AFTER_NEAR_EXPIRY,,,,,,,,,,,,,,,,,,,,,
DEV_112,DEVELOPMENT,2024-03-28,2024-04-04,2024-04-25,-1,D-1,2024-03-27,EXECUTABLE,GATE_PASS,22053.94921875,22050.0,0.9160059041992651,3.94921875,0.01790708190550481,1042.500000000001,116.0,0.1,262.0,450.65,448.85,621.6,216.95,64.3,1.7131679389312977,1.870258620689655,True,50.0,50.0,20.850000000000023
DEV_112,DEVELOPMENT,2024-03-28,2024-04-04,2024-04-25,0,D0,2024-03-28,EXECUTABLE,GATE_PASS,22163.599609375,22150.0,0.8452637800201563,13.599609375,0.06136011123954563,1032.4999999999982,95.0,0.15,220.1,354.9,434.85,546.15,222.05,83.05,1.9756928668786917,2.3373684210526315,True,50.0,50.0,20.649999999999977
DEV_112,DEVELOPMENT,2024-03-28,2024-04-04,2024-04-25,1,D+1,2024-04-01,EXECUTABLE,GATE_FAIL,22455.0,22450.0,1.6815770722824794,5.0,0.0222667557336896,-297.5,123.9,2.5,102.0,54.75,360.0,331.65,260.05,163.5,3.5294117647058822,2.098870056497175,False,50.0,50.0,-5.950000000000017
DEV_112,DEVELOPMENT,2024-03-28,2024-04-04,2024-04-25,2,D+2,2024-04-02,EXECUTABLE,GATE_PASS,22458.80078125,22450.0,1.1049885416666667,8.80078125,0.0391863365088818,2094.9999999999995,90.05,2.5,120.0,54.75,323.95,331.65,220.0,163.5,2.6995833333333334,2.4430871737923376,True,50.0,50.0,41.89999999999999
DEV_112,DEVELOPMENT,2024-03-28,2024-04-04,2024-04-25,3,D+3,2024-04-03,EXECUTABLE,GATE_FAIL,22385.69921875,22400.0,1.497132093508846,14.30078125,0.06388355847299973,737.5000000000005,80.15,1.3,79.9,103.1,297.0,362.75,199.0,147.95,3.7171464330413015,2.4828446662507795,False,50.0,50.0,14.750000000000014
DEV_112,DEVELOPMENT,2024-03-28,2024-04-04,2024-04-25,4,D+4,2024-04-04,EXECUTABLE,GATE_FAIL,22592.099609375,22600.0,2.93143999216464,7.900390625,0.034969705169507974,477.49999999999955,90.05,98.1,38.0,0.35,265.9,240.95,214.95,226.15,6.997368421052631,2.3870072182121045,False,50.0,50.0,9.54999999999999
DEV_112,DEVELOPMENT,2024-03-28,2024-04-04,2024-04-25,5,D+5,2024-04-05,AFTER_NEAR_EXPIRY,,,,,,,,,,,,,,,,,,,,,
DEV_113,DEVELOPMENT,2024-04-04,2024-04-10,2024-05-02,-1,D-1,2024-04-03,EXECUTABLE,GATE_PASS,22385.69921875,22400.0,1.134005582845805,14.30078125,0.06388355847299973,-7365.0,115.0,0.15,158.55,353.4,370.85,548.25,237.2,89.8,2.339009776095869,2.0626086956521736,True,50.0,25.0,15.100000000000023
DEV_113,DEVELOPMENT,2024-04-04,2024-04-10,2024-05-02,0,D0,2024-04-04,EXECUTABLE,GATE_FAIL,22592.099609375,22600.0,1.3510104877642748,7.900390625,0.034969705169507974,-3439.9999999999995,140.0,0.25,125.0,151.35,362.3,393.85,300.35,137.3,2.8984,2.145357142857143,False,50.0,25.0,28.50000000000003
DEV_113,DEVELOPMENT,2024-04-04,2024-04-10,2024-05-02,1,D+1,2024-04-05,EXECUTABLE,GATE_FAIL,22486.400390625,22500.0,1.301044709440187,13.599609375,0.060479263638256356,-5363.75,116.4,0.15,140.0,251.7,325.25,470.2,207.85,111.45,2.3232142857142857,1.7856529209621992,False,50.0,25.0,13.399999999999991
DEV_113,DEVELOPMENT,2024-04-04,2024-04-10,2024-05-02,2,D+2,2024-04-08,EXECUTABLE,GATE_FAIL,22578.349609375,22600.0,1.6114234893739527,21.650390625,0.09589004953670444,-4046.2500000000005,127.9,0.25,95.0,151.35,306.35,393.85,255.95,137.3,3.2247368421052633,2.0011727912431585,False,50.0,25.0,22.149999999999977
DEV_113,DEVELOPMENT,2024-04-04,2024-04-10,2024-05-02,3,D+3,2024-04-09,EXECUTABLE,GATE_FAIL,22765.099609375,22750.0,1.6724385609134265,15.099609375,0.06632788625612586,-571.2500000000007,95.05,3.15,79.85,5.9,323.85,293.75,230.5,187.35,4.055729492798998,2.425039452919516,False,50.0,25.0,-4.90000000000002
DEV_113,DEVELOPMENT,2024-04-04,2024-04-10,2024-05-02,4,D+4,2024-04-10,EXECUTABLE,GATE_FAIL,22720.25,22700.0,1.4653560297290817,20.25,0.08912754040998669,-1006.2500000000007,50.0,0.45,50.0,51.65,305.6,326.45,208.55,167.25,6.112,4.171,False,50.0,25.0,10.949999999999982
DEV_113,DEVELOPMENT,2024-04-04,2024-04-10,2024-05-02,5,D+5,2024-04-12,AFTER_NEAR_EXPIRY,,,,,,,,,,,,,,,,,,,,,
DEV_114,DEVELOPMENT,2024-04-10,2024-04-18,2024-05-09,-1,D-1,2024-04-09,EXECUTABLE,GATE_PASS,22765.099609375,22650.0,1.1716055377723007,115.099609375,0.5055967746681868,24891.25,129.95,660.65,232.8,0.1,431.95,95.0,205.8,400.0,1.855455326460481,1.58368603308965,True,50.0,25.0,232.2500000000001
DEV_114,DEVELOPMENT,2024-04-10,2024-04-18,2024-05-09,0,D0,2024-04-10,EXECUTABLE,GATE_FAIL,22720.25,22700.0,1.2904185585899084,20.25,0.08912754040998669,20048.75,122.15,707.9,167.85,0.1,381.15,80.0,214.95,618.85,2.2707774798927614,1.7597216537044615,False,50.0,25.0,48.44999999999999
DEV_114,DEVELOPMENT,2024-04-10,2024-04-18,2024-05-09,1,D+1,2024-04-12,EXECUTABLE,GATE_FAIL,22677.400390625,22700.0,1.5717360683497537,22.599609375,0.09965696678505903,18742.5,147.65,707.9,145.0,0.1,345.75,80.0,224.0,618.85,2.3844827586206896,1.5171012529630883,False,50.0,25.0,44.549999999999955
DEV_114,DEVELOPMENT,2024-04-10,2024-04-18,2024-05-09,2,D+2,2024-04-15,EXECUTABLE,GATE_PASS,22339.05078125,22350.0,0.8800270313886872,10.94921875,0.04901380482643465,10962.5,71.05,355.9,189.0,0.2,537.25,187.2,229.5,388.25,2.8425925925925926,3.2301196340605207,True,50.0,25.0,-35.150000000000034
DEV_114,DEVELOPMENT,2024-04-10,2024-04-18,2024-05-09,3,D+3,2024-04-16,EXECUTABLE,GATE_PASS,22125.30078125,22150.0,0.8344137931034482,24.69921875,0.11163336939098815,8228.75,74.0,156.25,174.0,0.5,392.4,281.45,200.0,271.4,2.2551724137931033,2.7027027027027026,True,50.0,25.0,73.40000000000003
DEV_114,DEVELOPMENT,2024-04-10,2024-04-18,2024-05-09,4,D+4,2024-04-18,EXECUTABLE,GATE_FAIL,22212.349609375,22200.0,1.7200299700299702,12.349609375,0.055597942550785776,5615.0,60.0,206.45,60.0,0.35,344.35,251.05,200.2,294.5,5.739166666666667,3.3366666666666664,False,50.0,25.0,18.49999999999997
DEV_114,DEVELOPMENT,2024-04-10,2024-04-18,2024-05-09,5,D+5,2024-04-19,AFTER_NEAR_EXPIRY,,,,,,,,,,,,,,,,,,,,,
DEV_115,DEVELOPMENT,2024-04-18,2024-04-25,2024-05-16,-1,D-1,2024-04-16,EXECUTABLE,GATE_PASS,22125.30078125,22100.0,1.0,25.30078125,0.11435225898235493,-10357.5,132.5,0.25,265.0,482.15,460.0,606.95,230.0,92.45,1.7358490566037736,1.7358490566037736,True,50.0,25.0,-64.89999999999992
DEV_115,DEVELOPMENT,2024-04-18,2024-04-25,2024-05-16,0,D0,2024-04-18,EXECUTABLE,GATE_FAIL,22212.349609375,22200.0,1.3175901424453644,12.349609375,0.055597942550785776,-10717.500000000002,143.05,0.35,190.05,384.7,399.55,532.3,228.25,115.0,2.1023414890818204,1.5955959454736104,False,50.0,25.0,-91.35000000000008
DEV_115,DEVELOPMENT,2024-04-18,2024-04-25,2024-05-16,1,D+1,2024-04-19,EXECUTABLE,GATE_FAIL,21861.5,21900.0,1.259813728872025,38.5,0.17610868421654507,-22523.75,117.0,0.15,144.95,680.7,405.8,610.95,260.0,60.9,2.7995860641600556,2.2222222222222223,False,50.0,25.0,-248.35
DEV_115,DEVELOPMENT,2024-04-18,2024-04-25,2024-05-16,2,D+2,2024-04-22,EXECUTABLE,GATE_FAIL,22336.900390625,22350.0,2.0360449735449735,13.099609375,0.058645600535059135,-9771.25,182.0,0.6,84.0,235.7,307.85,407.55,327.6,151.95,3.6648809523809525,1.8,False,50.0,25.0,-57.75
DEV_115,DEVELOPMENT,2024-04-18,2024-04-25,2024-05-16,3,D+3,2024-04-23,EXECUTABLE,GATE_FAIL,22447.05078125,22450.0,1.613252686744215,2.94921875,0.013138557838802948,-5375.0,123.55,0.9,84.3,135.25,295.0,346.05,268.0,186.85,3.4994068801897984,2.16916228247673,False,50.0,25.0,-41.39999999999998
DEV_115,DEVELOPMENT,2024-04-18,2024-04-25,2024-05-16,4,D+4,2024-04-24,EXECUTABLE,GATE_PASS,22421.55078125,22400.0,1.1922479003388733,21.55078125,0.09611637241444432,-5648.75,69.9,0.65,82.45,185.35,309.95,378.45,220.4,170.55,3.75924802910855,3.153075822603719,True,50.0,25.0,-53.79999999999998
DEV_115,DEVELOPMENT,2024-04-18,2024-04-25,2024-05-16,5,D+5,2024-04-25,EXECUTABLE,GATE_PASS,22316.900390625,22300.0,0.6446599218416303,16.900390625,0.07572911259710423,-7607.5,32.55,0.4,90.15,284.8,349.5,444.1,195.75,141.05,3.876871880199667,6.013824884792627,True,50.0,25.0,-77.5
DEV_116,DEVELOPMENT,2024-04-25,2024-05-02,2024-05-23,-1,D-1,2024-04-24,EXECUTABLE,GATE_PASS,22421.55078125,22400.0,1.0863809149298727,21.55078125,0.09611637241444432,777.5000000000005,140.0,0.15,180.0,255.65,355.2,480.7,254.3,133.2,1.9733333333333332,1.8164285714285715,True,25.0,25.0,31.100000000000023
DEV_116,DEVELOPMENT,2024-04-25,2024-05-02,2024-05-23,0,D0,2024-04-25,EXECUTABLE,GATE_PASS,22316.900390625,22300.0,0.8776168458713246,16.900390625,0.07572911259710423,1317.5,109.0,0.15,190.3,353.65,358.0,560.05,233.65,110.8,1.8812401471361009,2.1435779816513763,True,25.0,25.0,52.70000000000003
DEV_116,DEVELOPMENT,2024-04-25,2024-05-02,2024-05-23,1,D+1,2024-04-26,EXECUTABLE,GATE_PASS,22620.400390625,22600.0,1.0741484708063023,20.400390625,0.09018580693847894,1315.0000000000005,131.05,0.5,150.0,55.4,331.65,344.35,269.75,193.9,2.211,2.0583746661579547,True,25.0,25.0,52.60000000000002
DEV_116,DEVELOPMENT,2024-04-25,2024-05-02,2024-05-23,2,D+2,2024-04-29,EXECUTABLE,GATE_PASS,22475.55078125,22500.0,1.0759640522875817,24.44921875,0.10878139978841592,1297.4999999999995,122.7,0.25,136.0,156.55,322.0,407.4,270.0,160.5,2.3676470588235294,2.2004889975550124,True,25.0,25.0,51.89999999999998
DEV_116,DEVELOPMENT,2024-04-25,2024-05-02,2024-05-23,3,D+3,2024-04-30,EXECUTABLE,GATE_PASS,22679.650390625,22700.0,1.1245561368899561,20.349609375,0.0897262921804643,1612.5,91.05,42.45,89.0,0.6,288.0,283.15,262.0,232.45,3.235955056179775,2.8775398132894017,True,25.0,25.0,64.5
DEV_116,DEVELOPMENT,2024-04-25,2024-05-02,2024-05-23,4,D+4,2024-05-02,EXECUTABLE,GATE_PASS,22567.849609375,22550.0,0.6311577389959313,17.849609375,0.0790930889914519,552.5000000000013,50.0,0.3,138.0,105.45,375.4,378.6,215.5,179.45,2.7202898550724637,4.31,True,25.0,25.0,22.10000000000005
DEV_116,DEVELOPMENT,2024-04-25,2024-05-02,2024-05-23,5,D+5,2024-05-03,AFTER_NEAR_EXPIRY,,,,,,,,,,,,,,,,,,,,,
DEV_117,DEVELOPMENT,2024-05-02,2024-05-09,2024-05-30,-1,D-1,2024-04-30,EXECUTABLE,GATE_PASS,22679.650390625,22700.0,1.144474832575284,20.349609375,0.0897262921804643,1468.75,170.5,736.3,188.95,0.1,342.7,74.25,270.2,697.65,1.8137073299814765,1.5847507331378299,True,25.0,25.0,58.75
DEV_117,DEVELOPMENT,2024-05-02,2024-05-09,2024-05-30,0,D0,2024-05-02,EXECUTABLE,GATE_PASS,22567.849609375,22550.0,0.8473231602696374,17.849609375,0.0790930889914519,1830.0,120.0,591.85,226.1,0.1,410.3,105.4,257.0,576.75,1.81468376824414,2.1416666666666666,True,25.0,25.0,73.20000000000005
DEV_117,DEVELOPMENT,2024-05-02,2024-05-09,2024-05-30,1,D+1,2024-05-03,EXECUTABLE,GATE_PASS,22766.349609375,22750.0,0.9300258192651439,16.349609375,0.07181480411013,1912.5,105.15,791.35,151.05,0.1,334.0,63.25,250.0,739.9,2.211188348229063,2.377555872563005,True,25.0,25.0,76.50000000000011
DEV_117,DEVELOPMENT,2024-05-02,2024-05-09,2024-05-30,2,D+2,2024-05-06,EXECUTABLE,GATE_PASS,22561.599609375,22550.0,0.947426889358162,11.599609375,0.05141306279622135,1773.75,104.0,591.85,150.0,0.1,355.9,105.4,260.45,576.75,2.3726666666666665,2.504326923076923,True,25.0,25.0,70.94999999999999
DEV_117,DEVELOPMENT,2024-05-02,2024-05-09,2024-05-30,3,D+3,2024-05-07,EXECUTABLE,GATE_PASS,22489.75,22500.0,1.0770442976015664,10.25,0.04557631810046799,2454.999999999999,117.7,536.5,113.5,0.1,373.9,121.1,360.0,541.2,3.294273127753304,3.058623619371283,True,25.0,25.0,98.20000000000005
DEV_117,DEVELOPMENT,2024-05-02,2024-05-09,2024-05-30,4,D+4,2024-05-08,EXECUTABLE,GATE_PASS,22231.19921875,22250.0,0.9090262967126485,18.80078125,0.08456935257969911,1411.249999999999,91.9,285.35,136.0,0.15,376.6,208.75,279.95,384.95,2.769117647058824,3.046245919477693,True,25.0,25.0,56.44999999999999
DEV_117,DEVELOPMENT,2024-05-02,2024-05-09,2024-05-30,5,D+5,2024-05-09,EXECUTABLE,GATE_PASS,22224.80078125,22200.0,0.6544021474921264,24.80078125,0.11159056719609937,161.25,39.8,234.35,110.0,0.15,388.95,234.3,215.05,358.35,3.5359090909090907,5.403266331658292,True,25.0,25.0,6.449999999999989
DEV_118,DEVELOPMENT,2024-05-09,2024-05-16,2024-06-06,-1,D-1,2024-05-08,EXECUTABLE,GATE_PASS,22231.19921875,22250.0,1.119537514098226,18.80078125,0.08456935257969911,-811.2500000000014,167.95,1.25,240.0,146.95,520.1,610.8,325.1,374.6,2.1670833333333333,1.9356951473652875,True,25.0,25.0,-32.450000000000045
DEV_118,DEVELOPMENT,2024-05-09,2024-05-16,2024-06-06,0,D0,2024-05-09,EXECUTABLE,GATE_PASS,22224.80078125,22200.0,0.732931927202822,24.80078125,0.11159056719609937,789.9999999999986,131.0,0.85,260.0,197.95,617.0,643.8,424.15,351.25,2.373076923076923,3.2377862595419846,True,25.0,25.0,31.599999999999937
DEV_118,DEVELOPMENT,2024-05-09,2024-05-16,2024-06-06,1,D+1,2024-05-10,EXECUTABLE,GATE_PASS,21990.94921875,22000.0,1.1454753694581281,9.05078125,0.041156846664368134,-439.99999999999864,159.9,0.35,182.0,399.8,567.15,777.95,435.0,286.05,3.1162087912087912,2.720450281425891,True,25.0,25.0,-17.599999999999966
DEV_118,DEVELOPMENT,2024-05-09,2024-05-16,2024-06-06,2,D+2,2024-05-13,EXECUTABLE,GATE_PASS,22027.94921875,22000.0,0.8661632194853942,27.94921875,0.12688071173784016,513.7500000000005,118.9,0.35,180.05,399.8,560.0,777.95,426.95,286.05,3.110247153568453,3.5908326324642554,True,25.0,25.0,20.55000000000001
DEV_118,DEVELOPMENT,2024-05-09,2024-05-16,2024-06-06,3,D+3,2024-05-14,EXECUTABLE,GATE_PASS,22112.900390625,22100.0,1.0574788583509513,12.900390625,0.058338754288737533,-967.4999999999995,106.0,0.55,137.6,298.1,604.0,708.7,440.0,317.45,4.3895348837209305,4.150943396226415,True,25.0,25.0,-38.69999999999999
DEV_118,DEVELOPMENT,2024-05-09,2024-05-16,2024-06-06,4,D+4,2024-05-15,EXECUTABLE,GATE_FAIL,22255.599609375,22250.0,1.5315683137381306,5.599609375,0.025160451631423164,-1677.5000000000023,99.05,1.25,85.3,146.95,594.85,610.8,451.0,374.6,6.973622508792498,4.553255931347804,False,25.0,25.0,-67.10000000000008
DEV_118,DEVELOPMENT,2024-05-09,2024-05-16,2024-06-06,5,D+5,2024-05-16,EXECUTABLE,GATE_FAIL,22319.19921875,22300.0,1.4660951029375549,19.19921875,0.08602109135649924,-550.0000000000005,65.0,1.9,54.9,97.95,555.0,579.65,448.2,388.7,10.10928961748634,6.895384615384615,False,25.0,25.0,-22.00000000000003
DEV_119,DEVELOPMENT,2024-05-16,2024-05-23,2024-06-13,-1,D-1,2024-05-15,EXECUTABLE,GATE_FAIL,22255.599609375,22500.0,2.9946,244.400390625,1.0981523522828305,-578.75,302.4,0.3,84.0,459.65,499.1,821.2,600.0,267.5,5.941666666666667,1.9841269841269842,False,25.0,25.0,-23.149999999999977
DEV_119,DEVELOPMENT,2024-05-16,2024-05-23,2024-06-13,0,D0,2024-05-16,EXECUTABLE,GATE_PASS,22319.19921875,22250.0,0.9308556671449069,69.19921875,0.31004346559112594,276.2499999999977,140.8,0.2,205.0,709.95,432.0,990.9,318.75,221.05,2.107317073170732,2.2638494318181817,True,25.0,25.0,11.049999999999898
DEV_119,DEVELOPMENT,2024-05-16,2024-05-23,2024-06-13,1,D+1,2024-05-17,EXECUTABLE,GATE_FAIL,22415.25,22500.0,1.5632167868634623,84.75,0.37809080871281825,467.5000000000009,181.95,0.3,119.3,459.65,533.8,821.2,520.8,267.5,4.474434199497066,2.8623248145094804,False,25.0,25.0,18.700000000000045
DEV_119,DEVELOPMENT,2024-05-16,2024-05-23,2024-06-13,2,D+2,2024-05-21,EXECUTABLE,GATE_PASS,22404.55078125,22400.0,0.9897543952778318,4.55078125,0.02031186116799304,-3306.2499999999986,74.0,0.2,150.05,562.7,622.85,909.45,310.35,242.75,4.150949683438854,4.19391891891892,True,25.0,25.0,-132.25
DEV_119,DEVELOPMENT,2024-05-16,2024-05-23,2024-06-13,3,D+3,2024-05-22,EXECUTABLE,GATE_FAIL,22576.599609375,22600.0,2.176848009367682,23.400390625,0.10364887108722483,-959.9999999999986,127.95,0.35,70.0,361.5,544.85,766.45,457.5,298.4,7.783571428571429,3.5756154747948417,False,25.0,25.0,-38.39999999999998
DEV_119,DEVELOPMENT,2024-05-16,2024-05-23,2024-06-13,4,D+4,2024-05-23,EXECUTABLE,GATE_FAIL,22614.099609375,22600.0,1.2512029657089898,14.099609375,0.0623487541779236,-1147.4999999999986,58.8,0.35,65.0,361.5,574.0,766.45,415.0,298.4,8.830769230769231,7.057823129251701,False,25.0,25.0,-45.89999999999992
DEV_119,DEVELOPMENT,2024-05-16,2024-05-23,2024-06-13,5,D+5,2024-05-24,AFTER_NEAR_EXPIRY,,,,,,,,,,,,,,,,,,,,,
DEV_120,DEVELOPMENT,2024-05-23,2024-05-30,2024-06-20,-1,D-1,2024-05-22,EXECUTABLE,GATE_PASS,22576.599609375,22500.0,0.6797857056591621,76.599609375,0.33928762834236464,1486.2499999999982,126.3,20.05,268.0,3.95,641.75,580.55,444.9,482.05,2.394589552238806,3.522565320665083,True,25.0,25.0,59.44999999999993
DEV_120,DEVELOPMENT,2024-05-23,2024-05-30,2024-06-20,0,D0,2024-05-23,EXECUTABLE,GATE_PASS,22614.099609375,22500.0,0.6286494083141537,114.099609375,0.5045507508408532,436.2499999999975,98.4,20.05,253.95,3.95,658.7,580.55,406.0,482.05,2.5938176806457967,4.126016260162602,True,25.0,25.0,17.449999999999875
DEV_120,DEVELOPMENT,2024-05-23,2024-05-30,2024-06-20,1,D+1,2024-05-24,EXECUTABLE,GATE_PASS,22930.75,22900.0,0.8797714392508259,30.75,0.13409940800017445,751.2499999999973,144.7,419.25,220.0,0.15,601.85,384.0,449.95,696.45,2.7356818181818183,3.109536973047685,True,25.0,25.0,30.049999999999898
DEV_120,DEVELOPMENT,2024-05-23,2024-05-30,2024-06-20,2,D+2,2024-05-27,EXECUTABLE,GATE_PASS,23038.94921875,23000.0,0.981004815994028,38.94921875,0.16905813880739665,628.7499999999991,120.15,516.65,160.45,0.15,577.6,345.3,440.9,740.25,3.5998753505765038,3.669579692051602,True,25.0,25.0,25.14999999999992
DEV_120,DEVELOPMENT,2024-05-23,2024-05-30,2024-06-20,3,D+3,2024-05-28,EXECUTABLE,GATE_FAIL,22977.150390625,23000.0,1.3448986500310616,22.849609375,0.0994449223970043,421.25,142.9,516.65,125.5,0.15,569.25,345.3,481.95,740.25,4.535856573705179,3.3726382085374387,False,25.0,25.0,16.850000000000023
DEV_120,DEVELOPMENT,2024-05-23,2024-05-30,2024-06-20,4,D+4,2024-05-29,EXECUTABLE,GATE_PASS,22762.75,22800.0,0.86795539639282,37.25,0.16364455085611362,910.0000000000027,91.9,320.15,133.65,0.2,603.3,429.6,477.95,629.55,4.514029180695847,5.2007616974972795,True,25.0,25.0,36.40000000000009
DEV_120,DEVELOPMENT,2024-05-23,2024-05-30,2024-06-20,5,D+5,2024-05-30,EXECUTABLE,GATE_FAIL,22617.44921875,22700.0,1.9016321873971462,82.55078125,0.36498714090873213,672.5000000000014,90.0,220.3,52.45,0.35,557.55,475.8,503.1,576.85,10.630123927550047,5.59,False,25.0,25.0,26.900000000000063
DEV_121,DEVELOPMENT,2024-05-30,2024-06-06,2024-06-27,-1,D-1,2024-05-29,EXECUTABLE,GATE_PASS,22762.75,22750.0,1.0372037652691712,12.75,0.056012564386991905,827.5000000000027,382.45,2.15,569.95,56.15,733.9,430.9,474.8,272.2,1.2876568120010525,1.241469473133743,True,25.0,25.0,33.10000000000008
DEV_121,DEVELOPMENT,2024-05-30,2024-06-06,2024-06-27,0,D0,2024-05-30,EXECUTABLE,GATE_PASS,22617.44921875,22600.0,0.9462353471596032,17.44921875,0.0771493663199407,2056.250000000001,365.0,0.35,554.5,206.35,690.0,531.9,480.0,223.15,1.2443642921550946,1.3150684931506849,True,25.0,25.0,82.25
DEV_121,DEVELOPMENT,2024-05-30,2024-06-06,2024-06-27,1,D+1,2024-05-31,EXECUTABLE,GATE_PASS,22568.099609375,22550.0,1.1706220475122024,18.099609375,0.08019997114635764,576.2499999999991,500.0,0.25,557.0,256.45,629.15,576.25,482.45,207.3,1.1295332136445242,0.9649,True,25.0,25.0,23.05000000000001
DEV_121,DEVELOPMENT,2024-05-30,2024-06-06,2024-06-27,2,D+2,2024-06-03,EXECUTABLE,GATE_FAIL,23337.900390625,23350.0,1.2603133640129687,12.099609375,0.05184532101208427,-110.00000000000136,382.35,539.6,330.7,32.55,509.55,150.25,467.45,567.95,1.5408224977320835,1.2225709428534064,False,25.0,25.0,-4.400000000000091
DEV_121,DEVELOPMENT,2024-05-30,2024-06-06,2024-06-27,3,D+3,2024-06-04,EXECUTABLE,GATE_FAIL,23179.5,23200.0,2.1088458412354374,20.5,0.08844021657067667,-4872.500000000002,250.0,390.45,200.0,0.15,622.7,202.45,369.1,484.05,3.1135,1.4764000000000002,False,25.0,25.0,-194.9000000000001
DEV_121,DEVELOPMENT,2024-05-30,2024-06-06,2024-06-27,4,D+4,2024-06-05,EXECUTABLE,GATE_FAIL,22128.349609375,22150.0,2.131774525178602,21.650390625,0.09784006040752127,-2102.5,490.4,0.1,191.3,657.15,498.95,887.5,600.0,116.5,2.608207004704652,1.2234910277324633,False,25.0,25.0,-84.09999999999991
DEV_121,DEVELOPMENT,2024-05-30,2024-06-06,2024-06-27,5,D+5,2024-06-06,EXECUTABLE,GATE_FAIL,22798.599609375,22800.0,2.226298611111111,1.400390625,0.006142441417428753,297.5,235.0,5.35,90.0,15.7,341.05,402.7,400.0,294.4,3.7894444444444444,1.702127659574468,False,25.0,25.0,11.899999999999977
DEV_122,DEVELOPMENT,2024-06-06,2024-06-13,2024-07-04,-1,D-1,2024-06-05,EXECUTABLE,GATE_FAIL,22128.349609375,22200.0,1.6711385069421378,71.650390625,0.32379455264320417,-6498.7499999999945,599.5,0.1,335.3,1196.95,500.0,1195.4,534.95,29.25,1.4912019087384432,0.89232693911593,False,25.0,25.0,-259.95000000000005
DEV_122,DEVELOPMENT,2024-06-06,2024-06-13,2024-07-04,0,D0,2024-06-06,EXECUTABLE,GATE_PASS,22798.599609375,22800.0,0.9557793882815379,1.400390625,0.006142441417428753,1568.750000000001,310.0,0.1,300.0,597.4,376.5,720.15,407.05,80.65,1.255,1.3130645161290322,True,25.0,25.0,62.75
DEV_122,DEVELOPMENT,2024-06-06,2024-06-13,2024-07-04,1,D+1,2024-06-07,EXECUTABLE,GATE_PASS,22821.849609375,22800.0,1.0163823279393296,21.849609375,0.09573987099636476,-313.75,216.5,0.1,294.35,597.4,479.85,720.15,347.25,80.65,1.6302021403091558,1.6039260969976905,True,25.0,25.0,-12.549999999999955
DEV_122,DEVELOPMENT,2024-06-06,2024-06-13,2024-07-04,2,D+2,2024-06-10,EXECUTABLE,GATE_FAIL,23319.150390625,23300.0,1.2675620884585401,19.150390625,0.08212302036826793,-1256.2499999999995,208.95,0.2,209.9,95.2,464.7,353.35,364.95,209.8,2.213911386374464,1.7465900933237617,False,25.0,25.0,-50.25
DEV_122,DEVELOPMENT,2024-06-06,2024-06-13,2024-07-04,3,D+3,2024-06-11,EXECUTABLE,GATE_FAIL,23283.75,23300.0,1.6279977569456414,16.25,0.06979116336500779,-1366.2499999999995,195.0,0.2,135.3,95.2,379.2,353.35,335.7,209.8,2.8026607538802657,1.7215384615384615,False,25.0,25.0,-54.64999999999998
DEV_122,DEVELOPMENT,2024-06-06,2024-06-13,2024-07-04,4,D+4,2024-06-12,EXECUTABLE,GATE_FAIL,23344.44921875,23350.0,1.9384314267735352,5.55078125,0.023777734903857466,-1213.75,131.8,0.45,75.85,44.9,329.2,320.9,295.1,234.95,4.340145023071853,2.238998482549317,False,25.0,25.0,-48.55000000000001
DEV_122,DEVELOPMENT,2024-06-06,2024-06-13,2024-07-04,5,D+5,2024-06-13,EXECUTABLE,GATE_FAIL,23480.94921875,23500.0,2.435513102184074,19.05078125,0.08113292640992373,316.25000000000125,132.0,105.15,45.95,0.15,300.0,242.3,353.85,302.45,6.528835690968443,2.680681818181818,False,25.0,25.0,12.650000000000055
DEV_123,DEVELOPMENT,2024-06-13,2024-06-20,2024-07-11,-1,D-1,2024-06-12,EXECUTABLE,GATE_FAIL,23344.44921875,23350.0,1.555081786586877,5.55078125,0.023777734903857466,-1150.0,205.0,0.15,176.25,215.05,463.0,458.2,346.3,143.85,2.626950354609929,1.6892682926829268,False,25.0,25.0,-46.0
DEV_123,DEVELOPMENT,2024-06-13,2024-06-20,2024-07-11,0,D0,2024-06-13,EXECUTABLE,GATE_FAIL,23480.94921875,23500.0,1.6452158733710245,19.05078125,0.08113292640992373,-636.2500000000005,200.15,0.4,146.4,64.7,361.5,363.6,300.4,209.9,2.469262295081967,1.5008743442418184,False,25.0,25.0,-25.450000000000003
DEV_123,DEVELOPMENT,2024-06-13,2024-06-20,2024-07-11,1,D+1,2024-06-14,EXECUTABLE,GATE_FAIL,23464.94921875,23450.0,1.7407686097781945,14.94921875,0.06370871980432251,-161.24999999999955,170.0,0.25,109.55,114.75,373.55,396.25,333.0,187.2,3.409858512094934,1.9588235294117646,False,25.0,25.0,-6.449999999999989
DEV_123,DEVELOPMENT,2024-06-13,2024-06-20,2024-07-11,2,D+2,2024-06-18,EXECUTABLE,GATE_PASS,23570.80078125,23550.0,1.0304690217353973,20.80078125,0.08824808899384749,3289.9999999999986,114.2,1.85,94.5,15.85,361.25,334.15,423.65,231.25,3.822751322751323,3.7097197898423815,True,25.0,25.0,131.59999999999997
DEV_123,DEVELOPMENT,2024-06-13,2024-06-20,2024-07-11,3,D+3,2024-06-19,EXECUTABLE,GATE_FAIL,23629.849609375,23650.0,1.359236495201171,20.150390625,0.08527515391805733,3243.75,104.5,85.95,56.85,0.35,240.95,281.9,325.85,275.0,4.23834652594547,3.1181818181818186,False,25.0,25.0,129.75
DEV_123,DEVELOPMENT,2024-06-13,2024-06-20,2024-07-11,4,D+4,2024-06-20,EXECUTABLE,GATE_FAIL,23586.150390625,23600.0,1.9295676765729068,13.849609375,0.05871924475010949,1525.000000000001,85.0,36.2,42.0,1.0,282.55,305.85,296.35,250.85,6.727380952380953,3.4864705882352944,False,25.0,25.0,61.00000000000004
DEV_123,DEVELOPMENT,2024-06-13,2024-06-20,2024-07-11,5,D+5,2024-06-21,AFTER_NEAR_EXPIRY,,,,,,,,,,,,,,,,,,,,,
DEV_124,DEVELOPMENT,2024-06-20,2024-06-27,2024-07-18,-1,D-1,2024-06-19,EXECUTABLE,GATE_PASS,23629.849609375,23600.0,1.131907069534082,29.849609375,0.1263216223058709,-1011.25,151.0,0.2,168.0,439.4,402.8,605.5,319.85,140.8,2.3976190476190475,2.1182119205298013,True,25.0,25.0,-40.44999999999999
DEV_124,DEVELOPMENT,2024-06-20,2024-06-27,2024-07-18,0,D0,2024-06-20,EXECUTABLE,GATE_FAIL,23586.150390625,23600.0,1.4267412197437115,13.849609375,0.05871924475010949,-871.2500000000009,199.0,0.2,140.0,439.4,362.55,605.5,361.2,140.8,2.589642857142857,1.815075376884422,False,25.0,25.0,-34.85000000000002
DEV_124,DEVELOPMENT,2024-06-20,2024-06-27,2024-07-18,1,D+1,2024-06-21,EXECUTABLE,GATE_PASS,23661.150390625,23650.0,1.1882944814974181,11.150390625,0.04712531065022941,736.2499999999991,154.95,0.2,116.2,389.75,356.45,568.3,400.0,154.1,3.0675559380378656,2.5814778960955147,True,25.0,25.0,29.44999999999996
DEV_124,DEVELOPMENT,2024-06-20,2024-06-27,2024-07-18,2,D+2,2024-06-24,EXECUTABLE,GATE_FAIL,23382.30078125,23400.0,1.6042778873548105,17.69921875,0.07569494086823485,-2821.25,120.4,0.15,130.0,643.0,364.8,775.4,210.6,100.8,2.806153846153846,1.7491694352159468,False,25.0,25.0,-112.85000000000004
DEV_124,DEVELOPMENT,2024-06-20,2024-06-27,2024-07-18,3,D+3,2024-06-25,EXECUTABLE,GATE_FAIL,23577.099609375,23600.0,1.5017521024354485,22.900390625,0.0971298039386239,-1527.5000000000005,116.0,0.2,94.95,439.4,351.5,605.5,285.95,140.8,3.701948393891522,2.465086206896552,False,25.0,25.0,-61.10000000000002
DEV_124,DEVELOPMENT,2024-06-20,2024-06-27,2024-07-18,4,D+4,2024-06-26,EXECUTABLE,GATE_PASS,23723.099609375,23700.0,0.8769801496908559,23.099609375,0.09737180113627056,-662.5000000000005,72.0,0.25,109.75,335.7,374.3,533.75,280.0,168.25,3.410478359908884,3.888888888888889,True,25.0,25.0,-26.5
DEV_124,DEVELOPMENT,2024-06-20,2024-06-27,2024-07-18,5,D+5,2024-06-27,EXECUTABLE,GATE_FAIL,23881.55078125,23900.0,1.9950083752093801,18.44921875,0.07725301811005063,-664.9999999999998,96.05,0.7,49.75,135.15,310.0,393.8,300.0,229.65,6.231155778894473,3.123373243102551,False,25.0,25.0,-26.599999999999994
DEV_125,DEVELOPMENT,2024-06-27,2024-07-04,2024-07-25,-1,D-1,2024-06-26,EXECUTABLE,GATE_PASS,23723.099609375,23700.0,0.8675387148222462,23.099609375,0.09737180113627056,1148.7500000000018,163.0,0.05,240.0,599.3,413.8,742.25,323.95,84.2,1.7241666666666666,1.9874233128834355,True,25.0,25.0,45.94999999999999
DEV_125,DEVELOPMENT,2024-06-27,2024-07-04,2024-07-25,0,D0,2024-06-27,EXECUTABLE,GATE_FAIL,23881.55078125,23900.0,1.4290395994538005,18.44921875,0.07725301811005063,-898.7499999999991,180.0,0.1,152.1,400.65,392.45,581.1,325.0,121.15,2.5802103879026954,1.8055555555555556,False,25.0,25.0,-35.94999999999996
DEV_125,DEVELOPMENT,2024-06-27,2024-07-04,2024-07-25,1,D+1,2024-06-28,EXECUTABLE,GATE_FAIL,24085.900390625,24100.0,1.4761480339737927,14.099609375,0.05853885113835319,-671.25,192.7,0.15,145.6,199.6,387.75,433.0,347.65,173.2,2.663118131868132,1.8040996367410482,False,25.0,25.0,-26.849999999999994
DEV_125,DEVELOPMENT,2024-06-27,2024-07-04,2024-07-25,2,D+2,2024-07-01,EXECUTABLE,GATE_PASS,23992.94921875,24000.0,0.9138087163159837,7.05078125,0.02938688856345329,397.4999999999991,124.75,0.1,189.0,300.05,381.0,501.2,275.2,143.8,2.015873015873016,2.2060120240480963,True,25.0,25.0,15.899999999999949
DEV_125,DEVELOPMENT,2024-06-27,2024-07-04,2024-07-25,3,D+3,2024-07-02,EXECUTABLE,GATE_FAIL,24228.75,24250.0,1.6182025736820258,21.25,0.0877057215085384,516.2499999999986,150.9,0.35,87.6,49.05,310.0,337.95,330.0,225.3,3.538812785388128,2.1868787276341948,False,25.0,25.0,20.649999999999963
DEV_125,DEVELOPMENT,2024-06-27,2024-07-04,2024-07-25,4,D+4,2024-07-03,EXECUTABLE,GATE_FAIL,24291.75,24300.0,1.7302281343707482,8.25,0.03396214764271821,584.9999999999993,111.0,3.15,62.05,2.2,295.0,307.2,305.0,245.8,4.754230459307011,2.7477477477477477,False,25.0,25.0,23.399999999999977
DEV_125,DEVELOPMENT,2024-06-27,2024-07-04,2024-07-25,5,D+5,2024-07-04,EXECUTABLE,GATE_FAIL,24369.94921875,24350.0,1.6089518345504632,19.94921875,0.08185991103605282,-189.9999999999988,80.0,50.9,59.0,0.2,317.95,279.1,267.95,266.4,5.388983050847457,3.3493749999999998,False,25.0,25.0,-7.599999999999959
DEV_126,DEVELOPMENT,2024-07-04,2024-07-11,2024-08-01,-1,D-1,2024-07-03,EXECUTABLE,GATE_FAIL,24291.75,24300.0,1.4999560408104848,8.25,0.03396214764271821,697.5000000000014,199.0,2.4,140.0,13.75,368.65,392.25,349.35,274.7,2.6332142857142857,1.7555276381909548,False,25.0,25.0,27.900000000000063
DEV_126,DEVELOPMENT,2024-07-04,2024-07-11,2024-08-01,0,D0,2024-07-04,EXECUTABLE,GATE_PASS,24369.94921875,24350.0,0.8354093777333501,19.94921875,0.08185991103605282,4041.2499999999986,170.0,36.5,192.0,1.1,377.55,367.65,400.15,286.0,1.9664062500000001,2.3538235294117644,True,25.0,25.0,161.64999999999995
DEV_126,DEVELOPMENT,2024-07-04,2024-07-11,2024-08-01,1,D+1,2024-07-05,EXECUTABLE,GATE_PASS,24213.349609375,24200.0,0.6327227812412205,13.349609375,0.055133261570019444,3140.000000000001,93.25,0.2,200.5,113.45,390.65,461.85,287.15,226.75,1.9483790523690772,3.079356568364611,True,25.0,25.0,125.60000000000002
DEV_126,DEVELOPMENT,2024-07-04,2024-07-11,2024-08-01,2,D+2,2024-07-08,EXECUTABLE,GATE_PASS,24329.44921875,24350.0,1.1964491729902693,20.55078125,0.08446874840948768,1773.7499999999998,124.85,36.5,117.2,1.1,350.7,367.65,312.25,286.0,2.992320819112628,2.50100120144173,True,25.0,25.0,70.95
DEV_126,DEVELOPMENT,2024-07-04,2024-07-11,2024-08-01,3,D+3,2024-07-09,EXECUTABLE,GATE_FAIL,24351.0,24350.0,1.3125477209149252,1.0,0.004106607531518213,873.7499999999997,106.85,36.5,103.0,1.1,373.25,367.65,295.0,286.0,3.6237864077669903,2.7608797379503978,False,25.0,25.0,34.94999999999999
DEV_126,DEVELOPMENT,2024-07-04,2024-07-11,2024-08-01,4,D+4,2024-07-10,EXECUTABLE,GATE_PASS,24459.849609375,24450.0,1.0655627660580833,9.849609375,0.040268478883961865,892.4999999999995,73.95,136.4,85.25,0.15,380.8,313.95,310.0,355.0,4.4668621700879765,4.192021636240703,True,25.0,25.0,35.69999999999999
DEV_126,DEVELOPMENT,2024-07-04,2024-07-11,2024-08-01,5,D+5,2024-07-11,EXECUTABLE,GATE_FAIL,24396.55078125,24400.0,1.6252311390458025,3.44921875,0.014138141005780626,1523.75,69.85,86.2,46.65,0.25,360.85,337.05,332.45,310.45,7.735262593783495,4.759484609878311,False,25.0,25.0,60.949999999999996
DEV_127,DEVELOPMENT,2024-07-11,2024-07-18,2024-08-08,-1,D-1,2024-07-10,EXECUTABLE,GATE_FAIL,24459.849609375,24500.0,1.2151761590835404,40.150390625,0.16414814999357605,796.25,178.95,0.3,146.1,305.8,377.0,560.25,380.0,193.05,2.5804243668720055,2.123498183850238,False,25.0,25.0,31.849999999999966
DEV_127,DEVELOPMENT,2024-07-11,2024-07-18,2024-08-08,0,D0,2024-07-11,EXECUTABLE,GATE_FAIL,24396.55078125,24400.0,1.543211975416734,3.44921875,0.014138141005780626,-1960.0,166.25,0.2,141.0,405.05,491.4,634.05,375.45,166.4,3.4851063829787234,2.258345864661654,False,25.0,25.0,-78.40000000000006
DEV_127,DEVELOPMENT,2024-07-11,2024-07-18,2024-08-08,1,D+1,2024-07-12,EXECUTABLE,GATE_PASS,24387.94921875,24400.0,0.9955177508664854,12.05078125,0.04941285198648474,516.2499999999991,109.9,0.2,130.25,405.05,410.0,634.05,347.5,166.4,3.147792706333973,3.1619654231119196,True,25.0,25.0,20.64999999999995
DEV_127,DEVELOPMENT,2024-07-11,2024-07-18,2024-08-08,2,D+2,2024-07-15,EXECUTABLE,GATE_FAIL,24587.599609375,24600.0,1.2555385934860877,12.400390625,0.0504335145439405,389.9999999999991,120.05,0.35,104.75,205.7,383.05,495.8,349.65,226.15,3.656801909307876,2.9125364431486878,False,25.0,25.0,15.599999999999994
DEV_127,DEVELOPMENT,2024-07-11,2024-07-18,2024-08-08,3,D+3,2024-07-16,EXECUTABLE,GATE_PASS,24615.900390625,24600.0,1.1796279846279847,15.900390625,0.06459398345248296,-475.0000000000007,93.95,0.35,104.0,205.7,398.6,495.8,305.25,226.15,3.832692307692308,3.2490686535391164,True,25.0,25.0,-19.00000000000003
DEV_127,DEVELOPMENT,2024-07-11,2024-07-18,2024-08-08,4,D+4,2024-07-18,EXECUTABLE,GATE_PASS,24543.80078125,24550.0,0.960942996742671,6.19921875,0.025257778146308266,-907.5,69.0,0.3,100.0,255.85,427.55,523.25,307.0,214.45,4.2755,4.449275362318841,True,25.0,25.0,-36.30000000000001
DEV_127,DEVELOPMENT,2024-07-11,2024-07-18,2024-08-08,5,D+5,2024-07-19,AFTER_NEAR_EXPIRY,,,,,,,,,,,,,,,,,,,,,
DEV_128,DEVELOPMENT,2024-07-18,2024-07-25,2024-08-14,-1,D-1,2024-07-16,EXECUTABLE,GATE_FAIL,24615.900390625,24600.0,1.2019024325372283,15.900390625,0.06459398345248296,-1477.5,229.75,196.9,250.4,0.15,457.1,195.1,348.95,363.45,1.825479233226837,1.5188248095756256,False,25.0,25.0,-59.099999999999994
DEV_128,DEVELOPMENT,2024-07-18,2024-07-25,2024-08-14,0,D0,2024-07-18,EXECUTABLE,GATE_PASS,24543.80078125,24500.0,1.0901484827223293,43.80078125,0.17845965113708542,-1648.75,184.95,97.2,285.05,0.25,504.05,245.55,300.0,304.5,1.7682862655674443,1.6220600162206003,True,25.0,25.0,-65.94999999999999
DEV_128,DEVELOPMENT,2024-07-18,2024-07-25,2024-08-14,1,D+1,2024-07-19,EXECUTABLE,GATE_PASS,24853.80078125,24800.0,1.0315148305084745,53.80078125,0.21646902911762272,-651.2500000000018,225.0,397.25,240.0,0.1,389.5,121.65,354.0,524.35,1.6229166666666666,1.5733333333333333,True,25.0,25.0,-26.050000000000068
DEV_128,DEVELOPMENT,2024-07-18,2024-07-25,2024-08-14,2,D+2,2024-07-22,EXECUTABLE,GATE_PASS,24445.75,24450.0,1.0984270522669077,4.25,0.017385435096080096,-1036.25,198.1,47.15,250.0,0.45,460.15,268.2,331.95,280.05,1.8406,1.6756688541140838,True,25.0,25.0,-41.44999999999999
DEV_128,DEVELOPMENT,2024-07-18,2024-07-25,2024-08-14,3,D+3,2024-07-23,EXECUTABLE,GATE_FAIL,24568.900390625,24550.0,1.2550395600295094,18.900390625,0.07692810962029058,-891.2499999999998,230.85,147.2,200.05,0.15,405.4,217.45,372.75,336.7,2.0264933766558357,1.6146848602988955,False,25.0,25.0,-35.64999999999998
DEV_128,DEVELOPMENT,2024-07-18,2024-07-25,2024-08-14,4,D+4,2024-07-24,EXECUTABLE,GATE_FAIL,24444.94921875,24450.0,1.5696435538215996,5.05078125,0.020661860267338586,-1852.5,119.0,47.15,100.0,0.45,371.9,268.2,281.95,280.05,3.719,2.369327731092437,False,25.0,25.0,-74.10000000000001
DEV_128,DEVELOPMENT,2024-07-18,2024-07-25,2024-08-14,5,D+5,2024-07-25,EXECUTABLE,GATE_PASS,24230.94921875,24250.0,0.9639248360219819,19.05078125,0.0786216878175719,112.50000000000091,72.5,0.2,88.2,153.1,330.75,379.1,282.05,188.7,3.75,3.890344827586207,True,25.0,25.0,4.500000000000057
DEV_129,DEVELOPMENT,2024-07-25,2024-08-01,2024-08-22,-1,D-1,2024-07-24,EXECUTABLE,GATE_PASS,24444.94921875,24450.0,1.1299655749726116,5.05078125,0.020661860267338586,-526.2499999999982,205.0,0.1,231.55,560.05,427.5,696.7,334.95,91.8,1.8462535089613474,1.6339024390243901,True,25.0,25.0,-21.049999999999955
DEV_129,DEVELOPMENT,2024-07-25,2024-08-01,2024-08-22,0,D0,2024-07-25,EXECUTABLE,GATE_PASS,24230.94921875,24250.0,1.1481831752263725,19.05078125,0.0786216878175719,-7737.5,190.0,0.1,191.8,757.55,392.4,560.0,338.55,60.0,2.045881126173097,1.781842105263158,True,25.0,25.0,-309.49999999999994
DEV_129,DEVELOPMENT,2024-07-25,2024-08-01,2024-08-22,1,D+1,2024-07-26,EXECUTABLE,GATE_FAIL,24423.349609375,24400.0,1.2626262626262628,23.349609375,0.0956036323782433,-2113.7500000000027,155.0,0.1,165.0,608.7,375.0,696.05,279.0,86.0,2.272727272727273,1.8,False,25.0,25.0,-84.55000000000007
DEV_129,DEVELOPMENT,2024-07-25,2024-08-01,2024-08-22,2,D+2,2024-07-29,EXECUTABLE,GATE_PASS,24943.30078125,24900.0,0.8025741363350671,43.30078125,0.1735968372018727,204.99999999999955,108.2,0.25,169.8,102.15,340.0,337.2,269.95,218.65,2.0023557126030624,2.494916820702403,True,25.0,25.0,8.199999999999974
DEV_129,DEVELOPMENT,2024-07-25,2024-08-01,2024-08-22,3,D+3,2024-07-30,EXECUTABLE,GATE_FAIL,24839.400390625,24850.0,1.2539469471306048,10.599609375,0.0426725653933279,-673.7499999999991,127.95,0.2,115.2,152.3,326.9,372.0,289.55,196.75,2.8376736111111107,2.262993356779992,False,25.0,25.0,-26.94999999999999
DEV_129,DEVELOPMENT,2024-07-25,2024-08-01,2024-08-22,4,D+4,2024-07-31,EXECUTABLE,GATE_FAIL,24886.69921875,24900.0,1.4066655349968877,13.30078125,0.053445340955376675,-1045.0000000000002,112.0,0.25,90.3,102.15,310.75,337.2,274.0,218.65,3.4413067552602437,2.4464285714285716,False,25.0,25.0,-41.800000000000026
DEV_129,DEVELOPMENT,2024-07-25,2024-08-01,2024-08-22,5,D+5,2024-08-01,EXECUTABLE,GATE_FAIL,25030.94921875,25050.0,1.7775821525021338,19.05078125,0.07610890455456472,-823.7500000000014,88.7,45.3,52.15,0.25,293.1,256.4,280.45,285.2,5.620325982742091,3.161781285231116,False,25.0,25.0,-32.95000000000005
DEV_130,DEVELOPMENT,2024-08-01,2024-08-08,2024-08-29,-1,D-1,2024-07-31,EXECUTABLE,GATE_FAIL,24886.69921875,24900.0,1.2804542970402997,13.30078125,0.053445340955376675,-933.75,190.05,773.0,163.0,0.1,355.05,66.9,323.3,818.35,2.1782208588957057,1.7011312812417785,False,25.0,25.0,-37.349999999999966
DEV_130,DEVELOPMENT,2024-08-01,2024-08-08,2024-08-29,0,D0,2024-08-01,EXECUTABLE,GATE_FAIL,25030.94921875,25050.0,1.2595681263323573,19.05078125,0.07610890455456472,-1281.2500000000018,205.0,921.0,155.05,0.1,321.0,43.0,336.95,981.15,2.0702999032570135,1.6436585365853658,False,25.0,25.0,-51.25
DEV_130,DEVELOPMENT,2024-08-01,2024-08-08,2024-08-29,1,D+1,2024-08-02,EXECUTABLE,GATE_PASS,24789.0,24800.0,0.8436130771823391,11.0,0.04437452095687604,187.50000000000182,125.15,674.5,172.0,0.1,400.0,85.3,345.0,744.05,2.3255813953488373,2.756691969636436,True,25.0,25.0,7.500000000000057
DEV_130,DEVELOPMENT,2024-08-01,2024-08-08,2024-08-29,2,D+2,2024-08-05,EXECUTABLE,GATE_FAIL,24302.849609375,24300.0,1.2015957008390614,2.849609375,0.01172541253722256,-2042.4999999999982,137.2,166.05,153.3,0.25,371.9,257.2,277.0,425.9,2.4259621656881927,2.0189504373177845,False,25.0,25.0,-81.69999999999993
DEV_130,DEVELOPMENT,2024-08-01,2024-08-08,2024-08-29,3,D+3,2024-08-06,EXECUTABLE,GATE_PASS,24189.849609375,24200.0,0.9685284640171857,10.150390625,0.04196136308787187,-804.9999999999993,142.0,64.55,180.0,0.6,400.05,310.6,325.85,370.55,2.2225,2.2947183098591553,True,25.0,25.0,-32.199999999999974
DEV_130,DEVELOPMENT,2024-08-01,2024-08-08,2024-08-29,4,D+4,2024-08-07,EXECUTABLE,GATE_FAIL,24289.400390625,24300.0,1.5646641310221556,10.599609375,0.043638826832016565,-1166.2499999999986,150.5,166.05,92.4,0.25,350.15,257.2,364.5,425.9,3.789502164502164,2.4219269102990033,False,25.0,25.0,-46.64999999999995
DEV_130,DEVELOPMENT,2024-08-01,2024-08-08,2024-08-29,5,D+5,2024-08-08,EXECUTABLE,GATE_PASS,24248.55078125,24250.0,0.9262671762671761,1.44921875,0.005976516960018068,-1444.999999999999,75.0,114.6,99.9,0.35,407.15,280.55,330.0,400.35,4.075575575575575,4.4,True,25.0,25.0,-57.79999999999998
DEV_131,DEVELOPMENT,2024-08-08,2024-08-14,2024-09-05,-1,D-1,2024-08-07,EXECUTABLE,GATE_PASS,24289.400390625,24300.0,1.1352939092792371,10.599609375,0.043638826832016565,686.2499999999985,215.65,156.7,213.2,0.15,431.0,277.45,384.0,357.1,2.021575984990619,1.7806631115233016,True,25.0,25.0,27.449999999999932
DEV_131,DEVELOPMENT,2024-08-08,2024-08-14,2024-09-05,0,D0,2024-08-08,EXECUTABLE,GATE_PASS,24248.55078125,24200.0,0.8965656565656565,48.55078125,0.2002213727656727,165.00000000000114,140.0,56.7,220.0,0.25,507.2,329.3,360.0,311.95,2.305454545454545,2.5714285714285716,True,25.0,25.0,6.600000000000023
DEV_131,DEVELOPMENT,2024-08-08,2024-08-14,2024-09-05,1,D+1,2024-08-09,EXECUTABLE,GATE_FAIL,24386.849609375,24400.0,1.4176333530155893,13.150390625,0.05392410596547335,612.5000000000009,186.15,256.05,130.1,0.15,365.45,230.7,368.85,409.45,2.8089930822444273,1.9814665592264304,False,25.0,25.0,24.50000000000003
DEV_131,DEVELOPMENT,2024-08-08,2024-08-14,2024-09-05,2,D+2,2024-08-12,EXECUTABLE,GATE_PASS,24320.05078125,24300.0,0.9363856559595607,20.05078125,0.0824454744373253,917.499999999998,122.25,156.7,164.0,0.15,401.85,277.45,319.9,357.1,2.450304878048781,2.616768916155419,True,25.0,25.0,36.6999999999999
DEV_131,DEVELOPMENT,2024-08-08,2024-08-14,2024-09-05,3,D+3,2024-08-13,EXECUTABLE,GATE_FAIL,24342.349609375,24350.0,1.2398468816341541,7.650390625,0.03142831627910559,407.49999999999955,124.75,206.6,117.3,0.15,371.6,255.15,318.75,385.0,3.1679454390451838,2.555110220440882,False,25.0,25.0,16.299999999999983
DEV_131,DEVELOPMENT,2024-08-08,2024-08-14,2024-09-05,4,D+4,2024-08-14,EXECUTABLE,GATE_FAIL,24184.400390625,24200.0,1.3774724041916937,15.599609375,0.06450277502454489,593.7500000000015,104.2,56.7,82.0,0.25,359.4,329.3,331.55,311.95,4.382926829268293,3.181861804222649,False,25.0,25.0,23.750000000000057
DEV_131,DEVELOPMENT,2024-08-08,2024-08-14,2024-09-05,5,D+5,2024-08-16,AFTER_NEAR_EXPIRY,,,,,,,,,,,,,,,,,,,,,
DEV_132,DEVELOPMENT,2024-08-14,2024-08-22,2024-09-12,-1,D-1,2024-08-13,EXECUTABLE,GATE_FAIL,24342.349609375,24350.0,1.387824316695781,7.650390625,0.03142831627910559,-146.24999999999818,227.9,0.1,189.0,458.8,411.0,626.35,357.1,80.7,2.1746031746031744,1.5669153137340939,False,25.0,25.0,-5.849999999999966
DEV_132,DEVELOPMENT,2024-08-14,2024-08-22,2024-09-12,0,D0,2024-08-14,EXECUTABLE,GATE_FAIL,24184.400390625,24200.0,1.4183612956498892,15.599609375,0.06450277502454489,773.7499999999991,226.95,0.1,181.9,608.65,424.6,795.25,373.5,59.6,2.3342495876855414,1.6457369464639788,False,25.0,25.0,30.949999999999932
DEV_132,DEVELOPMENT,2024-08-14,2024-08-22,2024-09-12,1,D+1,2024-08-16,EXECUTABLE,GATE_FAIL,24334.849609375,24350.0,1.6206177707103493,15.150390625,0.06225799981588261,-838.7499999999991,189.5,0.1,145.0,458.8,392.6,626.35,316.6,80.7,2.707586206896552,1.670712401055409,False,25.0,25.0,-33.55000000000001
DEV_132,DEVELOPMENT,2024-08-14,2024-08-22,2024-09-12,2,D+2,2024-08-19,EXECUTABLE,GATE_FAIL,24636.349609375,24650.0,1.6521150958592525,13.650390625,0.05540752116866188,-1608.749999999999,135.0,0.15,117.1,158.9,483.8,420.45,337.6,161.95,4.131511528608027,2.5007407407407407,False,25.0,25.0,-64.35
DEV_132,DEVELOPMENT,2024-08-14,2024-08-22,2024-09-12,3,D+3,2024-08-20,EXECUTABLE,GATE_FAIL,24648.900390625,24650.0,2.3008630672926453,1.099609375,0.0044610889637017115,-977.5000000000005,129.9,0.15,75.0,158.9,339.55,420.45,255.6,161.95,4.527333333333334,1.9676674364896072,False,25.0,25.0,-39.10000000000002
DEV_132,DEVELOPMENT,2024-08-14,2024-08-22,2024-09-12,4,D+4,2024-08-21,EXECUTABLE,GATE_FAIL,24680.55078125,24700.0,1.7072170920700351,19.44921875,0.07880382784964313,57.500000000000455,99.15,0.15,78.3,108.95,342.85,390.6,254.3,170.1,4.378671775223499,2.5648008068582957,False,25.0,25.0,2.3000000000000114
DEV_132,DEVELOPMENT,2024-08-14,2024-08-22,2024-09-12,5,D+5,2024-08-22,EXECUTABLE,GATE_FAIL,24863.400390625,24850.0,2.1396610814927652,13.400390625,0.05389604967328907,481.2500000000005,68.15,41.6,40.4,0.35,310.0,297.55,244.4,226.2,7.673267326732674,3.5862068965517238,False,25.0,25.0,19.25000000000002
DEV_133,DEVELOPMENT,2024-08-22,2024-08-29,2024-09-19,-1,D-1,2024-08-21,EXECUTABLE,GATE_FAIL,24680.55078125,24700.0,1.4522101160421652,19.44921875,0.07880382784964313,-1544.999999999999,165.0,0.35,174.9,462.35,409.85,635.45,266.25,101.55,2.343339050886221,1.6136363636363635,False,25.0,25.0,-61.80000000000001
DEV_133,DEVELOPMENT,2024-08-22,2024-08-29,2024-09-19,0,D0,2024-08-22,EXECUTABLE,GATE_FAIL,24863.400390625,24850.0,1.9309239852398523,13.400390625,0.05389604967328907,-2572.499999999999,169.5,0.45,135.5,318.8,385.9,520.6,250.0,135.25,2.847970479704797,1.4749262536873156,False,25.0,25.0,-102.89999999999998
DEV_133,DEVELOPMENT,2024-08-22,2024-08-29,2024-09-19,1,D+1,2024-08-23,EXECUTABLE,GATE_PASS,24845.400390625,24850.0,1.1275796333719672,4.599609375,0.018512921114910215,515.0000000000009,137.45,0.45,146.3,318.8,331.25,520.6,276.0,135.25,2.2641831852358165,2.0080029101491452,True,25.0,25.0,20.600000000000023
DEV_133,DEVELOPMENT,2024-08-22,2024-08-29,2024-09-19,2,D+2,2024-08-26,EXECUTABLE,GATE_FAIL,24906.099609375,24900.0,1.5744567962875937,6.099609375,0.024490423914887188,-1052.499999999999,148.95,0.5,128.0,267.15,359.9,487.15,266.0,147.75,2.81171875,1.7858341725411213,False,25.0,25.0,-42.099999999999966
DEV_133,DEVELOPMENT,2024-08-22,2024-08-29,2024-09-19,3,D+3,2024-08-27,EXECUTABLE,GATE_PASS,25024.80078125,25000.0,1.1612096500169895,24.80078125,0.09910480993152262,-1661.25,82.15,0.8,120.0,171.35,416.0,416.5,245.25,179.5,3.466666666666667,2.985392574558734,True,25.0,25.0,-66.44999999999999
DEV_133,DEVELOPMENT,2024-08-22,2024-08-29,2024-09-19,4,D+4,2024-08-28,EXECUTABLE,GATE_FAIL,25030.80078125,25050.0,2.079921410836961,19.19921875,0.07670237527670987,-953.7500000000005,96.0,1.15,59.0,121.45,322.0,384.9,251.9,195.65,5.4576271186440675,2.6239583333333334,False,25.0,25.0,-38.150000000000034
DEV_133,DEVELOPMENT,2024-08-22,2024-08-29,2024-09-19,5,D+5,2024-08-29,EXECUTABLE,GATE_FAIL,25035.30078125,25050.0,1.7768842718235431,14.69921875,0.05871396904090271,-683.7500000000007,53.45,1.15,39.9,121.45,336.25,384.9,253.5,195.65,8.427318295739349,4.742750233863424,False,25.0,25.0,-27.35000000000005
DEV_134,DEVELOPMENT,2024-08-29,2024-09-05,2024-09-26,-1,D-1,2024-08-28,EXECUTABLE,GATE_FAIL,25030.80078125,25050.0,1.2295010407944007,19.19921875,0.07670237527670987,342.5000000000002,162.95,0.15,167.0,96.85,382.05,416.2,303.2,231.0,2.287724550898204,1.8606934642528383,False,25.0,25.0,13.699999999999989
DEV_134,DEVELOPMENT,2024-08-29,2024-09-05,2024-09-26,0,D0,2024-08-29,EXECUTABLE,GATE_PASS,25035.30078125,25050.0,1.0696432015429123,14.69921875,0.05871396904090271,637.5,139.0,0.15,170.0,96.85,399.0,416.2,305.0,231.0,2.347058823529412,2.194244604316547,True,25.0,25.0,25.5
DEV_134,DEVELOPMENT,2024-08-29,2024-09-05,2024-09-26,1,D+1,2024-08-30,EXECUTABLE,GATE_FAIL,25249.69921875,25250.0,1.3046732022334386,0.30078125,0.0011912270613372096,874.9999999999994,155.45,103.6,130.0,0.25,360.0,292.7,329.95,305.55,2.769230769230769,2.1225474429076874,False,25.0,25.0,34.99999999999997
DEV_134,DEVELOPMENT,2024-08-29,2024-09-05,2024-09-26,2,D+2,2024-09-02,EXECUTABLE,GATE_PASS,25333.599609375,25350.0,1.177800950251178,16.400390625,0.06473770359475817,1042.499999999999,119.55,203.6,117.95,0.15,341.0,238.95,293.45,351.55,2.891055532005087,2.454621497281472,True,25.0,25.0,41.69999999999996
DEV_134,DEVELOPMENT,2024-08-29,2024-09-05,2024-09-26,3,D+3,2024-09-03,EXECUTABLE,GATE_FAIL,25313.400390625,25300.0,1.4841349145001035,13.400390625,0.05293793176029772,808.7499999999992,123.0,153.55,89.9,0.2,320.0,264.7,295.0,327.6,3.5595105672969964,2.3983739837398375,False,25.0,25.0,32.34999999999998
DEV_134,DEVELOPMENT,2024-08-29,2024-09-05,2024-09-26,4,D+4,2024-09-04,EXECUTABLE,GATE_PASS,25089.94921875,25100.0,0.8774057900695456,10.05078125,0.04005899399146228,553.7500000000003,65.1,0.3,103.05,46.95,375.0,385.55,270.0,249.7,3.63901018922853,4.147465437788019,True,25.0,25.0,22.15000000000002
DEV_134,DEVELOPMENT,2024-08-29,2024-09-05,2024-09-26,5,D+5,2024-09-05,EXECUTABLE,GATE_FAIL,25250.5,25250.0,1.7068965517241381,0.5,0.0019801588087364607,762.4999999999995,60.0,103.6,40.0,0.25,330.0,292.7,290.0,305.55,8.25,4.833333333333333,False,25.0,25.0,30.49999999999997
OOS_0,OOS,2024-12-26,2025-01-02,2025-01-23,-1,D-1,2024-12-24,EXECUTABLE,GATE_FAIL,23769.099609375,23800.0,1.510217036002228,30.900390625,0.1300023607659597,-8028.75,178.85,0.35,193.5,391.6,462.4,600.0,283.0,151.05,2.3896640826873385,1.582331562762091,False,75.0,75.0,-107.05000000000001
OOS_0,OOS,2024-12-26,2025-01-02,2025-01-23,0,D0,2024-12-26,EXECUTABLE,GATE_PASS,23775.80078125,23800.0,1.039020435645277,24.19921875,0.10178087784569559,-2216.25,131.15,0.35,198.1,391.6,425.0,600.0,270.8,151.05,2.1453811206461384,2.0648112847884104,True,75.0,75.0,-29.550000000000068
OOS_0,OOS,2024-12-26,2025-01-02,2025-01-23,1,D+1,2024-12-27,EXECUTABLE,GATE_PASS,23801.400390625,23800.0,1.0937654855191872,1.400390625,0.005883648029178955,-1556.25,159.0,0.35,201.0,391.6,435.2,600.0,314.75,151.05,2.165174129353234,1.979559748427673,True,75.0,75.0,-20.75
OOS_0,OOS,2024-12-26,2025-01-02,2025-01-23,2,D+2,2024-12-30,EXECUTABLE,GATE_PASS,23796.900390625,23800.0,0.8311278501628665,3.099609375,0.013025265156890427,648.75,105.0,0.35,184.2,391.6,408.25,600.0,280.0,151.05,2.216340933767644,2.6666666666666665,True,75.0,75.0,8.64999999999992
OOS_0,OOS,2024-12-26,2025-01-02,2025-01-23,3,D+3,2024-12-31,EXECUTABLE,GATE_PASS,23560.599609375,23550.0,0.9392468404771337,10.599609375,0.04498870805810184,-6213.7500000000055,100.0,0.3,184.2,640.45,457.35,765.2,264.35,99.1,2.4828990228013033,2.6435000000000004,True,75.0,75.0,-82.85
OOS_0,OOS,2024-12-26,2025-01-02,2025-01-23,4,D+4,2025-01-01,EXECUTABLE,GATE_PASS,23637.650390625,23650.0,0.849624060150376,12.349609375,0.052245503131301135,952.5,113.0,0.35,172.9,541.1,390.0,716.15,300.0,132.6,2.255639097744361,2.6548672566371683,True,75.0,75.0,12.69999999999996
OOS_0,OOS,2024-12-26,2025-01-02,2025-01-23,5,D+5,2025-01-02,EXECUTABLE,GATE_FAIL,23783.0,23800.0,1.2319412039197386,17.0,0.07147962830593281,-225.00000000000182,105.0,0.35,100.0,391.6,377.15,600.0,321.45,151.05,3.7714999999999996,3.0614285714285714,False,75.0,75.0,-3.0
OOS_1,OOS,2025-01-02,2025-01-09,2025-01-30,-1,D-1,2025-01-01,EXECUTABLE,GATE_PASS,23637.650390625,23650.0,1.092399804306254,12.349609375,0.052245503131301135,3603.75,196.55,130.15,273.9,0.15,471.0,320.2,309.4,317.9,1.7196056955093102,1.5741541592470107,True,75.0,75.0,48.04999999999998
OOS_1,OOS,2025-01-02,2025-01-09,2025-01-30,0,D0,2025-01-02,EXECUTABLE,GATE_FAIL,23783.0,23800.0,1.4305331492059878,17.0,0.07147962830593281,-225.0000000000009,222.9,280.45,230.05,0.15,443.0,246.6,300.05,394.1,1.925668332971093,1.3461193360251233,False,75.0,75.0,-3.0000000000000284
OOS_1,OOS,2025-01-02,2025-01-09,2025-01-30,1,D+1,2025-01-03,EXECUTABLE,GATE_FAIL,24196.400390625,24200.0,1.4080687128292269,3.599609375,0.014876631717479282,513.75,199.0,680.85,176.0,0.1,533.0,106.95,428.0,652.85,3.028409090909091,2.150753768844221,False,75.0,75.0,6.849999999999966
OOS_1,OOS,2025-01-02,2025-01-09,2025-01-30,2,D+2,2025-01-06,EXECUTABLE,GATE_FAIL,24045.80078125,24050.0,1.3553724060498098,4.19921875,0.01746341820013077,4083.749999999998,166.0,530.25,144.7,0.1,390.0,149.95,330.1,544.45,2.6952315134761577,1.98855421686747,False,75.0,75.0,54.44999999999999
OOS_1,OOS,2025-01-02,2025-01-09,2025-01-30,3,D+3,2025-01-07,EXECUTABLE,GATE_FAIL,23679.900390625,23700.0,1.6443296945926986,20.099609375,0.08488046420565834,-1608.749999999993,207.4,180.1,171.1,0.15,444.4,294.1,327.6,342.4,2.597311513734658,1.579556412729026,False,75.0,75.0,-21.449999999999932
OOS_1,OOS,2025-01-02,2025-01-09,2025-01-30,4,D+4,2025-01-08,EXECUTABLE,GATE_FAIL,23746.650390625,23750.0,1.585241284822652,3.349609375,0.014105607822155837,3929.999999999999,142.65,230.0,100.0,0.15,365.0,270.0,328.45,368.25,3.65,2.302488608482299,False,75.0,75.0,52.39999999999998
OOS_1,OOS,2025-01-02,2025-01-09,2025-01-30,5,D+5,2025-01-09,EXECUTABLE,GATE_PASS,23674.75,23650.0,0.9170455995156834,24.75,0.10454175862469509,3056.250000000001,49.55,130.15,77.0,0.15,398.95,320.2,279.95,317.9,5.181168831168831,5.649848637739657,True,75.0,75.0,40.75
OOS_2,OOS,2025-01-09,2025-01-16,2025-02-06,-1,D-1,2025-01-08,EXECUTABLE,GATE_PASS,23746.650390625,23700.0,1.1220899485290996,46.650390625,0.19645040398378555,2430.0,208.0,395.85,240.2,0.1,505.75,230.95,390.3,511.05,2.1055370524562864,1.8764423076923078,True,75.0,75.0,32.400000000000034
OOS_2,OOS,2025-01-09,2025-01-16,2025-02-06,0,D0,2025-01-09,EXECUTABLE,GATE_FAIL,23674.75,23700.0,1.2144227835397297,25.25,0.1066537133443859,3603.75,200.0,395.85,187.65,0.1,451.5,230.95,396.25,511.05,2.4060751398880895,1.98125,False,75.0,75.0,48.05000000000001
OOS_2,OOS,2025-01-09,2025-01-16,2025-02-06,1,D+1,2025-01-10,EXECUTABLE,GATE_PASS,23551.900390625,23550.0,1.129120079992728,1.900390625,0.008068948125122268,3749.999999999998,174.95,245.15,210.0,0.1,497.0,321.65,366.7,421.45,2.3666666666666667,2.0960274364104032,True,75.0,75.0,50.0
OOS_2,OOS,2025-01-09,2025-01-16,2025-02-06,2,D+2,2025-01-13,EXECUTABLE,GATE_PASS,23195.400390625,23200.0,0.8896586942272222,4.599609375,0.019829833921983286,2268.7499999999973,115.0,0.15,180.0,104.25,507.5,488.65,364.45,276.25,2.8194444444444446,3.1691304347826086,True,75.0,75.0,30.24999999999997
OOS_2,OOS,2025-01-09,2025-01-16,2025-02-06,3,D+3,2025-01-14,EXECUTABLE,GATE_FAIL,23165.900390625,23200.0,1.5095730678595498,34.099609375,0.14719742725303162,-1845.0000000000018,125.0,0.15,111.1,104.25,467.25,488.65,348.25,276.25,4.205670567056706,2.786,False,75.0,75.0,-24.600000000000023
OOS_2,OOS,2025-01-09,2025-01-16,2025-02-06,4,D+4,2025-01-15,EXECUTABLE,GATE_PASS,23250.44921875,23250.0,0.9816887306315993,0.44921875,0.0019320863256170287,2373.750000000002,65.15,0.15,88.75,54.2,427.4,460.0,319.6,290.1,4.815774647887324,4.905602455871066,True,75.0,75.0,31.65000000000002
OOS_2,OOS,2025-01-09,2025-01-16,2025-02-06,5,D+5,2025-01-16,EXECUTABLE,GATE_FAIL,23377.25,23400.0,3.5750433776749566,22.75,0.09731683581259558,2070.0,98.9,95.65,30.0,0.15,375.0,379.75,345.8,349.55,12.5,3.4964610717896867,False,75.0,75.0,27.6
OOS_3,OOS,2025-01-16,2025-01-23,2025-02-13,-1,D-1,2025-01-15,EXECUTABLE,GATE_PASS,23250.44921875,23200.0,0.9594610102356229,50.44921875,0.21698169474212106,4650.000000000001,155.2,0.65,234.9,6.8,501.0,479.9,345.0,335.45,2.132822477650064,2.222938144329897,True,75.0,75.0,62.0
OOS_3,OOS,2025-01-16,2025-01-23,2025-02-13,0,D0,2025-01-16,EXECUTABLE,GATE_FAIL,23377.25,23400.0,1.392452663895295,22.75,0.09731683581259558,3858.7500000000027,222.0,193.8,179.15,0.15,427.0,371.05,380.0,423.4,2.3834775327937483,1.7117117117117118,False,75.0,75.0,51.450000000000045
OOS_3,OOS,2025-01-16,2025-01-23,2025-02-13,1,D+1,2025-01-17,EXECUTABLE,GATE_FAIL,23277.099609375,23300.0,1.2423392848359647,22.900390625,0.09838163263165622,1410.0,173.0,93.25,189.0,0.2,511.0,421.55,376.5,377.3,2.7037037037037037,2.1763005780346822,False,75.0,75.0,18.80000000000001
OOS_3,OOS,2025-01-16,2025-01-23,2025-02-13,2,D+2,2025-01-20,EXECUTABLE,GATE_PASS,23290.400390625,23300.0,1.1286132046702098,9.599609375,0.041217021665561814,6303.75,159.95,93.25,161.0,0.2,453.5,421.55,399.2,377.3,2.8167701863354035,2.495779931228509,True,75.0,75.0,84.05000000000001
OOS_3,OOS,2025-01-16,2025-01-23,2025-02-13,3,D+3,2025-01-21,EXECUTABLE,GATE_PASS,23421.650390625,23400.0,0.8972602833773997,21.650390625,0.09243751086672362,10113.75,125.05,193.8,149.0,0.15,470.3,371.05,439.9,423.4,3.1563758389261745,3.517792882846861,True,75.0,75.0,134.85000000000002
OOS_3,OOS,2025-01-16,2025-01-23,2025-02-13,4,D+4,2025-01-22,EXECUTABLE,GATE_PASS,23099.150390625,23100.0,1.0450439127910363,0.849609375,0.003678097941406631,4507.499999999998,100.0,0.2,123.9,106.6,478.95,544.55,369.9,292.9,3.865617433414043,3.699,True,75.0,75.0,60.09999999999998
OOS_3,OOS,2025-01-16,2025-01-23,2025-02-13,5,D+5,2025-01-23,EXECUTABLE,GATE_FAIL,23128.30078125,23150.0,1.4261805351071244,21.69921875,0.09382106776988758,4683.7500000000055,62.0,0.2,53.0,56.8,457.0,517.2,374.85,307.0,8.622641509433961,6.045967741935484,False,75.0,75.0,62.450000000000074
OOS_4,OOS,2025-01-23,2025-01-30,2025-02-20,-1,D-1,2025-01-22,EXECUTABLE,GATE_FAIL,23099.150390625,23150.0,1.2738255445970443,50.849609375,0.22013627564257848,-1803.7499999999982,252.8,1.2,256.95,73.5,492.0,505.0,380.0,348.9,1.9147694103911268,1.5031645569620253,False,75.0,75.0,-24.05000000000001
OOS_4,OOS,2025-01-23,2025-01-30,2025-02-20,0,D0,2025-01-23,EXECUTABLE,GATE_FAIL,23128.30078125,23150.0,1.3135802750776961,21.69921875,0.09382106776988758,-4792.5,188.35,1.2,213.0,73.5,527.35,505.0,355.0,348.9,2.4758215962441317,1.884788956729493,False,75.0,75.0,-63.900000000000006
OOS_4,OOS,2025-01-23,2025-01-30,2025-02-20,1,D+1,2025-01-24,EXECUTABLE,GATE_FAIL,23183.900390625,23200.0,1.6278652016812918,16.099609375,0.06944305791406129,-3772.499999999998,196.0,2.6,191.0,30.5,563.15,520.0,355.0,329.25,2.9484293193717277,1.8112244897959184,False,75.0,75.0,-50.29999999999998
OOS_4,OOS,2025-01-23,2025-01-30,2025-02-20,2,D+2,2025-01-27,EXECUTABLE,GATE_PASS,22940.150390625,22900.0,0.9052967335822275,40.150390625,0.1750223513853176,1642.4999999999964,120.9,0.2,197.0,332.4,530.9,673.55,359.9,224.55,2.6949238578680204,2.976840363937138,True,75.0,75.0,21.899999999999977
OOS_4,OOS,2025-01-23,2025-01-30,2025-02-20,3,D+3,2025-01-28,EXECUTABLE,GATE_FAIL,22960.44921875,23000.0,1.97623241200182,39.55078125,0.1722561299789465,2489.999999999998,184.95,0.35,103.15,228.8,457.35,643.0,414.95,257.15,4.433834222006786,2.2435793457691267,False,75.0,75.0,33.19999999999999
OOS_4,OOS,2025-01-23,2025-01-30,2025-02-20,4,D+4,2025-01-29,EXECUTABLE,GATE_PASS,23026.75,23000.0,1.0943953973695473,26.75,0.11616923795151292,4166.25,111.0,0.35,135.45,228.8,502.8,643.0,376.5,257.15,3.7120708748615727,3.391891891891892,True,75.0,75.0,55.54999999999998
OOS_4,OOS,2025-01-23,2025-01-30,2025-02-20,5,D+5,2025-01-30,EXECUTABLE,GATE_FAIL,23169.5,23150.0,1.6409028044649572,19.5,0.0841623686311746,-5909.999999999999,121.5,1.2,104.45,73.5,500.0,505.0,354.45,348.9,4.786979415988511,2.917283950617284,False,75.0,75.0,-78.79999999999998
OOS_5,OOS,2025-01-30,2025-02-06,2025-02-27,-1,D-1,2025-01-29,EXECUTABLE,GATE_FAIL,23026.75,23050.0,1.2310478867435943,23.25,0.10096952457467946,1912.5000000000036,338.2,0.1,335.85,546.8,525.0,770.0,429.45,99.9,1.563197856185797,1.2698107628622117,False,75.0,75.0,25.5
OOS_5,OOS,2025-01-30,2025-02-06,2025-02-27,0,D0,2025-01-30,EXECUTABLE,GATE_PASS,23169.5,23150.0,1.103668823304451,19.5,0.0841623686311746,618.75,300.05,0.05,371.8,449.7,572.95,659.85,418.95,119.7,1.5410166756320602,1.3962672887852023,True,75.0,75.0,8.25
OOS_5,OOS,2025-01-30,2025-02-06,2025-02-27,1,D+1,2025-01-31,EXECUTABLE,GATE_PASS,23296.75,23300.0,1.1141451957832136,3.25,0.013950443731421765,198.75,272.0,0.1,365.0,293.35,570.3,547.8,381.45,156.05,1.5624657534246573,1.402389705882353,True,75.0,75.0,2.6499999999999773
OOS_5,OOS,2025-01-30,2025-02-06,2025-02-27,2,D+2,2025-02-03,EXECUTABLE,GATE_PASS,23319.349609375,23300.0,0.7782828282828282,19.349609375,0.0829766254167781,5962.4999999999945,115.0,0.1,198.0,293.35,402.0,547.8,300.0,156.05,2.0303030303030303,2.608695652173913,True,75.0,75.0,79.49999999999991
OOS_5,OOS,2025-01-30,2025-02-06,2025-02-27,3,D+3,2025-02-04,EXECUTABLE,GATE_FAIL,23509.900390625,23500.0,1.2583726063611504,9.900390625,0.04211158048524936,6240.000000000002,120.0,0.1,90.5,94.5,303.45,411.35,319.75,220.55,3.353038674033149,2.6645833333333333,False,75.0,75.0,83.20000000000002
OOS_5,OOS,2025-01-30,2025-02-06,2025-02-27,4,D+4,2025-02-05,EXECUTABLE,GATE_FAIL,23801.75,23800.0,1.671057884231537,1.75,0.007352400558782443,4777.5,104.65,203.6,60.0,0.15,320.0,243.9,334.0,353.0,5.333333333333333,3.191591017677974,False,75.0,75.0,63.69999999999999
OOS_5,OOS,2025-01-30,2025-02-06,2025-02-27,5,D+5,2025-02-06,EXECUTABLE,GATE_FAIL,23761.94921875,23750.0,2.161917706637728,11.94921875,0.05028719925287589,-378.75000000000364,89.35,153.4,50.0,0.15,334.45,267.65,276.45,328.6,6.689,3.094012311135982,False,75.0,75.0,-5.05000000000004
OOS_6,OOS,2025-02-06,2025-02-13,2025-03-06,-1,D-1,2025-02-05,EXECUTABLE,GATE_FAIL,23801.75,23800.0,1.3412620970702998,1.75,0.007352400558782443,11520.0,205.3,767.3,194.85,0.05,395.9,77.45,311.0,595.75,2.031819348216577,1.5148563078421822,False,75.0,75.0,153.59999999999997
OOS_6,OOS,2025-02-06,2025-02-13,2025-03-06,0,D0,2025-02-06,EXECUTABLE,GATE_FAIL,23761.94921875,23800.0,1.5312152777777774,38.05078125,0.160133248748697,11313.749999999993,247.95,767.3,174.0,0.05,348.15,77.45,324.0,595.75,2.000862068965517,1.3067150635208713,False,75.0,75.0,150.84999999999997
OOS_6,OOS,2025-02-06,2025-02-13,2025-03-06,1,D+1,2025-02-07,EXECUTABLE,GATE_PASS,23649.5,23650.0,0.8924780005119576,0.5,0.0021142096027400156,30956.25,156.75,617.25,201.95,0.1,339.2,111.3,295.0,316.7,1.6796236692250557,1.8819776714513556,True,75.0,75.0,412.75000000000006
OOS_6,OOS,2025-02-06,2025-02-13,2025-03-06,2,D+2,2025-02-10,EXECUTABLE,GATE_PASS,23543.80078125,23550.0,0.962192186665512,6.19921875,0.02633057766500039,26441.25,150.05,518.1,164.95,0.1,355.4,188.55,336.0,349.5,2.154592300697181,2.2392535821392867,True,75.0,75.0,352.55
OOS_6,OOS,2025-02-06,2025-02-13,2025-03-06,3,D+3,2025-02-11,EXECUTABLE,GATE_PASS,23383.55078125,23400.0,0.9924274735444415,16.44921875,0.07034525638933219,7792.5,129.0,366.8,145.0,0.1,334.6,194.6,299.95,438.75,2.307586206896552,2.3251937984496123,True,75.0,75.0,103.9
OOS_6,OOS,2025-02-06,2025-02-13,2025-03-06,4,D+4,2025-02-12,EXECUTABLE,GATE_PASS,23050.80078125,23050.0,0.8638684721101071,0.80078125,0.0034739845161968173,9390.000000000004,96.95,17.5,128.1,2.0,308.3,369.1,270.1,252.35,2.406713505074161,2.7859721505930892,True,75.0,75.0,125.20000000000003
OOS_6,OOS,2025-02-06,2025-02-13,2025-03-06,5,D+5,2025-02-13,EXECUTABLE,GATE_FAIL,23055.75,23050.0,1.3005344442394802,5.75,0.024939548702601302,562.5000000000023,77.75,17.5,90.0,2.0,408.05,369.1,271.05,252.35,4.533888888888889,3.4861736334405147,False,75.0,75.0,7.500000000000028
OOS_7,OOS,2025-02-13,2025-02-20,2025-03-13,-1,D-1,2025-02-12,EXECUTABLE,GATE_PASS,23050.80078125,23000.0,0.980104895642965,50.80078125,0.22038618845433958,3491.250000000001,166.7,87.75,279.95,0.2,472.8,315.0,287.25,283.7,1.6888730130380427,1.723155368926215,True,75.0,75.0,46.55000000000001
OOS_7,OOS,2025-02-13,2025-02-20,2025-03-13,0,D0,2025-02-13,EXECUTABLE,GATE_FAIL,23055.75,23100.0,1.370665045732688,44.25,0.19192609218958395,678.7500000000009,198.0,187.4,197.0,0.15,408.85,261.85,299.8,330.0,2.0753807106598985,1.5141414141414142,False,75.0,75.0,9.050000000000011
OOS_7,OOS,2025-02-13,2025-02-20,2025-03-13,1,D+1,2025-02-14,EXECUTABLE,GATE_FAIL,23096.44921875,23100.0,1.4492714837942315,3.55078125,0.015373710549054566,-1908.75,170.0,187.4,190.0,0.15,430.05,261.85,265.5,330.0,2.2634210526315792,1.561764705882353,False,75.0,75.0,-25.44999999999999
OOS_7,OOS,2025-02-13,2025-02-20,2025-03-13,2,D+2,2025-02-17,EXECUTABLE,GATE_PASS,22809.900390625,22800.0,0.8801587301587304,9.900390625,0.043403918717107234,4282.499999999998,125.0,0.2,210.0,112.6,443.6,433.25,300.0,205.15,2.1123809523809527,2.4,True,75.0,75.0,57.09999999999998
OOS_7,OOS,2025-02-13,2025-02-20,2025-03-13,3,D+3,2025-02-18,EXECUTABLE,GATE_PASS,22963.650390625,22950.0,1.0931969666898218,13.650390625,0.05944346997449859,2669.9999999999973,130.0,37.85,167.95,0.4,406.75,341.2,288.0,262.25,2.421851741589759,2.2153846153846155,True,75.0,75.0,35.599999999999966
OOS_7,OOS,2025-02-13,2025-02-20,2025-03-13,4,D+4,2025-02-19,EXECUTABLE,GATE_FAIL,22847.25,22850.0,1.3381985266390326,2.75,0.01203645953014039,-5193.750000000001,96.95,0.2,138.2,62.45,485.0,402.5,254.25,220.0,3.509406657018814,2.6224858174316656,False,75.0,75.0,-69.25000000000001
OOS_7,OOS,2025-02-13,2025-02-20,2025-03-13,5,D+5,2025-02-20,EXECUTABLE,GATE_PASS,22821.099609375,22800.0,0.7938837411033894,21.099609375,0.09245658507328101,-1113.7499999999986,50.05,0.2,114.2,112.6,434.65,433.25,239.95,205.15,3.8060420315236425,4.794205794205794,True,75.0,75.0,-14.84999999999998
OOS_8,OOS,2025-02-20,2025-02-27,2025-03-20,-1,D-1,2025-02-19,EXECUTABLE,GATE_PASS,22847.25,22850.0,1.1614128095640743,2.75,0.01203645953014039,-1173.75,162.0,301.0,269.2,0.15,489.05,168.95,253.4,357.0,1.8166790490341755,1.5641975308641975,True,75.0,75.0,-15.650000000000006
OOS_8,OOS,2025-02-20,2025-02-27,2025-03-20,0,D0,2025-02-20,EXECUTABLE,GATE_PASS,22821.099609375,22800.0,1.1265049999999999,21.099609375,0.09245658507328101,-1305.0,159.95,251.2,250.0,0.1,493.0,190.45,280.0,336.0,1.972,1.7505470459518602,True,75.0,75.0,-17.400000000000034
OOS_8,OOS,2025-02-20,2025-02-27,2025-03-20,1,D+1,2025-02-21,EXECUTABLE,GATE_PASS,22857.19921875,22850.0,1.1319848977449791,7.19921875,0.03149650436652976,-1004.9999999999991,133.3,301.0,198.05,0.15,471.0,168.95,280.05,357.0,2.3781873264327187,2.100900225056264,True,75.0,75.0,-13.399999999999977
OOS_8,OOS,2025-02-20,2025-02-27,2025-03-20,2,D+2,2025-02-24,EXECUTABLE,GATE_PASS,22609.349609375,22600.0,1.11693087790111,9.349609375,0.04135284533405229,-4518.750000000005,110.5,50.25,198.2,0.2,500.85,293.65,250.0,240.8,2.5269929364278507,2.262443438914027,True,75.0,75.0,-60.25000000000006
OOS_8,OOS,2025-02-20,2025-02-27,2025-03-20,3,D+3,2025-02-25,EXECUTABLE,GATE_PASS,22516.44921875,22500.0,0.78643178964473,16.44921875,0.07305423066574072,-648.7500000000005,65.0,0.3,156.0,49.55,425.9,350.4,225.65,200.55,2.730128205128205,3.4715384615384615,True,75.0,75.0,-8.650000000000006
OOS_8,OOS,2025-02-20,2025-02-27,2025-03-20,4,D+4,2025-02-27,EXECUTABLE,GATE_PASS,22568.94921875,22550.0,0.9443256141246169,18.94921875,0.08396145769275437,-1852.4999999999982,39.0,2.0,69.9,2.2,364.4,317.7,215.3,224.0,5.21316165951359,5.52051282051282,True,75.0,75.0,-24.699999999999974
OOS_8,OOS,2025-02-20,2025-02-27,2025-03-20,5,D+5,2025-02-28,AFTER_NEAR_EXPIRY,,,,,,,,,,,,,,,,,,,,,
OOS_9,OOS,2025-02-27,2025-03-06,2025-03-27,-1,D-1,2025-02-25,EXECUTABLE,GATE_PASS,22516.44921875,22500.0,0.8605698819844203,16.44921875,0.07305423066574072,843.7500000000027,134.0,0.45,279.95,44.55,467.45,341.8,260.0,224.95,1.6697624575817112,1.9402985074626866,True,75.0,75.0,11.25
OOS_9,OOS,2025-02-27,2025-03-06,2025-03-27,0,D0,2025-02-27,EXECUTABLE,GATE_PASS,22568.94921875,22550.0,0.9722557829293462,18.94921875,0.08396145769275437,22.49999999999818,128.45,7.1,209.1,1.6,421.0,312.95,266.0,243.8,2.013390722142516,2.0708446866485017,True,75.0,75.0,0.29999999999998295
OOS_9,OOS,2025-02-27,2025-03-06,2025-03-27,1,D+1,2025-02-28,EXECUTABLE,GATE_PASS,22433.400390625,22450.0,0.9210677450744549,16.599609375,0.07399506577672924,-22.49999999999909,110.0,0.25,184.2,94.5,425.0,373.8,275.55,204.6,2.3072747014115094,2.505,True,75.0,75.0,-0.29999999999998295
OOS_9,OOS,2025-02-27,2025-03-06,2025-03-27,2,D+2,2025-03-03,EXECUTABLE,GATE_FAIL,22194.55078125,22200.0,1.3536633146140786,5.44921875,0.02455205696077215,-2951.250000000002,138.2,0.1,155.0,344.1,375.0,545.9,247.0,130.05,2.4193548387096775,1.7872648335745298,False,75.0,75.0,-39.35000000000008
OOS_9,OOS,2025-02-27,2025-03-06,2025-03-27,3,D+3,2025-03-04,EXECUTABLE,GATE_PASS,21974.44921875,21950.0,0.7785589917604511,24.44921875,0.11126203212928937,-2336.25,63.95,0.1,149.95,594.05,403.45,741.25,221.0,82.0,2.6905635211737247,3.455824863174355,True,75.0,75.0,-31.149999999999977
OOS_9,OOS,2025-02-27,2025-03-06,2025-03-27,4,D+4,2025-03-05,EXECUTABLE,GATE_FAIL,22073.05078125,22050.0,1.3608494921514311,23.05078125,0.10442952122223419,-3873.75,80.0,0.1,95.0,494.65,368.45,666.9,228.0,98.55,3.878421052631579,2.85,False,75.0,75.0,-51.64999999999998
OOS_9,OOS,2025-02-27,2025-03-06,2025-03-27,5,D+5,2025-03-06,EXECUTABLE,GATE_FAIL,22476.349609375,22500.0,1.9924476401891709,23.650390625,0.10522345058707977,4188.750000000001,91.75,0.45,39.85,44.55,225.0,341.8,260.0,224.95,5.646173149309912,2.8337874659400546,False,75.0,75.0,55.85000000000002
OOS_10,OOS,2025-03-06,2025-03-13,2025-04-03,-1,D-1,2025-03-05,EXECUTABLE,GATE_FAIL,22073.05078125,22100.0,1.7877730646871686,26.94921875,0.1220910467568537,-7916.25,190.0,0.1,200.0,295.85,443.65,510.25,235.75,122.15,2.21825,1.2407894736842104,False,75.0,75.0,-105.54999999999998
OOS_10,OOS,2025-03-06,2025-03-13,2025-04-03,0,D0,2025-03-06,EXECUTABLE,GATE_FAIL,22476.349609375,22500.0,1.6318964686765516,23.650390625,0.10522345058707977,-1841.249999999999,198.7,104.65,156.65,0.15,353.8,254.95,275.0,263.15,2.2585381423555697,1.3839959738298944,False,75.0,75.0,-24.549999999999983
OOS_10,OOS,2025-03-06,2025-03-13,2025-04-03,1,D+1,2025-03-07,EXECUTABLE,GATE_FAIL,22508.650390625,22500.0,1.397477295183884,8.650390625,0.038431405148142264,-2189.999999999999,148.0,104.65,164.0,0.15,399.45,254.95,257.95,263.15,2.435670731707317,1.7429054054054054,False,75.0,75.0,-29.19999999999999
OOS_10,OOS,2025-03-06,2025-03-13,2025-04-03,2,D+2,2025-03-10,EXECUTABLE,GATE_PASS,22521.849609375,22500.0,1.0844373935923233,21.849609375,0.09701516418040917,-1432.4999999999982,102.0,104.65,168.0,0.15,412.15,254.95,230.75,263.15,2.4532738095238096,2.2622549019607843,True,75.0,75.0,-19.099999999999966
OOS_10,OOS,2025-03-06,2025-03-13,2025-04-03,3,D+3,2025-03-11,EXECUTABLE,GATE_PASS,22345.94921875,22350.0,1.0242936923076922,4.05078125,0.018127586393157456,2088.7500000000027,92.1,0.2,125.0,45.6,361.45,341.75,260.0,199.95,2.8916,2.8230184581976117,True,75.0,75.0,27.850000000000037
OOS_10,OOS,2025-03-06,2025-03-13,2025-04-03,4,D+4,2025-03-12,EXECUTABLE,GATE_FAIL,22536.349609375,22550.0,1.3628878073382928,13.650390625,0.06057054874282528,405.00000000000364,98.15,154.4,96.25,0.15,344.15,226.85,257.5,287.15,3.5755844155844154,2.6235354049923583,False,75.0,75.0,5.400000000000034
OOS_10,OOS,2025-03-06,2025-03-13,2025-04-03,5,D+5,2025-03-13,EXECUTABLE,GATE_FAIL,22541.5,22550.0,2.3504991782160625,8.5,0.037708227047889446,1282.5000000000034,84.2,154.4,40.2,0.15,301.65,226.85,268.8,287.15,7.503731343283581,3.192399049881235,False,75.0,75.0,17.10000000000005
OOS_11,OOS,2025-03-13,2025-03-20,2025-04-09,-1,D-1,2025-03-12,EXECUTABLE,GATE_PASS,22536.349609375,22500.0,1.0968395911364113,36.349609375,0.16129324404817877,375.0,156.35,0.15,214.65,695.8,393.85,832.45,261.55,57.8,1.8348474260423946,1.6728493763991048,True,75.0,75.0,5.000000000000114
OOS_11,OOS,2025-03-13,2025-03-20,2025-04-09,0,D0,2025-03-13,EXECUTABLE,GATE_FAIL,22541.5,22500.0,1.2183866279069768,41.5,0.1841048732338132,-712.5000000000018,143.7,0.15,165.0,695.8,385.0,832.45,275.2,57.8,2.3333333333333335,1.9151009046624914,False,75.0,75.0,-9.499999999999886
OOS_11,OOS,2025-03-13,2025-03-20,2025-04-09,1,D+1,2025-03-17,EXECUTABLE,GATE_FAIL,22353.150390625,22400.0,1.4126248402709507,46.849609375,0.20958839607077895,-6465.0,131.0,0.1,165.5,793.85,450.0,918.0,252.15,47.1,2.719033232628399,1.9248091603053437,False,75.0,75.0,-86.19999999999999
OOS_11,OOS,2025-03-13,2025-03-20,2025-04-09,2,D+2,2025-03-18,EXECUTABLE,GATE_FAIL,22662.25,22650.0,1.95214228011387,12.25,0.05405465035466469,-7301.249999999996,110.05,0.15,100.1,545.8,425.0,725.3,239.35,81.4,4.245754245754246,2.174920490686052,False,75.0,75.0,-97.34999999999997
OOS_11,OOS,2025-03-13,2025-03-20,2025-04-09,3,D+3,2025-03-19,EXECUTABLE,GATE_FAIL,22874.94921875,22900.0,1.7448073460915305,25.05078125,0.10951185513219205,-3041.2499999999945,88.05,0.2,70.05,295.65,339.95,493.6,244.9,125.65,4.8529621698786585,2.78137421919364,False,75.0,75.0,-40.5499999999999
OOS_11,OOS,2025-03-13,2025-03-20,2025-04-09,4,D+4,2025-03-20,EXECUTABLE,GATE_FAIL,23036.599609375,23050.0,3.074923732640227,13.400390625,0.05817000274444394,-7582.500000000001,80.0,0.25,44.95,145.7,366.45,400.65,212.1,166.9,8.152391546162402,2.65125,False,75.0,75.0,-101.10000000000002
OOS_11,OOS,2025-03-13,2025-03-20,2025-04-09,5,D+5,2025-03-21,AFTER_NEAR_EXPIRY,,,,,,,,,,,,,,,,,,,,,
OOS_12,OOS,2025-03-20,2025-03-27,2025-04-17,-1,D-1,2025-03-19,EXECUTABLE,GATE_FAIL,22874.94921875,22900.0,1.3382362216406842,25.05078125,0.10951185513219205,9457.500000000005,162.5,0.1,173.85,694.55,394.65,992.75,275.65,64.55,2.270060396893874,1.696307692307692,False,75.0,75.0,126.10000000000008
OOS_12,OOS,2025-03-20,2025-03-27,2025-04-17,0,D0,2025-03-20,EXECUTABLE,GATE_FAIL,23036.599609375,23000.0,1.4230783538711924,36.599609375,0.15887591917040303,-791.25,148.2,0.15,187.0,595.65,413.0,807.25,230.0,78.1,2.2085561497326203,1.55195681511471,False,75.0,75.0,-10.549999999999926
OOS_12,OOS,2025-03-20,2025-03-27,2025-04-17,1,D+1,2025-03-21,EXECUTABLE,GATE_FAIL,23168.25,23200.0,1.940404962672539,31.75,0.13704099360115674,-2377.5000000000036,144.9,0.2,129.9,393.85,374.0,646.95,215.0,111.0,2.8791377983063895,1.4837819185645271,False,75.0,75.0,-31.700000000000045
OOS_12,OOS,2025-03-20,2025-03-27,2025-04-17,2,D+2,2025-03-24,EXECUTABLE,GATE_FAIL,23515.400390625,23500.0,1.8975066666666667,15.400390625,0.0654906587562921,532.5,122.0,0.55,90.0,95.35,349.95,423.95,250.0,190.1,3.888333333333333,2.0491803278688523,False,75.0,75.0,7.1000000000000085
OOS_12,OOS,2025-03-20,2025-03-27,2025-04-17,3,D+3,2025-03-25,EXECUTABLE,GATE_FAIL,23751.5,23750.0,1.6288443851844028,1.5,0.0063153906069090375,1158.7500000000018,140.0,155.15,125.65,0.2,370.15,275.0,253.2,283.2,2.9458814166335054,1.8085714285714285,False,75.0,75.0,15.450000000000045
OOS_12,OOS,2025-03-20,2025-03-27,2025-04-17,4,D+4,2025-03-26,EXECUTABLE,GATE_FAIL,23700.94921875,23700.0,1.5188938761800863,0.94921875,0.004004981999830901,-74.99999999999636,109.0,105.3,113.5,0.25,376.5,298.05,238.05,270.15,3.317180616740088,2.1839449541284406,False,75.0,75.0,-0.9999999999999574
OOS_12,OOS,2025-03-20,2025-03-27,2025-04-17,5,D+5,2025-03-27,EXECUTABLE,GATE_PASS,23433.94921875,23450.0,1.0827917977365475,16.05078125,0.06849371013041809,449.9999999999982,55.15,0.4,93.35,145.75,396.8,461.45,216.5,168.0,4.250669523299411,3.925657298277425,True,75.0,75.0,5.999999999999972
OOS_13,OOS,2025-03-27,2025-04-03,2025-04-24,-1,D-1,2025-03-26,EXECUTABLE,GATE_PASS,23700.94921875,23700.0,1.119934773746433,0.94921875,0.004004981999830901,-975.0,160.0,448.85,223.0,0.1,429.25,114.8,275.0,485.3,1.9248878923766817,1.71875,True,75.0,75.0,-13.0
OOS_13,OOS,2025-03-27,2025-04-03,2025-04-24,0,D0,2025-03-27,EXECUTABLE,GATE_PASS,23433.94921875,23450.0,1.079466814551908,16.05078125,0.06849371013041809,-2861.2500000000045,136.05,199.05,230.0,0.1,447.1,210.1,245.0,339.05,1.943913043478261,1.8008085262771039,True,75.0,75.0,-38.15000000000006
OOS_13,OOS,2025-03-27,2025-04-03,2025-04-24,1,D+1,2025-03-28,EXECUTABLE,GATE_PASS,23600.400390625,23600.0,0.927855006293609,0.400390625,0.001696541661890833,176.25,118.0,349.2,209.6,0.1,410.3,148.0,248.95,425.0,1.9575381679389314,2.109745762711864,True,75.0,75.0,2.349999999999966
OOS_13,OOS,2025-03-27,2025-04-03,2025-04-24,2,D+2,2025-04-01,EXECUTABLE,GATE_PASS,23341.099609375,23350.0,1.0848046796207893,8.900390625,0.03813183943324221,-3209.9999999999973,84.0,99.25,139.0,0.2,384.15,259.75,214.0,286.45,2.763669064748201,2.5476190476190474,True,75.0,75.0,-42.799999999999955
OOS_13,OOS,2025-03-27,2025-04-03,2025-04-24,3,D+3,2025-04-02,EXECUTABLE,GATE_FAIL,23192.599609375,23200.0,1.387861947745345,7.400390625,0.03190841367350897,-2966.2500000000014,103.0,0.3,110.75,50.9,358.0,345.65,239.9,224.25,3.2325056433408577,2.3291262135922333,False,75.0,75.0,-39.55000000000002
OOS_13,OOS,2025-03-27,2025-04-03,2025-04-24,4,D+4,2025-04-03,EXECUTABLE,GATE_FAIL,23150.30078125,23150.0,2.2038196982857805,0.30078125,0.001299254177481833,-9708.750000000002,80.0,0.25,66.75,101.0,405.55,375.7,220.55,206.15,6.075655430711611,2.756875,False,75.0,75.0,-129.45000000000002
OOS_13,OOS,2025-03-27,2025-04-03,2025-04-24,5,D+5,2025-04-04,AFTER_NEAR_EXPIRY,,,,,,,,,,,,,,,,,,,,,
OOS_14,OOS,2025-04-03,2025-04-09,2025-04-30,-1,D-1,2025-04-02,EXECUTABLE,GATE_FAIL,23192.599609375,23200.0,1.2102364277815807,7.400390625,0.03190841367350897,1245.0,161.1,801.45,210.0,0.1,428.0,166.65,271.3,843.6,2.038095238095238,1.6840471756672875,False,75.0,75.0,16.600000000000023
OOS_14,OOS,2025-04-03,2025-04-09,2025-04-30,0,D0,2025-04-03,EXECUTABLE,GATE_FAIL,23150.30078125,23150.0,1.293347818472708,0.30078125,0.001299254177481833,-982.5,150.25,751.45,186.75,0.1,435.0,182.1,270.6,818.65,2.3293172690763053,1.8009983361064894,False,75.0,75.0,-13.099999999999909
OOS_14,OOS,2025-04-03,2025-04-09,2025-04-30,1,D+1,2025-04-04,EXECUTABLE,GATE_FAIL,23190.400390625,23200.0,1.6005335111703902,9.599609375,0.04139475478345237,-1173.75,160.0,801.45,149.95,0.1,390.0,166.65,260.0,843.6,2.600866955651884,1.625,False,75.0,75.0,-15.649999999999977
OOS_14,OOS,2025-04-03,2025-04-09,2025-04-30,2,D+2,2025-04-07,EXECUTABLE,GATE_FAIL,21758.400390625,21800.0,1.515328555322918,41.599609375,0.1911887299993061,-2516.25,198.6,0.1,221.75,599.05,473.75,973.0,280.0,237.0,2.1364148816234496,1.4098690835850958,False,75.0,75.0,-33.549999999999955
OOS_14,OOS,2025-04-03,2025-04-09,2025-04-30,3,D+3,2025-04-08,EXECUTABLE,GATE_FAIL,22446.75,22450.0,1.6586403350212817,3.25,0.014478710726497155,-4353.749999999996,210.0,51.45,180.95,0.3,523.8,516.7,366.5,439.55,2.894722298977618,1.7452380952380953,False,75.0,75.0,-58.049999999999955
OOS_14,OOS,2025-04-03,2025-04-09,2025-04-30,4,D+4,2025-04-09,EXECUTABLE,GATE_PASS,22460.30078125,22450.0,0.8159668150684932,10.30078125,0.04586216965802683,6127.500000000001,121.55,51.45,200.0,0.3,490.05,516.7,365.0,439.55,2.45025,3.0028794734677087,True,75.0,75.0,81.70000000000002
OOS_14,OOS,2025-04-03,2025-04-09,2025-04-30,5,D+5,2025-04-11,AFTER_NEAR_EXPIRY,,,,,,,,,,,,,,,,,,,,,
OOS_15,OOS,2025-04-09,2025-04-17,2025-05-08,-1,D-1,2025-04-08,EXECUTABLE,GATE_FAIL,22446.75,22400.0,1.3417295766434294,46.75,0.20827068506576676,-10233.75,306.05,0.1,377.0,1450.1,596.9,1519.5,361.15,41.15,1.5832891246684349,1.1800359418395685,False,75.0,75.0,-136.44999999999993
OOS_15,OOS,2025-04-09,2025-04-17,2025-05-08,0,D0,2025-04-09,EXECUTABLE,GATE_PASS,22460.30078125,22500.0,0.94666259212524,39.69921875,0.17675283664563013,2970.0,301.35,0.1,344.35,1350.9,530.0,1434.8,489.95,47.35,1.5391316974009002,1.6258503401360542,True,75.0,75.0,39.59999999999974
OOS_15,OOS,2025-04-09,2025-04-17,2025-05-08,1,D+1,2025-04-11,EXECUTABLE,GATE_FAIL,22695.400390625,22700.0,1.4956491134320844,4.599609375,0.020266702925849252,-14519.999999999996,274.2,0.1,294.8,1150.55,610.0,1222.55,379.35,55.65,2.0691994572591588,1.3834792122538295,False,75.0,75.0,-193.5999999999999
OOS_15,OOS,2025-04-09,2025-04-17,2025-05-08,2,D+2,2025-04-15,EXECUTABLE,GATE_FAIL,23368.349609375,23350.0,1.4503055818775004,18.349609375,0.07852334324730591,-1515.0,240.05,0.2,160.45,499.5,418.0,691.1,431.2,145.6,2.6051729510751014,1.7962924390751924,False,75.0,75.0,-20.200000000000045
OOS_15,OOS,2025-04-09,2025-04-17,2025-05-08,3,D+3,2025-04-16,EXECUTABLE,GATE_FAIL,23344.099609375,23350.0,2.0050949913644214,5.900390625,0.02527572587391805,-2152.5,112.35,0.2,60.0,499.5,341.0,691.1,318.45,145.6,5.683333333333334,2.834445927903872,False,75.0,75.0,-28.69999999999996
OOS_15,OOS,2025-04-09,2025-04-17,2025-05-08,4,D+4,2025-04-17,EXECUTABLE,GATE_FAIL,23401.849609375,23400.0,1.5610324947589098,1.849609375,0.007903688836027,-3705.0,83.9,0.2,63.6,452.85,355.0,636.25,300.0,157.7,5.581761006289308,3.575685339690107,False,75.0,75.0,-49.39999999999998
OOS_15,OOS,2025-04-09,2025-04-17,2025-05-08,5,D+5,2025-04-21,AFTER_NEAR_EXPIRY,,,,,,,,,,,,,,,,,,,,,
OOS_16,OOS,2025-04-17,2025-04-24,2025-05-15,-1,D-1,2025-04-16,EXECUTABLE,GATE_PASS,23344.099609375,23300.0,1.0289495785588012,44.099609375,0.18891116004872416,1222.5,215.0,0.15,247.65,947.5,415.0,1099.3,350.15,103.45,1.6757520694528567,1.6286046511627905,True,75.0,75.0,16.299999999999898
OOS_16,OOS,2025-04-17,2025-04-24,2025-05-15,0,D0,2025-04-17,EXECUTABLE,GATE_FAIL,23401.849609375,23400.0,1.2978940372545973,1.849609375,0.007903688836027,-1297.5,197.55,0.1,188.0,846.05,431.5,1034.5,349.35,114.15,2.2952127659574466,1.768413059984814,False,75.0,75.0,-17.299999999999983
OOS_16,OOS,2025-04-17,2025-04-24,2025-05-15,1,D+1,2025-04-21,EXECUTABLE,GATE_FAIL,23949.150390625,23950.0,2.1347460170449812,0.849609375,0.0035475553877376094,-8073.750000000004,209.05,0.25,150.4,296.05,510.05,646.05,332.1,221.3,3.3912898936170213,1.5886151638364028,False,75.0,75.0,-107.65000000000009
OOS_16,OOS,2025-04-17,2025-04-24,2025-05-15,2,D+2,2025-04-22,EXECUTABLE,GATE_FAIL,24185.400390625,24200.0,1.5700483091787438,14.599609375,0.06036538216939859,-1016.2499999999984,140.0,0.5,105.0,45.15,357.5,426.15,303.6,306.15,3.4047619047619047,2.1685714285714286,False,75.0,75.0,-13.549999999999983
OOS_16,OOS,2025-04-17,2025-04-24,2025-05-15,3,D+3,2025-04-23,EXECUTABLE,GATE_FAIL,24357.599609375,24350.0,1.64501697073617,7.599609375,0.03120015722762347,3153.7500000000036,125.0,105.1,71.95,0.25,366.25,342.1,386.8,372.4,5.090340514246004,3.0944000000000003,False,75.0,75.0,42.050000000000054
OOS_16,OOS,2025-04-17,2025-04-24,2025-05-15,4,D+4,2025-04-24,EXECUTABLE,GATE_FAIL,24277.900390625,24300.0,1.5599872845614433,22.099609375,0.09102767957452303,-1762.5000000000036,60.95,55.1,49.8,0.25,406.6,368.5,319.0,348.1,8.164658634538153,5.233798195242001,False,75.0,75.0,-23.50000000000005
OOS_16,OOS,2025-04-17,2025-04-24,2025-05-15,5,D+5,2025-04-25,AFTER_NEAR_EXPIRY,,,,,,,,,,,,,,,,,,,,,
OOS_17,OOS,2025-04-24,2025-04-30,2025-05-22,-1,D-1,2025-04-23,EXECUTABLE,GATE_PASS,24357.599609375,24300.0,0.9654227543806687,57.599609375,0.23647490023126286,3408.75,174.55,0.4,186.0,60.9,456.2,460.75,443.45,353.5,2.4526881720430107,2.5405327986250357,True,75.0,75.0,45.44999999999999
OOS_17,OOS,2025-04-24,2025-04-30,2025-05-22,0,D0,2025-04-24,EXECUTABLE,GATE_PASS,24277.900390625,24300.0,1.1034367608181437,22.099609375,0.09102767957452303,-1713.7499999999964,193.95,0.4,225.0,60.9,460.0,460.75,359.35,353.5,2.0444444444444443,1.8527971126579017,True,75.0,75.0,-22.849999999999966
OOS_17,OOS,2025-04-24,2025-04-30,2025-05-22,1,D+1,2025-04-25,EXECUTABLE,GATE_FAIL,24289.0,24300.0,1.2921601550614725,11.0,0.045287990448351106,-5088.750000000002,190.0,0.4,196.0,60.9,482.8,460.75,362.2,353.5,2.463265306122449,1.9063157894736842,False,75.0,75.0,-67.85000000000002
OOS_17,OOS,2025-04-24,2025-04-30,2025-05-22,2,D+2,2025-04-28,EXECUTABLE,GATE_FAIL,24070.25,24100.0,1.3636431727960452,29.75,0.12359655591445873,-7863.750000000003,162.0,0.2,154.05,262.95,455.15,554.55,351.0,284.55,2.9545602077247644,2.1666666666666665,False,75.0,75.0,-104.85000000000002
OOS_17,OOS,2025-04-24,2025-04-30,2025-05-22,3,D+3,2025-04-29,EXECUTABLE,GATE_PASS,24370.69921875,24350.0,1.1080702917771883,20.69921875,0.0849348578972027,-3307.5000000000036,94.9,2.7,104.0,13.45,457.8,410.9,377.0,372.55,4.401923076923077,3.9726027397260273,True,75.0,75.0,-44.10000000000005
OOS_17,OOS,2025-04-24,2025-04-30,2025-05-22,4,D+4,2025-04-30,EXECUTABLE,GATE_FAIL,24342.05078125,24350.0,2.135963212234399,7.94921875,0.032656323090587996,-5422.500000000003,69.0,2.7,38.35,13.45,439.25,410.9,370.0,372.55,11.453715775749673,5.36231884057971,False,75.0,75.0,-72.30000000000003
OOS_17,OOS,2025-04-24,2025-04-30,2025-05-22,5,D+5,2025-05-02,AFTER_NEAR_EXPIRY,,,,,,,,,,,,,,,,,,,,,
OOS_18,OOS,2025-04-30,2025-05-08,2025-05-29,-1,D-1,2025-04-29,EXECUTABLE,GATE_PASS,24370.69921875,24350.0,1.038284376651816,20.69921875,0.0849348578972027,-5411.249999999999,220.0,52.8,272.0,0.75,500.0,381.25,389.5,446.95,1.838235294117647,1.7704545454545455,True,75.0,75.0,-72.14999999999998
OOS_18,OOS,2025-04-30,2025-05-08,2025-05-29,0,D0,2025-04-30,EXECUTABLE,GATE_PASS,24342.05078125,24350.0,0.9905288217082951,7.94921875,0.032656323090587996,-1046.249999999999,221.7,52.8,226.5,0.75,431.0,381.25,425.9,446.95,1.9028697571743929,1.92106450157871,True,75.0,75.0,-13.949999999999989
OOS_18,OOS,2025-04-30,2025-05-08,2025-05-29,1,D+1,2025-05-02,EXECUTABLE,GATE_FAIL,24311.900390625,24300.0,1.2999851892055305,11.900390625,0.0489488293131908,-14358.75,234.0,10.65,284.65,7.25,601.0,403.8,380.05,428.35,2.111364834006675,1.6241452991452991,False,75.0,75.0,-191.45000000000002
OOS_18,OOS,2025-04-30,2025-05-08,2025-05-29,2,D+2,2025-05-05,EXECUTABLE,GATE_FAIL,24419.5,24400.0,1.4290451854334225,19.5,0.07985421486926432,-9603.75,174.2,104.65,153.6,0.2,470.0,350.95,373.0,465.85,3.0598958333333335,2.141216991963261,False,75.0,75.0,-128.05
OOS_18,OOS,2025-04-30,2025-05-08,2025-05-29,3,D+3,2025-05-06,EXECUTABLE,GATE_FAIL,24500.75,24500.0,1.5589840733873657,0.75,0.0030611307817107643,-10064.999999999996,107.0,206.25,85.05,0.25,434.95,288.6,351.0,522.9,5.114050558495003,3.2803738317757007,False,75.0,75.0,-134.19999999999993
OOS_18,OOS,2025-04-30,2025-05-08,2025-05-29,4,D+4,2025-05-07,EXECUTABLE,GATE_PASS,24233.30078125,24250.0,1.0892777483890328,16.69921875,0.06891021120375258,-11115.000000000002,70.1,2.3,88.2,43.25,502.3,425.75,366.5,415.3,5.695011337868481,5.228245363766049,True,75.0,75.0,-148.20000000000002
OOS_18,OOS,2025-04-30,2025-05-08,2025-05-29,5,D+5,2025-05-08,EXECUTABLE,GATE_FAIL,24431.5,24450.0,3.8673968285235896,18.5,0.07572191637844586,-11988.75,94.4,155.25,28.6,0.3,415.95,311.65,355.0,499.7,14.543706293706293,3.7605932203389827,False,75.0,75.0,-159.85000000000002
OOS_19,OOS,2025-05-08,2025-05-15,2025-06-05,-1,D-1,2025-05-07,EXECUTABLE,GATE_PASS,24233.30078125,24200.0,1.1566832649487189,33.30078125,0.13741743871625514,-25252.5,218.85,0.2,317.05,865.5,618.5,790.1,369.1,110.3,1.9507964043526258,1.6865432944939458,True,75.0,75.0,-336.7
OOS_19,OOS,2025-05-08,2025-05-15,2025-06-05,0,D0,2025-05-08,EXECUTABLE,GATE_FAIL,24431.5,24400.0,1.312680288293722,31.5,0.12893191167140783,-7361.25,226.0,0.25,226.65,668.5,499.2,832.4,379.2,142.95,2.202514890800794,1.6778761061946903,False,75.0,75.0,-98.15000000000003
OOS_19,OOS,2025-05-08,2025-05-15,2025-06-05,1,D+1,2025-05-09,EXECUTABLE,GATE_FAIL,23935.75,23900.0,1.9290092510570087,35.75,0.14935817762134046,-21513.75,330.0,0.15,322.5,1165.2,675.55,1278.0,358.35,75.1,2.0947286821705426,1.085909090909091,False,75.0,75.0,-286.85000000000014
OOS_19,OOS,2025-05-08,2025-05-15,2025-06-05,2,D+2,2025-05-12,EXECUTABLE,GATE_FAIL,24420.099609375,24400.0,2.259213243546577,20.099609375,0.08230764696505848,-20313.75,180.05,0.25,150.0,668.5,559.0,832.4,297.0,142.95,3.7266666666666666,1.6495417939461259,False,75.0,75.0,-270.84999999999997
OOS_19,OOS,2025-05-08,2025-05-15,2025-06-05,3,D+3,2025-05-13,EXECUTABLE,GATE_PASS,24864.05078125,24850.0,1.1717659034886423,14.05078125,0.05651042693572563,-5219.999999999996,174.85,0.55,204.55,220.25,500.0,508.8,364.75,253.15,2.4443901246638964,2.0860737775235916,True,75.0,75.0,-69.59999999999997
OOS_19,OOS,2025-05-08,2025-05-15,2025-06-05,4,D+4,2025-05-14,EXECUTABLE,GATE_FAIL,24613.80078125,24600.0,1.5545018145379697,13.80078125,0.05606928150857949,-8857.499999999996,152.2,0.3,144.8,468.65,452.55,689.15,306.0,184.95,3.125345303867403,2.0105124835742445,False,75.0,75.0,-118.09999999999997
OOS_19,OOS,2025-05-08,2025-05-15,2025-06-05,5,D+5,2025-05-15,EXECUTABLE,GATE_FAIL,24694.44921875,24700.0,1.7846597644467075,5.55078125,0.022477849984948856,-3243.750000000002,104.95,0.4,66.15,369.65,382.4,618.05,339.95,210.8,5.780801209372637,3.2391615054787994,False,75.0,75.0,-43.25000000000006
OOS_20,OOS,2025-05-15,2025-05-22,2025-06-12,-1,D-1,2025-05-14,EXECUTABLE,GATE_PASS,24613.80078125,24600.0,1.1359521116012559,13.80078125,0.05606928150857949,119.99999999999545,230.1,3.9,284.4,9.35,531.0,417.55,378.2,312.0,1.8670886075949369,1.6436332029552367,True,75.0,75.0,1.599999999999966
OOS_20,OOS,2025-05-15,2025-05-22,2025-06-12,0,D0,2025-05-15,EXECUTABLE,GATE_PASS,24694.44921875,24700.0,0.9799667462781397,5.55078125,0.022477849984948856,7368.749999999996,212.45,96.0,219.95,1.05,425.0,359.65,418.9,357.75,1.9322573312116391,1.9717580607201695,True,75.0,75.0,98.24999999999994
OOS_20,OOS,2025-05-15,2025-05-22,2025-06-12,1,D+1,2025-05-16,EXECUTABLE,GATE_PASS,25064.650390625,25000.0,1.0789374948331012,64.650390625,0.2579345397499794,1308.7500000000055,176.0,395.2,230.0,0.25,482.0,228.7,341.85,520.05,2.0956521739130434,1.9423295454545455,True,75.0,75.0,17.450000000000045
OOS_20,OOS,2025-05-15,2025-05-22,2025-06-12,2,D+2,2025-05-19,EXECUTABLE,GATE_PASS,25005.349609375,25000.0,1.188525528317335,5.349609375,0.02139385954833571,-52.49999999999818,169.55,395.2,201.3,0.25,467.0,228.7,330.95,520.05,2.319920516641828,1.9519315836036566,True,75.0,75.0,-0.6999999999999886
OOS_20,OOS,2025-05-15,2025-05-22,2025-06-12,3,D+3,2025-05-20,EXECUTABLE,GATE_FAIL,24996.19921875,25000.0,1.7438340368367353,3.80078125,0.015205436701548532,-3449.999999999998,180.0,395.2,135.7,0.25,439.95,228.7,334.65,520.05,3.2420781134856305,1.8591666666666666,False,75.0,75.0,-46.0
OOS_20,OOS,2025-05-15,2025-05-22,2025-06-12,4,D+4,2025-05-21,EXECUTABLE,GATE_FAIL,24744.25,24750.0,1.3306222315165113,5.75,0.023237721894985703,-236.25000000000182,118.15,145.7,115.0,0.7,444.3,339.85,343.05,383.6,3.8634782608695653,2.9035124841303426,False,75.0,75.0,-3.150000000000034
OOS_20,OOS,2025-05-15,2025-05-22,2025-06-12,5,D+5,2025-05-22,EXECUTABLE,GATE_FAIL,24733.94921875,24750.0,1.353027638190955,16.05078125,0.06489372606066655,-2171.2500000000027,113.85,145.7,115.0,0.7,489.55,339.85,358.2,383.6,4.256956521739131,3.1462450592885376,False,75.0,75.0,-28.950000000000045
OOS_21,OOS,2025-05-22,2025-05-29,2025-06-19,-1,D-1,2025-05-21,EXECUTABLE,GATE_PASS,24744.25,24700.0,1.0772717003137593,44.25,0.17882942501793347,307.5000000000009,201.05,0.55,296.5,104.7,526.5,473.55,331.4,265.65,1.775716694772344,1.648346182541656,True,75.0,75.0,4.100000000000023
OOS_21,OOS,2025-05-22,2025-05-29,2025-06-19,0,D0,2025-05-22,EXECUTABLE,GATE_PASS,24733.94921875,24700.0,1.0098302005008999,33.94921875,0.13725757439602165,3630.000000000001,198.0,0.55,250.1,104.7,497.4,473.55,389.95,265.65,1.9888044782087164,1.9694444444444443,True,75.0,75.0,48.400000000000034
OOS_21,OOS,2025-05-22,2025-05-29,2025-06-19,1,D+1,2025-05-23,EXECUTABLE,GATE_PASS,24639.5,24600.0,1.1418663648900267,39.5,0.16031169463666065,-596.2500000000027,178.25,0.35,241.85,207.65,488.8,537.9,315.5,228.85,2.021087450899318,1.769985974754558,True,75.0,75.0,-7.9500000000000455
OOS_21,OOS,2025-05-22,2025-05-29,2025-06-19,2,D+2,2025-05-26,EXECUTABLE,GATE_FAIL,24919.349609375,24900.0,1.4980738543107495,19.349609375,0.07764893417491286,-6506.250000000001,187.9,79.85,202.0,0.7,525.1,370.1,326.05,351.05,2.59950495049505,1.7352315061202768,False,75.0,75.0,-86.75
OOS_21,OOS,2025-05-22,2025-05-29,2025-06-19,3,D+3,2025-05-27,EXECUTABLE,GATE_PASS,24956.650390625,24950.0,1.0365647536057694,6.650390625,0.026647769315621895,-7500.000000000003,174.3,133.1,249.6,0.6,593.75,343.25,400.0,457.3,2.37880608974359,2.294893861158921,True,75.0,75.0,-100.00000000000003
OOS_21,OOS,2025-05-22,2025-05-29,2025-06-19,4,D+4,2025-05-28,EXECUTABLE,GATE_FAIL,24832.5,24850.0,1.218151352741049,17.5,0.07047216349541931,-224.9999999999991,190.0,27.3,191.85,1.7,500.0,396.2,406.5,333.15,2.6062027625749282,2.139473684210526,False,75.0,75.0,-2.9999999999999716
OOS_21,OOS,2025-05-22,2025-05-29,2025-06-19,5,D+5,2025-05-29,EXECUTABLE,GATE_FAIL,24825.099609375,24850.0,2.5440878866724486,24.900390625,0.100303285855081,-6033.750000000001,150.0,27.3,75.0,1.7,440.0,396.2,345.9,333.15,5.866666666666666,2.306,False,75.0,75.0,-80.45000000000002
OOS_22,OOS,2025-05-29,2025-06-05,2025-06-26,-1,D-1,2025-05-28,EXECUTABLE,GATE_PASS,24832.5,24850.0,1.1102645315976285,17.5,0.07047216349541931,4282.499999999997,282.0,108.25,305.05,0.3,520.7,348.65,433.55,335.4,1.7069332896246519,1.5374113475177305,True,75.0,75.0,57.099999999999966
OOS_22,OOS,2025-05-29,2025-06-05,2025-06-26,0,D0,2025-05-29,EXECUTABLE,GATE_FAIL,24825.099609375,24850.0,1.3861264579496624,24.900390625,0.100303285855081,-633.75,280.0,108.25,253.4,0.3,508.05,348.65,405.0,335.4,2.004932912391476,1.4464285714285714,False,75.0,75.0,-8.450000000000017
OOS_22,OOS,2025-05-29,2025-06-05,2025-06-26,1,D+1,2025-05-30,EXECUTABLE,GATE_PASS,24812.599609375,24800.0,1.0459751442283374,12.599609375,0.05077907826409072,3161.250000000002,182.0,58.05,243.55,0.55,482.9,374.5,345.0,313.5,1.982755081092178,1.8956043956043955,True,75.0,75.0,42.15000000000002
OOS_22,OOS,2025-05-29,2025-06-05,2025-06-26,2,D+2,2025-06-02,EXECUTABLE,GATE_PASS,24669.69921875,24650.0,0.7414407197731671,19.69921875,0.07985188054108001,7890.000000000002,147.25,0.35,274.0,91.9,525.65,464.5,381.0,249.85,1.9184306569343066,2.5874363327674024,True,75.0,75.0,105.20000000000002
OOS_22,OOS,2025-05-29,2025-06-05,2025-06-26,3,D+3,2025-06-03,EXECUTABLE,GATE_FAIL,24786.30078125,24800.0,1.2998508311940045,13.69921875,0.055269315380708194,2129.9999999999973,221.0,58.05,202.2,0.55,448.0,374.5,376.7,313.5,2.215628090999011,1.704524886877828,False,75.0,75.0,28.399999999999977
OOS_22,OOS,2025-05-29,2025-06-05,2025-06-26,4,D+4,2025-06-04,EXECUTABLE,GATE_PASS,24560.44921875,24550.0,1.0444926470588236,10.44921875,0.04254490077495338,3671.2500000000036,127.4,0.15,160.0,192.9,446.0,530.45,340.0,215.35,2.7875,2.668759811616954,True,75.0,75.0,48.950000000000045
OOS_22,OOS,2025-05-29,2025-06-05,2025-06-26,5,D+5,2025-06-05,EXECUTABLE,GATE_FAIL,24691.19921875,24700.0,2.05843805776962,8.80078125,0.03564339330799641,1211.250000000001,104.9,1.05,59.9,42.75,387.65,431.75,329.8,271.05,6.471619365609349,3.143946615824595,False,75.0,75.0,16.150000000000006
OOS_23,OOS,2025-06-05,2025-06-12,2025-07-03,-1,D-1,2025-06-04,EXECUTABLE,GATE_FAIL,24560.44921875,24550.0,1.2589527549035648,10.44921875,0.04254490077495338,-3780.000000000002,237.45,0.15,297.0,340.15,525.0,597.25,333.4,175.6,1.7676767676767677,1.4040850705411665,False,75.0,75.0,-50.39999999999995
OOS_23,OOS,2025-06-05,2025-06-12,2025-07-03,0,D0,2025-06-05,EXECUTABLE,GATE_FAIL,24691.19921875,24700.0,1.4293064540552365,8.80078125,0.03564339330799641,-4102.499999999996,235.35,0.2,204.95,195.8,433.15,477.1,348.0,220.65,2.113442303000732,1.478648820905035,False,75.0,75.0,-54.69999999999999
OOS_23,OOS,2025-06-05,2025-06-12,2025-07-03,1,D+1,2025-06-06,EXECUTABLE,GATE_FAIL,24748.69921875,24750.0,1.2997111752943793,1.30078125,0.005255958054613666,-1743.7500000000036,143.0,0.2,140.0,146.2,450.0,448.15,353.65,226.05,3.2142857142857144,2.4730769230769227,False,75.0,75.0,-23.250000000000057
OOS_23,OOS,2025-06-05,2025-06-12,2025-07-03,2,D+2,2025-06-09,EXECUTABLE,GATE_PASS,25160.099609375,25150.0,1.1411708264673421,10.099609375,0.040141372775951756,866.25,147.0,257.4,143.95,0.2,428.0,239.4,383.0,437.0,2.973254602292463,2.6054421768707483,True,75.0,75.0,11.549999999999983
OOS_23,OOS,2025-06-05,2025-06-12,2025-07-03,3,D+3,2025-06-10,EXECUTABLE,GATE_FAIL,25196.05078125,25200.0,1.6082648083079618,3.94921875,0.015673959321191984,-86.24999999999818,151.0,306.15,100.25,0.2,375.15,223.7,351.35,456.25,3.74214463840399,2.3268211920529804,False,75.0,75.0,-1.1499999999999773
OOS_23,OOS,2025-06-05,2025-06-12,2025-07-03,4,D+4,2025-06-11,EXECUTABLE,GATE_FAIL,25134.150390625,25150.0,2.3730492029269863,15.849609375,0.06306005625283391,-3656.250000000002,136.05,257.4,63.8,0.2,356.05,239.4,319.95,437.0,5.580721003134797,2.351708930540242,False,75.0,75.0,-48.75000000000006
OOS_23,OOS,2025-06-05,2025-06-12,2025-07-03,5,D+5,2025-06-12,EXECUTABLE,GATE_FAIL,25164.44921875,25150.0,1.8444465042372882,14.44921875,0.057419173471255254,-3558.749999999998,84.9,257.4,59.0,0.2,369.15,239.4,288.0,437.0,6.256779661016949,3.3922261484098937,False,75.0,75.0,-47.45000000000002
OOS_24,OOS,2025-06-12,2025-06-19,2025-07-10,-1,D-1,2025-06-11,EXECUTABLE,GATE_FAIL,25134.150390625,25150.0,1.4880816027331811,15.849609375,0.06306005625283391,-4428.750000000002,211.5,351.1,184.0,0.2,430.0,182.4,332.15,467.0,2.3369565217391304,1.5704491725768321,False,75.0,75.0,-59.04999999999998
OOS_24,OOS,2025-06-12,2025-06-19,2025-07-10,0,D0,2025-06-12,EXECUTABLE,GATE_FAIL,25164.44921875,25150.0,1.2597630383472753,14.44921875,0.057419173471255254,-3161.249999999991,167.15,351.1,181.3,0.2,457.2,182.4,334.6,467.0,2.5217870932156643,2.0017947950942268,False,75.0,75.0,-42.149999999999864
OOS_24,OOS,2025-06-12,2025-06-19,2025-07-10,1,D+1,2025-06-13,EXECUTABLE,GATE_FAIL,24473.0,24500.0,1.2065693430656932,27.0,0.11032566501859191,-7113.750000000003,150.0,0.2,200.0,301.9,495.9,546.55,308.25,202.05,2.4795,2.055,False,75.0,75.0,-94.85000000000002
OOS_24,OOS,2025-06-12,2025-06-19,2025-07-10,2,D+2,2025-06-16,EXECUTABLE,GATE_FAIL,24732.349609375,24750.0,1.3943457648804678,17.650390625,0.07136560376903889,-4492.500000000001,177.05,0.4,159.55,51.2,418.8,384.75,333.3,290.85,2.62488248198057,1.882519062411748,False,75.0,75.0,-59.90000000000002
OOS_24,OOS,2025-06-12,2025-06-19,2025-07-10,3,D+3,2025-06-17,EXECUTABLE,GATE_FAIL,24977.849609375,25000.0,1.3136315957495324,22.150390625,0.08868013448478061,367.4999999999991,151.6,198.75,114.0,0.2,361.0,248.5,365.45,409.0,3.1666666666666665,2.4106200527704487,False,75.0,75.0,4.899999999999977
OOS_24,OOS,2025-06-12,2025-06-19,2025-07-10,4,D+4,2025-06-18,EXECUTABLE,GATE_PASS,24788.349609375,24800.0,1.1714587877586093,11.650390625,0.04699946066838512,-3232.499999999999,111.0,2.35,123.0,3.25,407.15,352.1,313.65,312.8,3.310162601626016,2.8256756756756753,True,75.0,75.0,-43.099999999999994
OOS_24,OOS,2025-06-12,2025-06-19,2025-07-10,5,D+5,2025-06-19,EXECUTABLE,GATE_FAIL,24803.25,24800.0,1.306066334421722,3.25,0.013103121566730165,-2190.000000000001,60.0,2.35,55.0,3.25,380.0,352.1,317.4,312.8,6.909090909090909,5.29,False,75.0,75.0,-29.20000000000001
OOS_25,OOS,2025-06-19,2025-06-26,2025-07-17,-1,D-1,2025-06-18,EXECUTABLE,GATE_FAIL,24788.349609375,24800.0,1.2149105627366497,11.650390625,0.04699946066838512,-5381.25,200.0,0.25,230.0,750.4,465.25,861.1,333.0,80.45,2.0228260869565218,1.665,False,75.0,75.0,-71.74999999999994
OOS_25,OOS,2025-06-19,2025-06-26,2025-07-17,0,D0,2025-06-19,EXECUTABLE,GATE_FAIL,24803.25,24800.0,1.2251995597456309,3.25,0.013103121566730165,-3337.5,200.25,0.25,199.0,750.4,412.75,861.1,339.0,80.45,2.0741206030150754,1.692883895131086,False,75.0,75.0,-44.49999999999994
OOS_25,OOS,2025-06-19,2025-06-26,2025-07-17,1,D+1,2025-06-20,EXECUTABLE,GATE_FAIL,24787.650390625,24800.0,1.4520083738444853,12.349609375,0.04982162157519688,-7008.75,188.0,0.25,178.0,750.4,418.0,861.1,304.05,80.45,2.348314606741573,1.6172872340425533,False,75.0,75.0,-93.44999999999993
OOS_25,OOS,2025-06-19,2025-06-26,2025-07-17,2,D+2,2025-06-23,EXECUTABLE,GATE_PASS,24939.75,24950.0,0.8869038371912381,10.25,0.041099048707384796,180.00000000000182,135.0,0.25,180.0,598.6,380.6,720.2,321.85,105.7,2.1144444444444446,2.3840740740740745,True,75.0,75.0,2.400000000000034
OOS_25,OOS,2025-06-19,2025-06-26,2025-07-17,3,D+3,2025-06-24,EXECUTABLE,GATE_FAIL,25179.900390625,25200.0,1.521699347572142,20.099609375,0.0798240225862192,-5088.749999999998,130.0,0.35,101.05,349.2,367.15,531.1,310.4,164.4,3.6333498268184066,2.3876923076923076,False,75.0,75.0,-67.84999999999994
OOS_25,OOS,2025-06-19,2025-06-26,2025-07-17,4,D+4,2025-06-25,EXECUTABLE,GATE_PASS,25150.349609375,25150.0,1.1607226478650499,0.349609375,0.001390077595063252,-311.25,110.0,0.35,98.8,399.15,335.75,569.8,322.05,150.25,3.3982793522267207,2.9277272727272727,True,75.0,75.0,-4.150000000000034
OOS_25,OOS,2025-06-19,2025-06-26,2025-07-17,5,D+5,2025-06-26,EXECUTABLE,GATE_PASS,25268.94921875,25250.0,1.0659992749783889,18.94921875,0.0749901334873844,-2823.7500000000045,58.0,0.35,70.0,299.5,329.55,497.45,256.15,174.55,4.707857142857143,4.416379310344827,True,75.0,75.0,-37.650000000000034
OOS_26,OOS,2025-06-26,2025-07-03,2025-07-24,-1,D-1,2025-06-25,EXECUTABLE,GATE_FAIL,25150.349609375,25150.0,1.2908757621951217,0.349609375,0.001390077595063252,7226.250000000002,203.0,0.15,205.0,257.6,417.15,600.0,320.0,151.05,2.0348780487804876,1.5763546798029557,False,75.0,75.0,96.35
OOS_26,OOS,2025-06-26,2025-07-03,2025-07-24,0,D0,2025-06-26,EXECUTABLE,GATE_FAIL,25268.94921875,25250.0,1.2823555316693085,18.94921875,0.0749901334873844,-1368.75,177.85,0.2,190.9,158.15,397.45,428.0,288.75,192.65,2.0819800942902043,1.6235591790834973,False,75.0,75.0,-18.25
OOS_26,OOS,2025-06-26,2025-07-03,2025-07-24,1,D+1,2025-06-27,EXECUTABLE,GATE_FAIL,25576.650390625,25600.0,1.494754763029444,23.349609375,0.09129267913658737,-228.74999999999818,193.0,192.05,144.0,0.25,354.15,228.05,317.55,337.3,2.4593749999999996,1.6453367875647669,False,75.0,75.0,-3.0499999999999545
OOS_26,OOS,2025-06-26,2025-07-03,2025-07-24,2,D+2,2025-06-30,EXECUTABLE,GATE_PASS,25661.650390625,25650.0,1.0577128715896245,11.650390625,0.045400005251635143,2163.7499999999964,120.0,242.75,142.0,0.2,375.05,207.05,299.65,367.35,2.6411971830985914,2.4970833333333333,True,75.0,75.0,28.849999999999966
OOS_26,OOS,2025-06-26,2025-07-03,2025-07-24,3,D+3,2025-07-01,EXECUTABLE,GATE_FAIL,25551.349609375,25550.0,1.239715691034031,1.349609375,0.005281949468942404,2223.7500000000045,130.2,142.4,119.6,0.3,339.7,252.3,298.3,312.75,2.8403010033444818,2.2910906298003075,False,75.0,75.0,29.650000000000034
OOS_26,OOS,2025-06-26,2025-07-03,2025-07-24,4,D+4,2025-07-02,EXECUTABLE,GATE_FAIL,25588.30078125,25600.0,1.4881289019463826,11.69921875,0.04572096775793991,273.7500000000018,97.0,192.05,80.0,0.25,334.2,228.05,272.3,337.3,4.1775,2.807216494845361,False,75.0,75.0,3.650000000000034
OOS_26,OOS,2025-06-26,2025-07-03,2025-07-24,5,D+5,2025-07-03,EXECUTABLE,GATE_FAIL,25505.099609375,25500.0,1.5232113482449954,5.099609375,0.019994469549632805,1020.0,69.0,92.05,54.0,0.45,310.0,277.25,260.05,290.3,5.7407407407407405,3.768840579710145,False,75.0,75.0,13.599999999999994
OOS_27,OOS,2025-07-03,2025-07-10,2025-07-31,-1,D-1,2025-07-02,EXECUTABLE,GATE_PASS,25588.30078125,25600.0,1.1407606084867896,11.69921875,0.04572096775793991,506.25,171.0,240.1,187.35,0.2,374.95,180.05,300.0,354.6,2.0013344008540166,1.7543859649122806,True,75.0,75.0,6.75
OOS_27,OOS,2025-07-03,2025-07-10,2025-07-31,0,D0,2025-07-03,EXECUTABLE,GATE_PASS,25505.099609375,25500.0,1.1013790014309688,5.099609375,0.019994469549632805,1507.5000000000027,152.05,139.8,164.0,0.3,363.45,224.05,305.95,297.9,2.216158536585366,2.012167050312397,True,75.0,75.0,20.100000000000023
OOS_27,OOS,2025-07-03,2025-07-10,2025-07-31,1,D+1,2025-07-04,EXECUTABLE,GATE_PASS,25428.849609375,25450.0,1.1936982387598196,21.150390625,0.08317478356237698,716.2499999999991,160.65,89.4,160.0,0.4,355.65,249.2,299.15,271.5,2.2228125,1.862122626828509,True,75.0,75.0,9.549999999999983
OOS_27,OOS,2025-07-03,2025-07-10,2025-07-31,2,D+2,2025-07-07,EXECUTABLE,GATE_PASS,25450.44921875,25450.0,1.107646527093899,0.44921875,0.0017650719880773222,138.7500000000009,127.15,89.4,150.5,0.4,371.75,249.2,283.55,271.5,2.4700996677740865,2.230043255996854,True,75.0,75.0,1.8499999999999943
OOS_27,OOS,2025-07-03,2025-07-10,2025-07-31,3,D+3,2025-07-08,EXECUTABLE,GATE_FAIL,25427.849609375,25450.0,1.329787234042553,22.150390625,0.08711075047743465,-787.5000000000009,120.0,89.4,112.8,0.4,350.0,249.2,280.0,271.5,3.102836879432624,2.3333333333333335,False,75.0,75.0,-10.500000000000014
OOS_27,OOS,2025-07-03,2025-07-10,2025-07-31,4,D+4,2025-07-09,EXECUTABLE,GATE_PASS,25514.599609375,25500.0,0.8567310592941019,14.599609375,0.057220609370783805,-401.2499999999982,63.9,139.8,111.0,0.3,360.0,224.05,241.9,297.9,3.2432432432432434,3.7856025039123633,True,75.0,75.0,-5.3499999999999375
OOS_27,OOS,2025-07-03,2025-07-10,2025-07-31,5,D+5,2025-07-10,EXECUTABLE,GATE_FAIL,25511.650390625,25500.0,1.4465238813741652,11.650390625,0.045666942148443974,-558.7499999999964,62.8,139.8,54.9,0.3,311.65,224.05,246.45,297.9,5.676684881602914,3.924363057324841,False,75.0,75.0,-7.449999999999932
OOS_28,OOS,2025-07-10,2025-07-17,2025-08-07,-1,D-1,2025-07-09,EXECUTABLE,GATE_PASS,25514.599609375,25500.0,1.0078305155316643,14.599609375,0.057220609370783805,1593.7500000000018,145.0,387.15,213.6,0.15,418.0,121.5,281.55,419.4,1.9569288389513109,1.9417241379310346,True,75.0,75.0,21.25
OOS_28,OOS,2025-07-10,2025-07-17,2025-08-07,0,D0,2025-07-10,EXECUTABLE,GATE_PASS,25511.650390625,25500.0,1.170478570055737,11.650390625,0.045666942148443974,1687.5000000000018,150.0,387.15,165.0,0.15,365.4,121.5,283.8,419.4,2.2145454545454544,1.8920000000000001,True,75.0,75.0,22.500000000000057
OOS_28,OOS,2025-07-10,2025-07-17,2025-08-07,1,D+1,2025-07-11,EXECUTABLE,GATE_PASS,25255.5,25250.0,0.8637629520212825,5.5,0.021777434618201977,3247.499999999999,103.0,137.9,174.15,0.25,380.15,222.95,260.3,268.6,2.1828883146712603,2.5271844660194174,True,75.0,75.0,43.30000000000001
OOS_28,OOS,2025-07-10,2025-07-17,2025-08-07,2,D+2,2025-07-14,EXECUTABLE,GATE_PASS,25149.5,25150.0,1.1170069930069928,0.5,0.001988111095648025,2576.250000000002,114.75,38.1,130.0,0.6,348.0,275.55,275.0,220.95,2.6769230769230767,2.396514161220044,True,75.0,75.0,34.35000000000002
OOS_28,OOS,2025-07-10,2025-07-17,2025-08-07,3,D+3,2025-07-15,EXECUTABLE,GATE_PASS,25089.5,25100.0,1.0544364243216895,10.5,0.04185017636860041,-164.9999999999991,80.0,1.75,119.7,13.95,362.95,304.95,230.05,201.75,3.0321637426900585,2.8756250000000003,True,75.0,75.0,-2.1999999999999886
OOS_28,OOS,2025-07-10,2025-07-17,2025-08-07,4,D+4,2025-07-16,EXECUTABLE,GATE_FAIL,25196.599609375,25200.0,1.4164464499109113,3.400390625,0.01349543461306899,1417.500000000001,65.0,87.9,57.95,0.25,301.75,246.8,238.95,245.7,5.207075064710957,3.676153846153846,False,75.0,75.0,18.90000000000002
OOS_28,OOS,2025-07-10,2025-07-17,2025-08-07,5,D+5,2025-07-17,EXECUTABLE,GATE_FAIL,25230.75,25250.0,2.032774343217463,19.25,0.07629578985959594,2726.249999999998,62.0,137.9,34.05,0.25,265.7,222.95,238.0,268.6,7.80323054331865,3.838709677419355,False,75.0,75.0,36.34999999999998
OOS_29,OOS,2025-07-17,2025-07-24,2025-08-14,-1,D-1,2025-07-16,EXECUTABLE,GATE_FAIL,25196.599609375,25200.0,1.2870935594796664,3.400390625,0.01349543461306899,888.7500000000017,165.0,135.55,168.2,0.25,341.2,207.45,260.05,252.95,2.028537455410226,1.5760606060606062,False,75.0,75.0,11.850000000000023
OOS_29,OOS,2025-07-17,2025-07-24,2025-08-14,0,D0,2025-07-17,EXECUTABLE,GATE_FAIL,25230.75,25250.0,1.2776305288153629,19.25,0.07629578985959594,1927.500000000007,147.35,185.65,137.15,0.2,332.2,184.7,279.35,281.4,2.4221655122129055,1.8958262639972856,False,75.0,75.0,25.700000000000074
OOS_29,OOS,2025-07-17,2025-07-24,2025-08-14,1,D+1,2025-07-18,EXECUTABLE,GATE_PASS,25108.55078125,25100.0,0.9403189777297688,8.55078125,0.03405525601415977,3213.749999999998,109.0,35.35,162.2,0.6,342.05,258.75,244.45,206.25,2.10881627620222,2.2426605504587154,True,75.0,75.0,42.849999999999966
OOS_29,OOS,2025-07-17,2025-07-24,2025-08-14,2,D+2,2025-07-21,EXECUTABLE,GATE_PASS,24999.0,25000.0,1.0842025975211704,1.0,0.004000160006400256,3457.499999999999,120.0,0.4,136.2,65.0,308.75,318.95,250.9,166.6,2.2668869309838473,2.0908333333333333,True,75.0,75.0,46.099999999999994
OOS_29,OOS,2025-07-17,2025-07-24,2025-08-14,3,D+3,2025-07-22,EXECUTABLE,GATE_FAIL,25166.650390625,25150.0,1.2492377592506347,16.650390625,0.06616053533768065,2913.7500000000036,85.0,85.6,84.4,0.3,289.7,235.75,233.55,225.45,3.432464454976303,2.7476470588235293,False,75.0,75.0,38.85000000000004
OOS_29,OOS,2025-07-17,2025-07-24,2025-08-14,4,D+4,2025-07-23,EXECUTABLE,GATE_FAIL,25139.349609375,25150.0,1.7835635934086191,10.650390625,0.04236541832024263,1665.0000000000023,78.2,85.6,53.3,0.3,273.4,235.75,224.9,225.45,5.129455909943714,2.8759590792838874,False,75.0,75.0,22.20000000000003
OOS_29,OOS,2025-07-17,2025-07-24,2025-08-14,5,D+5,2025-07-24,EXECUTABLE,GATE_FAIL,25243.30078125,25250.0,1.537529992303862,6.69921875,0.026538600510500544,2797.500000000001,52.0,185.65,39.8,0.2,261.25,184.7,222.0,281.4,6.564070351758795,4.269230769230769,False,75.0,75.0,37.30000000000001
OOS_30,OOS,2025-07-24,2025-07-31,2025-08-21,-1,D-1,2025-07-23,EXECUTABLE,GATE_FAIL,25139.349609375,25150.0,1.3070462851442421,10.650390625,0.04236541832024263,-330.0,135.0,370.1,134.95,0.15,333.5,134.7,255.25,430.75,2.471285661356058,1.8907407407407408,False,75.0,75.0,-4.400000000000034
OOS_30,OOS,2025-07-24,2025-07-31,2025-08-21,0,D0,2025-07-24,EXECUTABLE,GATE_PASS,25243.30078125,25250.0,1.067975083090518,6.69921875,0.026538600510500544,11546.25,124.45,473.45,137.15,0.15,275.35,103.3,233.95,393.95,2.007655851257747,1.8798714343109681,True,75.0,75.0,153.95
OOS_30,OOS,2025-07-24,2025-07-31,2025-08-21,1,D+1,2025-07-25,EXECUTABLE,GATE_PASS,25010.349609375,25000.0,0.8256266398131211,10.349609375,0.0413813062857806,4109.999999999999,97.0,212.15,148.2,0.25,298.2,181.35,236.4,327.85,2.0121457489878543,2.437113402061856,True,75.0,75.0,54.80000000000001
OOS_30,OOS,2025-07-24,2025-07-31,2025-08-21,2,D+2,2025-07-28,EXECUTABLE,GATE_PASS,24782.44921875,24800.0,0.8925071877807726,17.55078125,0.07081939761111812,4177.500000000002,98.45,19.85,126.0,3.65,302.7,278.55,265.0,228.9,2.4023809523809523,2.691721686135094,True,75.0,75.0,55.70000000000002
OOS_30,OOS,2025-07-24,2025-07-31,2025-08-21,3,D+3,2025-07-29,EXECUTABLE,GATE_PASS,24609.650390625,24600.0,0.9022232847238824,9.650390625,0.03921384689266573,-1578.75,75.0,0.3,141.0,176.1,377.4,398.95,222.5,155.3,2.676595744680851,2.966666666666667,True,75.0,75.0,-21.049999999999997
OOS_30,OOS,2025-07-24,2025-07-31,2025-08-21,4,D+4,2025-07-30,EXECUTABLE,GATE_FAIL,24890.400390625,24900.0,1.3383618015891139,9.599609375,0.038567516891434596,2853.7500000000027,65.0,108.25,52.35,0.45,268.45,227.8,249.05,265.5,5.1279847182425975,3.831538461538462,False,75.0,75.0,38.05000000000004
OOS_30,OOS,2025-07-24,2025-07-31,2025-08-21,5,D+5,2025-07-31,EXECUTABLE,GATE_PASS,24642.25,24650.0,0.7064368786791163,7.75,0.03145005021862858,1740.0,51.95,0.5,107.7,126.3,329.45,367.2,224.95,169.45,3.0589600742804084,4.330125120307988,True,75.0,75.0,23.200000000000003
OOS_31,OOS,2025-07-31,2025-08-07,2025-08-28,-1,D-1,2025-07-30,EXECUTABLE,GATE_PASS,24890.400390625,24900.0,1.1669358798064682,9.599609375,0.038567516891434596,4567.499999999999,175.55,317.85,175.0,0.1,326.3,144.05,280.5,354.55,1.8645714285714285,1.5978353745371687,True,75.0,75.0,60.900000000000034
OOS_31,OOS,2025-07-31,2025-08-07,2025-08-28,0,D0,2025-07-31,EXECUTABLE,GATE_PASS,24642.25,24650.0,0.9571594601349662,7.75,0.03145005021862858,-637.4999999999982,111.65,64.5,200.05,0.45,480.2,260.9,280.0,221.65,2.4003999000249934,2.507836990595611,True,75.0,75.0,-8.5
OOS_31,OOS,2025-07-31,2025-08-07,2025-08-28,1,D+1,2025-08-01,EXECUTABLE,GATE_PASS,24734.900390625,24750.0,1.152570177822934,15.099609375,0.061045765847203656,2812.5000000000027,150.0,167.95,162.65,0.2,340.0,205.95,272.05,280.9,2.090378112511528,1.8136666666666668,True,75.0,75.0,37.50000000000003
OOS_31,OOS,2025-07-31,2025-08-07,2025-08-28,2,D+2,2025-08-04,EXECUTABLE,GATE_FAIL,24596.05078125,24600.0,1.383458899078718,3.94921875,0.01605631239390089,975.0000000000027,151.2,14.5,140.15,1.85,327.0,288.6,255.0,205.2,2.3332144131287906,1.6865079365079367,False,75.0,75.0,13.000000000000057
OOS_31,OOS,2025-07-31,2025-08-07,2025-08-28,3,D+3,2025-08-05,EXECUTABLE,GATE_PASS,24720.25,24700.0,0.9748312633754642,20.25,0.08191664728309786,4754.999999999996,99.0,115.9,131.1,0.25,306.85,232.85,237.7,248.05,2.3405797101449277,2.401010101010101,True,75.0,75.0,63.39999999999995
OOS_31,OOS,2025-07-31,2025-08-07,2025-08-28,4,D+4,2025-08-06,EXECUTABLE,GATE_FAIL,24641.349609375,24650.0,1.348076409115823,8.650390625,0.03510518198933751,2707.4999999999973,93.0,64.5,86.95,0.45,296.0,260.9,234.85,221.65,3.404255319148936,2.525268817204301,False,75.0,75.0,36.099999999999966
OOS_31,OOS,2025-07-31,2025-08-07,2025-08-28,5,D+5,2025-08-07,EXECUTABLE,GATE_PASS,24464.19921875,24450.0,0.832577420141429,14.19921875,0.05804080739792762,-663.7500000000036,44.0,0.35,95.0,124.4,368.6,377.4,205.05,149.65,3.8800000000000003,4.660227272727273,True,75.0,75.0,-8.850000000000051
OOS_32,OOS,2025-08-07,2025-08-14,2025-09-02,-1,D-1,2025-08-06,EXECUTABLE,GATE_PASS,24641.349609375,24600.0,1.1320663384228136,41.349609375,0.16780578186865305,-67.49999999999955,140.0,0.7,204.85,36.35,365.0,303.25,220.35,188.7,1.7817915547961924,1.5739285714285713,True,75.0,75.0,-0.9000000000000057
OOS_32,OOS,2025-08-07,2025-08-14,2025-09-02,0,D0,2025-08-07,EXECUTABLE,GATE_FAIL,24464.19921875,24500.0,1.2823252831801668,35.80078125,0.1463394772495204,-420.00000000000273,150.0,0.25,170.0,136.95,340.0,369.7,233.95,152.55,2.0,1.5596666666666665,False,75.0,75.0,-5.600000000000023
OOS_32,OOS,2025-08-07,2025-08-14,2025-09-02,1,D+1,2025-08-08,EXECUTABLE,GATE_PASS,24544.25,24550.0,0.6993890221775061,5.75,0.02342707558796867,8628.749999999996,110.0,0.35,175.2,88.15,295.75,337.45,265.5,169.55,1.688070776255708,2.4136363636363636,True,75.0,75.0,115.04999999999995
OOS_32,OOS,2025-08-07,2025-08-14,2025-09-02,2,D+2,2025-08-11,EXECUTABLE,GATE_FAIL,24371.5,24400.0,1.3232631845841785,28.5,0.11693986828877993,-63.75000000000182,132.0,0.15,136.0,235.7,316.3,437.45,232.0,122.45,2.325735294117647,1.7575757575757576,False,75.0,75.0,-0.8500000000000085
OOS_32,OOS,2025-08-07,2025-08-14,2025-09-02,3,D+3,2025-08-12,EXECUTABLE,GATE_FAIL,24563.349609375,24550.0,1.2054805827246091,13.349609375,0.054347674837901205,-465.0000000000018,92.0,0.35,118.2,88.15,317.5,337.45,205.0,169.55,2.686125211505922,2.2282608695652173,False,75.0,75.0,-6.200000000000031
OOS_32,OOS,2025-08-07,2025-08-14,2025-09-02,4,D+4,2025-08-13,EXECUTABLE,GATE_FAIL,24586.19921875,24600.0,1.7558913748822533,13.80078125,0.05613222738175491,-97.49999999999773,89.2,0.7,63.8,36.35,268.95,303.25,214.15,188.7,4.2155172413793105,2.4007847533632285,False,75.0,75.0,-1.2999999999999758
OOS_32,OOS,2025-08-07,2025-08-14,2025-09-02,5,D+5,2025-08-14,EXECUTABLE,GATE_PASS,24607.25,24600.0,0.806226588485742,7.25,0.029462861555029515,-1398.75,36.2,0.7,80.2,36.35,321.6,303.25,180.05,188.7,4.0099750623441395,4.973756906077348,True,75.0,75.0,-18.65
OOS_33,OOS,2025-08-14,2025-08-21,2025-09-09,-1,D-1,2025-08-13,EXECUTABLE,GATE_FAIL,24586.19921875,24600.0,1.2751020408163267,13.80078125,0.05613222738175491,2133.75,142.0,0.1,150.0,484.85,330.0,645.15,245.0,54.95,2.2,1.7253521126760563,False,75.0,75.0,28.44999999999999
OOS_33,OOS,2025-08-14,2025-08-21,2025-09-09,0,D0,2025-08-14,EXECUTABLE,GATE_PASS,24607.25,24600.0,1.030466796431007,7.25,0.029462861555029515,903.75,110.1,0.1,192.0,484.85,395.25,645.15,219.95,54.95,2.05859375,1.9977293369663942,True,75.0,75.0,12.049999999999955
OOS_33,OOS,2025-08-14,2025-08-21,2025-09-09,1,D+1,2025-08-18,EXECUTABLE,GATE_FAIL,24938.19921875,24950.0,2.1000648284323575,11.80078125,0.047320101770329435,-4293.75,138.2,0.15,102.6,137.1,340.35,365.0,218.3,127.65,3.3172514619883047,1.5795947901591898,False,75.0,75.0,-57.25
OOS_33,OOS,2025-08-14,2025-08-21,2025-09-09,2,D+2,2025-08-19,EXECUTABLE,GATE_PASS,24891.349609375,24900.0,0.9900737856610667,8.650390625,0.03475259783319239,3554.999999999999,86.0,0.15,130.65,186.9,311.35,407.8,207.0,113.95,2.383084577114428,2.4069767441860463,True,75.0,75.0,47.39999999999999
OOS_33,OOS,2025-08-14,2025-08-21,2025-09-09,3,D+3,2025-08-20,EXECUTABLE,GATE_PASS,24965.80078125,24950.0,1.007065643114523,15.80078125,0.06328970333636091,1837.4999999999982,63.0,0.15,98.2,137.1,306.1,365.0,195.0,127.65,3.1171079429735236,3.0952380952380953,True,75.0,75.0,24.49999999999997
OOS_33,OOS,2025-08-14,2025-08-21,2025-09-09,4,D+4,2025-08-21,EXECUTABLE,GATE_FAIL,25142.0,25150.0,2.4725435851586948,8.0,0.031819266565905654,1691.2499999999995,74.2,60.8,35.0,0.3,260.9,240.25,223.7,201.8,7.454285714285714,3.0148247978436653,False,75.0,75.0,22.549999999999997
OOS_33,OOS,2025-08-14,2025-08-21,2025-09-09,5,D+5,2025-08-22,AFTER_NEAR_EXPIRY,,,,,,,,,,,,,,,,,,,,,
OOS_34,OOS,2025-08-21,2025-08-28,2025-09-16,-1,D-1,2025-08-20,EXECUTABLE,GATE_PASS,24965.80078125,24950.0,0.9161807516755831,15.80078125,0.06328970333636091,9183.750000000002,124.05,453.9,195.9,0.2,356.5,104.95,246.4,397.95,1.819806023481368,1.9862958484482065,True,75.0,75.0,122.44999999999996
OOS_34,OOS,2025-08-21,2025-08-28,2025-09-16,0,D0,2025-08-21,EXECUTABLE,GATE_PASS,25142.0,25100.0,1.135157545605307,42.0,0.1670511494710047,3202.4999999999964,120.0,605.0,150.0,0.15,342.25,69.85,241.2,560.95,2.2816666666666667,2.01,True,75.0,75.0,42.69999999999999
OOS_34,OOS,2025-08-21,2025-08-28,2025-09-16,1,D+1,2025-08-22,EXECUTABLE,GATE_PASS,25064.150390625,25050.0,0.7687253613666228,14.150390625,0.0564566937417229,9862.5,90.0,553.4,152.2,0.2,302.9,80.45,233.0,494.45,1.9901445466491459,2.588888888888889,True,75.0,75.0,131.5
OOS_34,OOS,2025-08-21,2025-08-28,2025-09-16,2,D+2,2025-08-25,EXECUTABLE,GATE_FAIL,24949.150390625,24950.0,1.502443650274541,0.849609375,0.003405363957079889,4852.5,115.25,453.9,109.0,0.2,302.95,104.95,213.2,397.95,2.7793577981651376,1.8498915401301517,False,75.0,75.0,64.69999999999999
OOS_34,OOS,2025-08-21,2025-08-28,2025-09-16,3,D+3,2025-08-26,EXECUTABLE,GATE_PASS,24899.5,24900.0,1.0356984555517819,0.5,0.0020080724512540416,2373.75,59.0,405.65,91.0,0.2,304.95,118.6,190.9,410.35,3.351098901098901,3.2355932203389832,True,75.0,75.0,31.649999999999977
OOS_34,OOS,2025-08-21,2025-08-28,2025-09-16,4,D+4,2025-08-28,EXECUTABLE,GATE_PASS,24695.80078125,24700.0,1.0161479476770412,4.19921875,0.01700377642011191,6367.499999999998,64.0,203.35,73.9,0.3,281.6,197.7,240.0,284.15,3.810554803788904,3.75,True,75.0,75.0,84.89999999999998
OOS_34,OOS,2025-08-21,2025-08-28,2025-09-16,5,D+5,2025-08-29,AFTER_NEAR_EXPIRY,,,,,,,,,,,,,,,,,,,,,
OOS_35,OOS,2025-08-28,2025-09-02,2025-09-23,-1,D-1,2025-08-26,EXECUTABLE,GATE_PASS,24899.5,24900.0,0.808368372474618,0.5,0.0020080724512540416,4586.25,100.2,319.7,179.1,0.15,354.0,139.75,245.0,368.05,1.9765494137353434,2.4451097804391217,True,75.0,75.0,61.14999999999998
OOS_35,OOS,2025-08-28,2025-09-02,2025-09-23,0,D0,2025-08-28,EXECUTABLE,GATE_PASS,24695.80078125,24700.0,0.7697172241250381,4.19921875,0.01700377642011191,9210.000000000002,115.0,121.5,152.0,0.2,290.0,222.4,285.05,252.95,1.9078947368421053,2.478695652173913,True,75.0,75.0,122.80000000000004
OOS_35,OOS,2025-08-28,2025-09-02,2025-09-23,1,D+1,2025-08-29,EXECUTABLE,GATE_PASS,24466.69921875,24450.0,0.9876306023194912,16.69921875,0.06825284686216518,-1874.9999999999995,81.55,0.25,165.0,128.4,404.65,372.45,202.5,150.6,2.452424242424242,2.4831391784181482,True,75.0,75.0,-24.999999999999986
OOS_35,OOS,2025-08-28,2025-09-02,2025-09-23,2,D+2,2025-09-01,EXECUTABLE,GATE_FAIL,24432.69921875,24450.0,1.3811138255453719,17.30078125,0.07080994651922508,-6468.750000000002,65.0,0.25,97.85,128.4,410.0,372.45,197.2,150.6,4.190086867654574,3.0338461538461536,False,75.0,75.0,-86.25000000000003
OOS_35,OOS,2025-08-28,2025-09-02,2025-09-23,3,D+3,2025-09-02,EXECUTABLE,GATE_FAIL,24653.0,24650.0,1.4135169192260713,3.0,0.012168904392974486,-588.75,44.0,70.9,48.6,0.35,299.3,250.55,191.7,225.95,6.158436213991769,4.3568181818181815,False,75.0,75.0,-7.849999999999994
OOS_35,OOS,2025-08-28,2025-09-02,2025-09-23,4,D+4,2025-09-03,AFTER_NEAR_EXPIRY,,,,,,,,,,,,,,,,,,,,,
OOS_35,OOS,2025-08-28,2025-09-02,2025-09-23,5,D+5,2025-09-04,AFTER_NEAR_EXPIRY,,,,,,,,,,,,,,,,,,,,,
OOS_36,OOS,2025-09-02,2025-09-09,2025-09-30,-1,D-1,2025-09-01,EXECUTABLE,GATE_PASS,24432.69921875,24450.0,1.1481932752709105,17.30078125,0.07080994651922508,-292.5,137.95,0.15,203.7,415.9,378.0,576.75,222.95,75.6,1.8556701030927836,1.6161652772743749,True,75.0,75.0,-3.9000000000000057
OOS_36,OOS,2025-09-02,2025-09-09,2025-09-30,0,D0,2025-09-02,EXECUTABLE,GATE_PASS,24653.0,24650.0,1.128339862508033,3.0,0.012168904392974486,390.00000000000273,113.2,0.15,156.65,215.7,348.2,421.35,223.0,118.85,2.2227896584743054,1.969964664310954,True,75.0,75.0,5.200000000000074
OOS_36,OOS,2025-09-02,2025-09-09,2025-09-30,1,D+1,2025-09-03,EXECUTABLE,GATE_FAIL,24616.5,24600.0,1.3018402231670894,16.5,0.06702821278410823,401.25000000000364,140.0,0.15,144.95,265.2,336.9,458.85,249.95,106.45,2.3242497412901,1.7853571428571429,False,75.0,75.0,5.350000000000023
OOS_36,OOS,2025-09-02,2025-09-09,2025-09-30,2,D+2,2025-09-04,EXECUTABLE,GATE_FAIL,24980.75,25000.0,1.6221369020345175,19.25,0.07705933568848013,4541.250000000001,140.0,134.9,73.0,0.15,220.0,206.35,260.1,253.65,3.0136986301369864,1.857857142857143,False,75.0,75.0,60.55000000000001
OOS_36,OOS,2025-09-02,2025-09-09,2025-09-30,3,D+3,2025-09-05,EXECUTABLE,GATE_FAIL,24818.849609375,24800.0,1.4579182361047314,18.849609375,0.07594876342648776,67.50000000000273,96.0,0.3,87.5,64.9,309.95,317.1,233.25,166.4,3.5422857142857143,2.4296875,False,75.0,75.0,0.9000000000000199
OOS_36,OOS,2025-09-02,2025-09-09,2025-09-30,4,D+4,2025-09-08,EXECUTABLE,GATE_FAIL,24802.599609375,24800.0,1.45137519460301,2.599609375,0.010481197196834914,-1076.2499999999986,78.2,0.3,82.0,64.9,304.0,317.1,199.75,166.4,3.707317073170732,2.5543478260869565,False,75.0,75.0,-14.349999999999994
OOS_36,OOS,2025-09-02,2025-09-09,2025-09-30,5,D+5,2025-09-09,EXECUTABLE,GATE_PASS,24864.099609375,24850.0,1.1678139093282696,14.099609375,0.05670669598541886,2411.2499999999977,41.0,1.3,45.0,15.65,270.0,287.9,210.65,186.05,6.0,5.13780487804878,True,75.0,75.0,32.14999999999997
OOS_37,OOS,2025-09-09,2025-09-16,2025-10-07,-1,D-1,2025-09-08,EXECUTABLE,GATE_FAIL,24802.599609375,24800.0,1.2269724398610702,2.599609375,0.010481197196834914,3195.0000000000036,134.2,0.1,163.25,429.65,346.65,618.1,232.25,60.6,2.1234303215926493,1.7306259314456036,False,75.0,75.0,42.60000000000005
OOS_37,OOS,2025-09-09,2025-09-16,2025-10-07,0,D0,2025-09-09,EXECUTABLE,GATE_FAIL,24864.099609375,24850.0,1.2145873871351578,14.099609375,0.05670669598541886,-1293.7499999999982,116.15,0.15,136.5,383.2,336.15,515.0,235.5,68.9,2.4626373626373623,2.027550581145071,False,75.0,75.0,-17.24999999999997
OOS_37,OOS,2025-09-09,2025-09-16,2025-10-07,1,D+1,2025-09-10,EXECUTABLE,GATE_FAIL,24991.0,25000.0,1.5773300555793073,9.0,0.03601296466728022,3075.0000000000036,140.0,0.15,112.0,231.65,295.15,457.3,233.9,95.55,2.635267857142857,1.6707142857142858,False,75.0,75.0,41.00000000000006
OOS_37,OOS,2025-09-09,2025-09-16,2025-10-07,2,D+2,2025-09-11,EXECUTABLE,GATE_PASS,24945.5,24950.0,0.9812179728830311,4.5,0.0180393257300916,2666.25,85.0,0.15,154.55,281.95,352.0,489.9,197.3,87.4,2.277580071174377,2.3211764705882354,True,75.0,75.0,35.55000000000001
OOS_37,OOS,2025-09-09,2025-09-16,2025-10-07,3,D+3,2025-09-12,EXECUTABLE,GATE_PASS,25074.44921875,25050.0,0.8192100348824918,24.44921875,0.09750650367912182,7226.25,60.0,0.15,101.0,181.2,310.0,430.0,224.8,108.4,3.0693069306930694,3.746666666666667,True,75.0,75.0,96.35000000000002
OOS_37,OOS,2025-09-09,2025-09-16,2025-10-07,4,D+4,2025-09-15,EXECUTABLE,GATE_PASS,25118.900390625,25100.0,1.1105544519747605,18.900390625,0.07524370227629111,2306.2500000000005,54.7,0.15,88.0,130.15,312.75,385.75,175.05,120.6,3.553977272727273,3.20018281535649,True,75.0,75.0,30.75
OOS_37,OOS,2025-09-09,2025-09-16,2025-10-07,5,D+5,2025-09-16,EXECUTABLE,GATE_PASS,25073.599609375,25050.0,0.7242415115005477,23.599609375,0.09412134572882039,3191.25,27.95,0.15,71.5,181.2,307.55,430.0,166.0,108.4,4.301398601398602,5.9391771019677995,True,75.0,75.0,42.54999999999998
OOS_38,OOS,2025-09-16,2025-09-23,2025-10-14,-1,D-1,2025-09-15,EXECUTABLE,GATE_PASS,25118.900390625,25100.0,0.4909544923597701,18.900390625,0.07524370227629111,24720.000000000004,114.1,0.25,180.0,73.05,361.0,370.55,466.1,139.15,2.0055555555555555,4.08501314636284,True,75.0,75.0,329.6000000000001
OOS_38,OOS,2025-09-16,2025-09-23,2025-10-14,0,D0,2025-09-16,EXECUTABLE,GATE_FAIL,25073.599609375,25100.0,1.4586235720256338,26.400390625,0.10529158571683069,2231.250000000001,117.0,0.25,148.0,73.05,349.0,370.55,189.15,139.15,2.358108108108108,1.6166666666666667,False,75.0,75.0,29.750000000000014
OOS_38,OOS,2025-09-16,2025-09-23,2025-10-14,1,D+1,2025-09-17,EXECUTABLE,GATE_FAIL,25276.599609375,25300.0,1.3268915185028243,23.400390625,0.09257728882298266,4177.499999999999,112.8,126.05,133.0,0.15,335.9,246.35,214.7,215.55,2.525563909774436,1.9033687943262412,False,75.0,75.0,55.69999999999999
OOS_38,OOS,2025-09-16,2025-09-23,2025-10-14,2,D+2,2025-09-18,EXECUTABLE,GATE_PASS,25441.05078125,25400.0,0.8273720814704422,41.05078125,0.16135646912923243,8159.999999999996,70.0,226.35,120.0,0.1,333.1,194.85,234.85,264.05,2.7758333333333334,3.355,True,75.0,75.0,108.79999999999995
OOS_38,OOS,2025-09-16,2025-09-23,2025-10-14,3,D+3,2025-09-19,EXECUTABLE,GATE_PASS,25410.19921875,25400.0,0.89912938737899,10.19921875,0.040138287237331344,6870.0,65.0,226.35,109.0,0.1,325.0,194.85,215.55,264.05,2.981651376146789,3.3161538461538465,True,75.0,75.0,91.6
OOS_38,OOS,2025-09-16,2025-09-23,2025-10-14,4,D+4,2025-09-22,EXECUTABLE,GATE_PASS,25238.099609375,25250.0,0.916042455492419,11.900390625,0.047152482988772476,3607.4999999999964,45.0,76.15,97.65,0.25,334.35,277.95,168.2,192.25,3.423963133640553,3.7377777777777776,True,75.0,75.0,48.099999999999966
OOS_38,OOS,2025-09-16,2025-09-23,2025-10-14,5,D+5,2025-09-23,EXECUTABLE,GATE_FAIL,25209.0,25200.0,1.2334424635832442,9.0,0.03570153516601214,1278.7500000000014,36.65,26.55,58.0,1.3,327.15,303.8,167.6,173.8,5.64051724137931,4.572987721691678,False,75.0,75.0,17.050000000000026
OOS_39,OOS,2025-09-23,2025-09-30,2025-10-21,-1,D-1,2025-09-22,NO_EXECUTABLE_COMMON_STRIKE,,25238.099609375,,,,,,,,,,,,,,,,,,,
OOS_39,OOS,2025-09-23,2025-09-30,2025-10-21,0,D0,2025-09-23,NO_EXECUTABLE_COMMON_STRIKE,,25209.0,,,,,,,,,,,,,,,,,,,
OOS_39,OOS,2025-09-23,2025-09-30,2025-10-21,1,D+1,2025-09-24,NO_EXECUTABLE_COMMON_STRIKE,,25108.75,,,,,,,,,,,,,,,,,,,
OOS_39,OOS,2025-09-23,2025-09-30,2025-10-21,2,D+2,2025-09-25,NO_EXECUTABLE_COMMON_STRIKE,,25034.5,,,,,,,,,,,,,,,,,,,
OOS_39,OOS,2025-09-23,2025-09-30,2025-10-21,3,D+3,2025-09-26,NO_EXECUTABLE_COMMON_STRIKE,,24818.55078125,,,,,,,,,,,,,,,,,,,
OOS_39,OOS,2025-09-23,2025-09-30,2025-10-21,4,D+4,2025-09-29,NO_EXECUTABLE_COMMON_STRIKE,,24728.55078125,,,,,,,,,,,,,,,,,,,
OOS_39,OOS,2025-09-23,2025-09-30,2025-10-21,5,D+5,2025-09-30,NO_EXECUTABLE_COMMON_STRIKE,,24691.94921875,,,,,,,,,,,,,,,,,,,
OOS_40,OOS,2025-09-30,2025-10-07,2025-10-28,-1,D-1,2025-09-29,EXECUTABLE,GATE_PASS,24728.55078125,24750.0,1.1452265898771712,21.44921875,0.08673868088648164,3142.5,138.0,0.1,168.2,362.7,379.95,551.65,272.2,69.6,2.2589179548156957,1.972463768115942,True,75.0,75.0,41.900000000000006
OOS_40,OOS,2025-09-30,2025-10-07,2025-10-28,0,D0,2025-09-30,EXECUTABLE,GATE_PASS,24691.94921875,24700.0,1.0189905890815618,8.05078125,0.03260488339205956,4965.0,122.0,0.1,169.8,412.6,343.0,594.6,241.85,62.55,2.0200235571260303,1.9823770491803279,True,75.0,75.0,66.19999999999999
OOS_40,OOS,2025-09-30,2025-10-07,2025-10-28,1,D+1,2025-10-01,EXECUTABLE,GATE_PASS,24620.55078125,24600.0,0.8422207953990442,20.55078125,0.08347003051471387,3566.2500000000036,87.2,0.1,178.65,511.45,396.0,683.5,229.5,49.55,2.216624685138539,2.631880733944954,True,75.0,75.0,47.55000000000001
OOS_40,OOS,2025-09-30,2025-10-07,2025-10-28,2,D+2,2025-10-03,EXECUTABLE,GATE_PASS,24759.55078125,24750.0,0.9265018428741463,9.55078125,0.03857412977473182,-97.5,62.0,0.1,141.45,362.7,379.95,551.65,179.75,69.6,2.6861081654294807,2.899193548387097,True,75.0,75.0,-1.299999999999983
OOS_40,OOS,2025-09-30,2025-10-07,2025-10-28,3,D+3,2025-10-06,EXECUTABLE,GATE_FAIL,24916.55078125,24900.0,1.3583047407250521,16.55078125,0.06642484907042054,911.2500000000018,63.05,0.15,74.55,213.55,305.15,427.8,190.0,98.6,4.093226022803488,3.013481363996828,False,75.0,75.0,12.150000000000034
OOS_40,OOS,2025-09-30,2025-10-07,2025-10-28,4,D+4,2025-10-07,EXECUTABLE,GATE_FAIL,25085.30078125,25100.0,1.6871477069592773,14.69921875,0.05859694040817292,367.4999999999982,41.9,1.0,41.55,12.4,288.1,289.3,172.2,156.75,6.933814681107101,4.109785202863962,False,75.0,75.0,4.899999999999977
OOS_40,OOS,2025-09-30,2025-10-07,2025-10-28,5,D+5,2025-10-08,AFTER_NEAR_EXPIRY,,,,,,,,,,,,,,,,,,,,,
OOS_41,OOS,2025-10-07,2025-10-14,2025-11-04,-1,D-1,2025-10-06,EXECUTABLE,GATE_PASS,24916.55078125,24900.0,1.0629804849201656,16.55078125,0.06642484907042054,251.25,109.95,0.1,169.1,252.3,359.5,467.95,219.9,131.95,2.1259609698403312,2.0,True,75.0,75.0,3.3499999999999943
OOS_41,OOS,2025-10-07,2025-10-14,2025-11-04,0,D0,2025-10-07,EXECUTABLE,GATE_PASS,25085.30078125,25100.0,1.0671543331036906,14.69921875,0.05859694040817292,607.4999999999966,94.0,0.25,152.0,52.45,349.35,337.95,202.45,188.75,2.298355263157895,2.153723404255319,True,75.0,75.0,8.099999999999952
OOS_41,OOS,2025-10-07,2025-10-14,2025-11-04,1,D+1,2025-10-08,EXECUTABLE,GATE_PASS,25079.75,25100.0,1.1025915613621762,20.25,0.08074243164305864,292.49999999999955,90.0,0.25,140.0,52.45,343.2,337.95,200.1,188.75,2.4514285714285715,2.223333333333333,True,75.0,75.0,3.8999999999999915
OOS_41,OOS,2025-10-07,2025-10-14,2025-11-04,2,D+2,2025-10-09,EXECUTABLE,GATE_FAIL,25074.30078125,25050.0,1.2205745541768944,24.30078125,0.09691509032296358,-1702.5000000000027,83.0,0.2,115.0,104.0,328.0,360.9,193.95,177.75,2.8521739130434782,2.3367469879518072,False,75.0,75.0,-22.70000000000003
OOS_41,OOS,2025-10-07,2025-10-14,2025-11-04,3,D+3,2025-10-10,EXECUTABLE,GATE_PASS,25167.650390625,25150.0,0.9774837095538391,17.650390625,0.0701312611668144,-821.2499999999995,60.75,2.5,117.05,4.4,339.1,300.1,180.05,206.4,2.8970525416488684,2.963786008230453,True,75.0,75.0,-10.950000000000003
OOS_41,OOS,2025-10-07,2025-10-14,2025-11-04,4,D+4,2025-10-13,EXECUTABLE,GATE_PASS,25177.30078125,25200.0,0.832618501430523,22.69921875,0.09015747536727418,-1327.4999999999973,47.0,44.1,110.0,0.45,343.65,273.35,176.35,230.4,3.124090909090909,3.752127659574468,True,75.0,75.0,-17.69999999999996
OOS_41,OOS,2025-10-07,2025-10-14,2025-11-04,5,D+5,2025-10-14,EXECUTABLE,GATE_FAIL,25277.55078125,25300.0,2.217073042694187,22.44921875,0.08881089368299101,-1500.000000000001,49.0,143.85,32.4,0.15,293.05,221.15,199.9,275.1,9.044753086419753,4.079591836734694,False,75.0,75.0,-20.00000000000003
OOS_42,OOS,2025-10-14,2025-10-21,2025-11-11,-1,D-1,2025-10-13,NO_EXECUTABLE_COMMON_STRIKE,,25177.30078125,,,,,,,,,,,,,,,,,,,
OOS_42,OOS,2025-10-14,2025-10-21,2025-11-11,0,D0,2025-10-14,NO_EXECUTABLE_COMMON_STRIKE,,25277.55078125,,,,,,,,,,,,,,,,,,,
OOS_42,OOS,2025-10-14,2025-10-21,2025-11-11,1,D+1,2025-10-15,NO_EXECUTABLE_COMMON_STRIKE,,25181.94921875,,,,,,,,,,,,,,,,,,,
OOS_42,OOS,2025-10-14,2025-10-21,2025-11-11,2,D+2,2025-10-16,NO_EXECUTABLE_COMMON_STRIKE,,25394.900390625,,,,,,,,,,,,,,,,,,,
OOS_42,OOS,2025-10-14,2025-10-21,2025-11-11,3,D+3,2025-10-17,NO_EXECUTABLE_COMMON_STRIKE,,25546.849609375,,,,,,,,,,,,,,,,,,,
OOS_42,OOS,2025-10-14,2025-10-21,2025-11-11,4,D+4,2025-10-20,NO_EXECUTABLE_COMMON_STRIKE,,25824.599609375,,,,,,,,,,,,,,,,,,,
OOS_42,OOS,2025-10-14,2025-10-21,2025-11-11,5,D+5,2025-10-21,NO_EXECUTABLE_COMMON_STRIKE,,25901.19921875,,,,,,,,,,,,,,,,,,,
OOS_43,OOS,2025-10-21,2025-10-28,2025-11-18,-1,D-1,2025-10-20,EXECUTABLE,GATE_FAIL,25824.599609375,25800.0,1.518941008821001,24.599609375,0.09525649863732913,-3168.7500000000027,138.0,0.5,190.0,114.1,467.3,434.45,223.45,171.25,2.4594736842105265,1.6192028985507245,False,75.0,75.0,-42.25000000000003
OOS_43,OOS,2025-10-21,2025-10-28,2025-11-18,0,D0,2025-10-21,EXECUTABLE,GATE_PASS,25901.19921875,25900.0,0.9021454281384188,1.19921875,0.004629973847434368,6689.999999999999,112.05,3.45,197.95,25.6,382.5,374.15,240.0,206.2,1.9323061379136146,2.14190093708166,True,75.0,75.0,89.19999999999999
OOS_43,OOS,2025-10-21,2025-10-28,2025-11-18,1,D+1,2025-10-23,EXECUTABLE,GATE_PASS,26057.19921875,26050.0,1.0359909510562195,7.19921875,0.02762852096866824,2816.2500000000005,86.0,123.2,140.0,0.55,394.05,290.95,233.65,269.65,2.8146428571428572,2.7168604651162793,True,75.0,75.0,37.54999999999998
OOS_43,OOS,2025-10-21,2025-10-28,2025-11-18,2,D+2,2025-10-24,EXECUTABLE,GATE_PASS,25935.099609375,25950.0,0.9777095511265513,14.900390625,0.057452606118442745,5973.750000000001,90.9,20.8,131.1,1.45,338.0,342.85,239.7,224.45,2.578184591914569,2.636963696369637,True,75.0,75.0,79.65000000000002
OOS_43,OOS,2025-10-21,2025-10-28,2025-11-18,3,D+3,2025-10-27,EXECUTABLE,GATE_FAIL,25843.19921875,25850.0,1.641109137274748,6.80078125,0.026315554790390785,-1379.9999999999964,82.05,1.3,95.8,62.15,384.95,400.6,200.9,187.85,4.018267223382046,2.448507007921999,False,75.0,75.0,-18.399999999999956
OOS_43,OOS,2025-10-21,2025-10-28,2025-11-18,4,D+4,2025-10-28,EXECUTABLE,GATE_PASS,25939.94921875,25950.0,0.8626226760681408,10.05078125,0.03874634127169015,-806.2499999999991,43.9,20.8,103.0,1.45,410.35,342.85,202.75,224.45,3.9839805825242722,4.618451025056948,True,75.0,75.0,-10.749999999999986
OOS_43,OOS,2025-10-21,2025-10-28,2025-11-18,5,D+5,2025-10-29,AFTER_NEAR_EXPIRY,,,,,,,,,,,,,,,,,,,,,
OOS_44,OOS,2025-10-28,2025-11-04,2025-11-25,-1,D-1,2025-10-27,EXECUTABLE,GATE_PASS,25843.19921875,25850.0,1.043241940079339,6.80078125,0.026315554790390785,2527.500000000001,140.0,249.45,201.0,0.25,425.0,212.95,283.75,348.2,2.1144278606965172,2.0267857142857144,True,75.0,75.0,33.69999999999999
OOS_44,OOS,2025-10-28,2025-11-04,2025-11-25,0,D0,2025-10-28,EXECUTABLE,GATE_PASS,25939.94921875,25950.0,1.0752708476302217,10.05078125,0.03874634127169015,-408.75,129.75,350.0,248.75,0.25,467.95,173.3,227.0,406.55,1.8812060301507538,1.7495183044315992,True,75.0,75.0,-5.449999999999989
OOS_44,OOS,2025-10-28,2025-11-04,2025-11-25,1,D+1,2025-10-29,EXECUTABLE,GATE_FAIL,25982.0,26000.0,1.2043356081894823,18.0,0.06927873142945115,1402.5,150.0,399.05,188.0,0.2,400.0,155.55,265.0,438.7,2.127659574468085,1.7666666666666666,False,75.0,75.0,18.700000000000045
OOS_44,OOS,2025-10-28,2025-11-04,2025-11-25,2,D+2,2025-10-30,EXECUTABLE,GATE_PASS,25984.400390625,26000.0,0.9339467116183328,15.599609375,0.06003451740463572,1222.5,96.45,399.05,198.1,0.2,420.0,155.55,218.95,438.7,2.1201413427561837,2.2700881285640224,True,75.0,75.0,16.30000000000001
OOS_44,OOS,2025-10-28,2025-11-04,2025-11-25,3,D+3,2025-10-31,EXECUTABLE,GATE_PASS,25863.80078125,25850.0,0.9101239095781061,13.80078125,0.05335944769573425,1350.0,84.0,249.45,167.05,0.25,400.0,212.95,221.0,348.2,2.3944926668662077,2.630952380952381,True,75.0,75.0,18.0
OOS_44,OOS,2025-10-28,2025-11-04,2025-11-25,4,D+4,2025-11-03,EXECUTABLE,GATE_PASS,25696.849609375,25700.0,0.6260629251700681,3.150390625,0.012259832130747425,5583.749999999998,62.0,98.65,147.0,0.35,380.0,285.65,256.0,270.5,2.5850340136054424,4.129032258064516,True,75.0,75.0,74.44999999999999
OOS_44,OOS,2025-10-28,2025-11-04,2025-11-25,5,D+5,2025-11-04,EXECUTABLE,GATE_FAIL,25744.75,25750.0,1.2005861827354258,5.25,0.020392507210207907,-446.24999999999636,58.85,148.75,80.0,0.3,363.95,259.6,223.0,294.2,4.5493749999999995,3.7892948173322005,False,75.0,75.0,-5.949999999999932
OOS_45,OOS,2025-11-04,2025-11-11,2025-12-02,-1,D-1,2025-11-03,EXECUTABLE,GATE_PASS,25696.849609375,25700.0,1.1649914697131145,3.150390625,0.012259832130747425,3588.749999999999,145.6,10.35,248.9,2.5,446.6,358.6,224.25,199.55,1.7942948975492166,1.5401785714285714,True,75.0,75.0,47.849999999999994
OOS_45,OOS,2025-11-04,2025-11-11,2025-12-02,0,D0,2025-11-04,EXECUTABLE,GATE_PASS,25744.75,25750.0,1.087437185929648,5.25,0.020392507210207907,6517.499999999998,135.2,57.85,199.0,0.3,405.75,330.9,253.5,213.1,2.0389447236180906,1.8750000000000002,True,75.0,75.0,86.89999999999998
OOS_45,OOS,2025-11-04,2025-11-11,2025-12-02,1,D+1,2025-11-06,EXECUTABLE,GATE_FAIL,25593.349609375,25600.0,1.697944674767307,6.650390625,0.025984838743280097,506.2499999999982,123.05,0.2,111.3,91.25,436.4,424.9,284.15,163.1,3.920934411500449,2.309223892726534,False,75.0,75.0,6.749999999999986
OOS_45,OOS,2025-11-04,2025-11-11,2025-12-02,2,D+2,2025-11-07,EXECUTABLE,GATE_PASS,25433.80078125,25450.0,0.8474657945977027,16.19921875,0.06369169472280443,10597.499999999996,82.35,0.1,118.0,241.1,315.0,525.15,259.4,122.9,2.669491525423729,3.1499696417729206,True,75.0,75.0,141.29999999999995
OOS_45,OOS,2025-11-04,2025-11-11,2025-12-02,3,D+3,2025-11-10,EXECUTABLE,GATE_FAIL,25503.5,25500.0,1.6733496490331605,3.5,0.013723606563804967,-2819.9999999999977,76.4,0.15,103.0,191.1,407.2,489.8,180.5,136.35,3.9533980582524273,2.3625654450261777,False,75.0,75.0,-37.599999999999966
OOS_45,OOS,2025-11-04,2025-11-11,2025-12-02,4,D+4,2025-11-11,EXECUTABLE,GATE_FAIL,25617.0,25600.0,1.4484940309652392,17.0,0.06636218136393801,656.2499999999977,50.0,0.2,65.8,91.25,374.0,424.9,196.2,163.1,5.683890577507599,3.924,False,75.0,75.0,8.749999999999972
OOS_45,OOS,2025-11-04,2025-11-11,2025-12-02,5,D+5,2025-11-12,AFTER_NEAR_EXPIRY,,,,,,,,,,,,,,,,,,,,,
OOS_46,OOS,2025-11-11,2025-11-18,2025-12-09,-1,D-1,2025-11-10,EXECUTABLE,GATE_FAIL,25503.5,25500.0,1.5401976936692359,3.5,0.013723606563804967,-5279.999999999998,144.7,0.1,206.75,416.3,465.0,633.1,211.3,95.65,2.249093107617896,1.4602626123013132,False,75.0,75.0,-70.39999999999995
OOS_46,OOS,2025-11-11,2025-11-18,2025-12-09,0,D0,2025-11-11,EXECUTABLE,GATE_PASS,25617.0,25600.0,0.9795167890198933,17.0,0.06636218136393801,2362.499999999998,112.0,0.15,200.8,317.4,415.15,557.8,236.4,119.1,2.0674800796812747,2.1107142857142858,True,75.0,75.0,31.50000000000003
OOS_46,OOS,2025-11-11,2025-11-18,2025-12-09,1,D+1,2025-11-12,EXECUTABLE,GATE_FAIL,25834.30078125,25800.0,1.236831844167564,34.30078125,0.13277224547487965,-487.5000000000009,120.05,0.2,173.5,118.2,423.55,419.55,236.95,174.9,2.4412103746397693,1.9737609329446064,False,75.0,75.0,-6.500000000000014
OOS_46,OOS,2025-11-11,2025-11-18,2025-12-09,2,D+2,2025-11-13,EXECUTABLE,GATE_PASS,25906.099609375,25900.0,0.9963245098039217,6.099609375,0.02354507033854162,5010.0,108.25,0.85,153.0,17.55,352.05,353.25,250.0,212.45,2.300980392156863,2.3094688221709005,True,75.0,75.0,66.79999999999998
OOS_46,OOS,2025-11-11,2025-11-18,2025-12-09,3,D+3,2025-11-14,EXECUTABLE,GATE_PASS,25767.900390625,25750.0,1.1365536022095855,17.900390625,0.0694677888133742,0.0,99.9,0.15,197.0,167.25,454.75,481.0,202.9,159.15,2.3083756345177666,2.031031031031031,True,75.0,75.0,0.0
OOS_46,OOS,2025-11-11,2025-11-18,2025-12-09,4,D+4,2025-11-17,EXECUTABLE,GATE_FAIL,25948.19921875,25950.0,1.5730743368789777,1.80078125,0.006939908372133844,-123.75000000000091,104.9,30.55,100.6,0.95,359.95,324.8,238.6,230.4,3.5780318091451293,2.2745471877979027,False,75.0,75.0,-1.6500000000000057
OOS_46,OOS,2025-11-11,2025-11-18,2025-12-09,5,D+5,2025-11-18,EXECUTABLE,GATE_FAIL,26021.80078125,26000.0,1.2113514137926609,21.80078125,0.08377891074205958,2715.0000000000014,57.6,80.15,68.0,0.3,327.7,297.3,229.15,252.8,4.819117647058824,3.978298611111111,False,75.0,75.0,36.20000000000002
OOS_47,OOS,2025-11-18,2025-11-25,2025-12-16,-1,D-1,2025-11-17,EXECUTABLE,GATE_FAIL,25948.19921875,25950.0,1.2840905369122375,1.80078125,0.006939908372133844,-765.0000000000027,157.05,65.35,217.65,0.75,440.0,290.9,247.25,233.55,2.0215943027796923,1.5743393823623049,False,75.0,75.0,-10.200000000000045
OOS_47,OOS,2025-11-18,2025-11-25,2025-12-16,0,D0,2025-11-18,EXECUTABLE,GATE_FAIL,26021.80078125,26000.0,1.262218963831867,21.80078125,0.08377891074205958,836.2500000000036,154.95,115.15,198.0,0.4,400.0,262.6,248.0,257.25,2.0202020202020203,1.6005162955792192,False,75.0,75.0,11.150000000000034
OOS_47,OOS,2025-11-18,2025-11-25,2025-12-16,1,D+1,2025-11-19,EXECUTABLE,GATE_PASS,25918.099609375,25900.0,1.1706541141566487,18.099609375,0.0698338599194714,1391.249999999999,131.0,17.95,181.0,2.35,400.0,319.2,247.3,213.55,2.2099447513812156,1.8877862595419848,True,75.0,75.0,18.549999999999997
OOS_47,OOS,2025-11-18,2025-11-25,2025-12-16,2,D+2,2025-11-20,EXECUTABLE,GATE_FAIL,26132.099609375,26150.0,1.9461687769889482,17.900390625,0.068499626484579,-4923.75,152.05,265.65,130.0,0.25,437.2,193.7,262.75,328.25,3.363076923076923,1.72804998355804,False,75.0,75.0,-65.65000000000003
OOS_47,OOS,2025-11-18,2025-11-25,2025-12-16,3,D+3,2025-11-21,EXECUTABLE,GATE_PASS,26109.55078125,26100.0,0.9720284755250427,9.55078125,0.036579646007769244,419.9999999999991,81.3,215.35,159.05,0.25,412.65,213.95,217.0,305.55,2.5944671486953785,2.669126691266913,True,75.0,75.0,5.600000000000023
OOS_47,OOS,2025-11-18,2025-11-25,2025-12-16,4,D+4,2025-11-24,EXECUTABLE,GATE_FAIL,26122.80078125,26100.0,1.3841551456520957,22.80078125,0.0872830652460726,-1162.5000000000027,82.0,215.35,104.0,0.25,374.1,213.95,213.1,305.55,3.597115384615385,2.598780487804878,False,75.0,75.0,-15.500000000000057
OOS_47,OOS,2025-11-18,2025-11-25,2025-12-16,5,D+5,2025-11-25,EXECUTABLE,GATE_FAIL,25998.5,26000.0,1.2181540785769094,1.5,0.0057695636286708854,2778.750000000001,60.0,115.15,67.0,0.4,340.0,262.6,249.95,257.25,5.074626865671642,4.1658333333333335,False,75.0,75.0,37.05000000000001
OOS_48,OOS,2025-11-25,2025-12-02,2025-12-23,-1,D-1,2025-11-24,EXECUTABLE,GATE_PASS,26122.80078125,26100.0,1.1490451324473576,22.80078125,0.0872830652460726,4383.749999999997,150.05,75.4,234.75,0.2,429.55,298.4,238.95,209.25,1.8298189563365284,1.5924691769410195,True,75.0,75.0,58.44999999999996
OOS_48,OOS,2025-11-25,2025-12-02,2025-12-23,0,D0,2025-11-25,EXECUTABLE,GATE_PASS,25998.5,26000.0,1.1964395781594341,1.5,0.0057695636286708854,5864.999999999999,163.0,1.65,198.05,24.3,380.0,354.3,261.4,169.9,1.9187073971219388,1.6036809815950919,True,75.0,75.0,78.19999999999999
OOS_48,OOS,2025-11-25,2025-12-02,2025-12-23,1,D+1,2025-11-26,EXECUTABLE,GATE_FAIL,25842.94921875,25850.0,1.3539906103286385,7.05078125,0.027283191211335902,-4290.000000000001,98.0,0.15,213.0,174.1,515.0,466.45,175.0,124.7,2.4178403755868545,1.7857142857142858,False,75.0,75.0,-57.2
OOS_48,OOS,2025-11-25,2025-12-02,2025-12-23,2,D+2,2025-11-27,EXECUTABLE,GATE_FAIL,26261.25,26250.0,1.4206360070790696,11.25,0.04283878337855205,4541.250000000001,124.05,225.15,130.05,0.15,367.05,222.55,246.45,272.4,2.82237600922722,1.9866989117291414,False,75.0,75.0,60.55000000000001
OOS_48,OOS,2025-11-25,2025-12-02,2025-12-23,3,D+3,2025-11-28,EXECUTABLE,GATE_FAIL,26237.44921875,26250.0,1.5715659740972168,12.55078125,0.04783537128689654,3720.0000000000027,107.05,225.15,108.0,0.15,342.55,222.55,216.05,272.4,3.171759259259259,2.0182157870154134,False,75.0,75.0,49.60000000000002
OOS_48,OOS,2025-11-25,2025-12-02,2025-12-23,4,D+4,2025-12-01,EXECUTABLE,GATE_FAIL,26325.80078125,26350.0,1.72554991106732,24.19921875,0.09192206136891906,4638.75,87.0,323.7,68.0,0.15,310.0,171.95,229.85,334.5,4.5588235294117645,2.641954022988506,False,75.0,75.0,61.84999999999994
OOS_48,OOS,2025-11-25,2025-12-02,2025-12-23,5,D+5,2025-12-02,EXECUTABLE,GATE_PASS,26087.94921875,26100.0,1.1450980392156864,12.05078125,0.046192903661966773,2186.2499999999986,51.1,75.4,85.0,0.2,356.0,298.4,186.9,209.25,4.188235294117647,3.6575342465753424,True,75.0,75.0,29.149999999999977
OOS_49,OOS,2025-12-02,2025-12-09,2025-12-30,-1,D-1,2025-12-01,EXECUTABLE,GATE_FAIL,26325.80078125,26350.0,1.5209313413858867,24.19921875,0.09192206136891906,521.25,147.0,511.45,143.0,0.1,358.05,89.95,242.0,474.3,2.503846153846154,1.6462585034013606,False,75.0,75.0,6.949999999999989
OOS_49,OOS,2025-12-02,2025-12-09,2025-12-30,0,D0,2025-12-02,EXECUTABLE,GATE_PASS,26087.94921875,26100.0,1.0973760629303797,12.05078125,0.046192903661966773,2666.25,135.0,260.3,219.0,0.15,398.05,175.3,223.6,309.45,1.817579908675799,1.6562962962962962,True,75.0,75.0,35.54999999999998
OOS_49,OOS,2025-12-02,2025-12-09,2025-12-30,1,D+1,2025-12-03,EXECUTABLE,GATE_PASS,26004.900390625,26000.0,0.9375353743246719,4.900390625,0.018844104577945758,1968.750000000001,93.1,159.6,195.0,0.2,411.0,222.9,209.3,256.25,2.1076923076923078,2.24812030075188,True,75.0,75.0,26.25000000000003
OOS_49,OOS,2025-12-02,2025-12-09,2025-12-30,2,D+2,2025-12-04,EXECUTABLE,GATE_FAIL,25981.849609375,26000.0,1.3642968306301124,18.150390625,0.06985796199224714,768.7499999999991,106.0,159.6,129.0,0.2,349.0,222.9,210.2,256.25,2.705426356589147,1.9830188679245282,False,75.0,75.0,10.25
OOS_49,OOS,2025-12-02,2025-12-09,2025-12-30,3,D+3,2025-12-05,EXECUTABLE,GATE_PASS,25999.80078125,26000.0,1.1066207133395476,0.19921875,0.0007662318326056885,558.7500000000027,75.0,159.6,132.0,0.2,360.9,222.9,185.3,256.25,2.734090909090909,2.470666666666667,True,75.0,75.0,7.4500000000000455
OOS_49,OOS,2025-12-02,2025-12-09,2025-12-30,4,D+4,2025-12-08,EXECUTABLE,GATE_PASS,26159.80078125,26150.0,1.0227070233088844,9.80078125,0.037465045441113204,667.4999999999982,56.0,311.25,110.85,0.15,340.0,153.8,167.95,338.8,3.0672079386558413,2.9991071428571425,True,75.0,75.0,8.899999999999977
OOS_49,OOS,2025-12-02,2025-12-09,2025-12-30,5,D+5,2025-12-09,EXECUTABLE,GATE_PASS,25867.099609375,25850.0,0.7852337921806551,17.099609375,0.06610563083308574,243.75000000000034,36.0,12.05,89.0,2.95,357.0,303.45,183.9,189.2,4.01123595505618,5.108333333333333,True,75.0,75.0,3.25
OOS_50,OOS,2025-12-09,2025-12-16,2026-01-06,-1,D-1,2025-12-08,EXECUTABLE,GATE_PASS,26159.80078125,26200.0,1.1490608073034148,40.19921875,0.15366790858289997,5774.999999999998,126.15,331.5,185.05,0.1,380.6,136.85,225.8,343.55,2.0567414212375033,1.789932619896948,True,75.0,65.0,28.799999999999983
OOS_50,OOS,2025-12-09,2025-12-16,2026-01-06,0,D0,2025-12-09,EXECUTABLE,GATE_FAIL,25867.099609375,25900.0,1.3235794801012193,32.900390625,0.1271901029564054,1589.7499999999982,140.0,27.95,169.05,1.05,359.6,278.8,225.0,184.3,2.127181307305531,1.6071428571428572,False,75.0,65.0,15.84999999999998
OOS_50,OOS,2025-12-09,2025-12-16,2026-01-06,1,D+1,2025-12-10,EXECUTABLE,GATE_FAIL,25864.05078125,25900.0,1.6095133175598397,35.94921875,0.13899299477118715,62.250000000002274,142.7,27.95,134.05,1.05,338.45,278.8,223.85,184.3,2.5248041775456915,1.5686755430974073,False,75.0,65.0,-1.84999999999998
OOS_50,OOS,2025-12-09,2025-12-16,2026-01-06,2,D+2,2025-12-11,EXECUTABLE,GATE_PASS,25771.400390625,25750.0,1.0648328557784146,21.400390625,0.08303930054489757,1219.500000000001,104.0,0.1,175.0,119.45,375.2,372.7,209.4,132.35,2.144,2.0134615384615384,True,75.0,65.0,26.200000000000003
OOS_50,OOS,2025-12-09,2025-12-16,2026-01-06,3,D+3,2025-12-12,EXECUTABLE,GATE_FAIL,25971.19921875,25950.0,1.421859756097561,21.19921875,0.08162587553791181,6.25,81.95,77.45,102.5,0.2,359.95,250.2,202.4,205.4,3.5117073170731707,2.469798657718121,False,75.0,65.0,-14.950000000000003
OOS_50,OOS,2025-12-09,2025-12-16,2026-01-06,4,D+4,2025-12-15,EXECUTABLE,GATE_FAIL,25930.05078125,25950.0,1.3041179559461624,19.94921875,0.07693474616881686,550.2499999999995,69.7,77.45,105.0,0.2,338.5,250.2,172.3,205.4,3.223809523809524,2.472022955523673,False,75.0,65.0,-8.850000000000009
OOS_50,OOS,2025-12-09,2025-12-16,2026-01-06,5,D+5,2025-12-16,EXECUTABLE,GATE_FAIL,25951.5,25950.0,1.2940161725067385,1.5,0.005780012716027975,1796.2499999999982,50.0,77.45,66.25,0.2,300.05,250.2,175.0,205.4,4.529056603773585,3.5,False,75.0,65.0,13.249999999999972
OOS_51,OOS,2025-12-16,2025-12-23,2026-01-13,-1,D-1,2025-12-15,EXECUTABLE,GATE_PASS,25930.05078125,25950.0,0.9465442489160928,19.94921875,0.07693474616881686,1519.7500000000018,105.0,0.15,196.05,230.75,397.65,446.25,225.0,89.2,2.028309104820199,2.142857142857143,True,75.0,65.0,44.85000000000005
OOS_51,OOS,2025-12-16,2025-12-23,2026-01-13,0,D0,2025-12-16,EXECUTABLE,GATE_PASS,25951.5,25950.0,1.1338674997899914,1.5,0.005780012716027975,862.4999999999991,120.0,0.15,176.85,230.75,356.85,446.25,213.55,89.2,2.017811704834606,1.7795833333333335,True,75.0,65.0,39.999999999999986
OOS_51,OOS,2025-12-16,2025-12-23,2026-01-13,1,D+1,2025-12-17,EXECUTABLE,GATE_FAIL,25902.400390625,25900.0,1.3311393714299147,2.400390625,0.009267058607698716,-730.7500000000036,121.0,0.15,133.0,279.9,327.6,482.15,223.9,80.75,2.463157894736842,1.850413223140496,False,75.0,65.0,29.94999999999996
OOS_51,OOS,2025-12-16,2025-12-23,2026-01-13,2,D+2,2025-12-18,EXECUTABLE,GATE_PASS,25764.69921875,25750.0,0.8958828405636916,14.69921875,0.05705177702716122,-933.7500000000036,75.25,0.1,180.95,427.65,377.0,611.55,175.0,52.55,2.08344846642719,2.3255813953488373,True,75.0,65.0,35.149999999999935
OOS_51,OOS,2025-12-16,2025-12-23,2026-01-13,3,D+3,2025-12-19,EXECUTABLE,GATE_FAIL,25911.5,25900.0,1.6949641180998736,11.5,0.04438183817995871,-4492.249999999999,90.05,0.15,99.0,279.9,341.1,482.15,183.05,80.75,3.4454545454545458,2.0327595780122154,False,75.0,65.0,-27.44999999999999
OOS_51,OOS,2025-12-16,2025-12-23,2026-01-13,4,D+4,2025-12-22,EXECUTABLE,GATE_FAIL,26055.849609375,26050.0,2.055433408453801,5.849609375,0.022450273020056453,-4452.500000000001,66.0,0.15,67.8,131.3,339.95,377.4,161.0,117.7,5.01401179941003,2.4393939393939394,False,75.0,65.0,-48.60000000000004
OOS_51,OOS,2025-12-16,2025-12-23,2026-01-13,5,D+5,2025-12-23,EXECUTABLE,GATE_FAIL,26205.19921875,26200.0,2.8055813953488373,5.19921875,0.01984040917452718,-1683.500000000002,70.0,19.75,43.0,1.85,301.6,280.75,175.0,169.55,7.013953488372094,2.5,False,75.0,65.0,-24.500000000000036
OOS_52,OOS,2025-12-23,2025-12-30,2026-01-20,-1,D-1,2025-12-22,EXECUTABLE,GATE_FAIL,26055.849609375,26000.0,1.240782923003478,55.849609375,0.21434576193940375,1642.2500000000025,99.6,63.25,199.95,0.35,411.0,260.35,165.0,177.45,2.0555138784696174,1.6566265060240966,False,75.0,65.0,0.1500000000000341
OOS_52,OOS,2025-12-23,2025-12-30,2026-01-20,0,D0,2025-12-23,EXECUTABLE,GATE_FAIL,26205.19921875,26200.0,1.2750051902303123,5.19921875,0.01984040917452718,5883.750000000004,110.0,263.4,141.0,0.15,346.15,158.55,211.8,273.2,2.454964539007092,1.9254545454545455,False,75.0,65.0,45.25000000000006
OOS_52,OOS,2025-12-23,2025-12-30,2026-01-20,1,D+1,2025-12-24,EXECUTABLE,GATE_FAIL,26170.650390625,26150.0,1.2971990540609268,20.650390625,0.0789066772004929,3553.749999999999,85.45,213.1,140.45,0.15,358.2,182.0,168.0,246.3,2.5503737985048063,1.9660620245757752,False,75.0,65.0,13.449999999999989
OOS_52,OOS,2025-12-23,2025-12-30,2026-01-20,2,D+2,2025-12-26,EXECUTABLE,GATE_PASS,26121.25,26100.0,1.0476600591757073,21.25,0.08135139015169641,4762.000000000002,63.0,163.1,130.55,0.15,335.2,206.4,154.4,218.3,2.567598621217924,2.450793650793651,True,75.0,65.0,37.80000000000001
OOS_52,OOS,2025-12-23,2025-12-30,2026-01-20,3,D+3,2025-12-29,EXECUTABLE,GATE_FAIL,26063.349609375,26050.0,1.5441881918819191,13.349609375,0.05121985306983772,1791.4999999999977,57.0,113.35,67.75,0.2,308.35,232.6,168.0,207.65,4.55129151291513,2.9473684210526314,False,75.0,65.0,8.499999999999957
OOS_52,OOS,2025-12-23,2025-12-30,2026-01-20,4,D+4,2025-12-30,EXECUTABLE,GATE_FAIL,25940.900390625,25950.0,1.3910494197426406,9.099609375,0.035078232590140104,3601.0000000000027,47.05,14.2,50.6,1.5,280.95,292.0,187.8,162.2,5.552371541501976,3.9914984059511163,False,75.0,65.0,52.90000000000004
OOS_52,OOS,2025-12-23,2025-12-30,2026-01-20,5,D+5,2025-12-31,AFTER_NEAR_EXPIRY,,,,,,,,,,,,,,,,,,,,,
OOS_53,OOS,2025-12-30,2026-01-06,2026-01-27,-1,D-1,2025-12-29,EXECUTABLE,GATE_PASS,26063.349609375,26050.0,1.1912684202547,13.349609375,0.05121985306983772,-247.00000000000273,104.95,0.15,170.0,125.85,374.35,359.15,194.0,121.95,2.202058823529412,1.8484992853739877,True,65.0,65.0,-3.80000000000004
OOS_53,OOS,2025-12-30,2026-01-06,2026-01-27,0,D0,2025-12-30,EXECUTABLE,GATE_PASS,25940.900390625,25950.0,1.1005033259423505,9.099609375,0.035078232590140104,1953.25,102.2,0.1,154.0,226.4,339.95,433.45,205.0,93.95,2.2074675324675326,2.0058708414872797,True,65.0,65.0,30.049999999999997
OOS_53,OOS,2025-12-30,2026-01-06,2026-01-27,1,D+1,2025-12-31,EXECUTABLE,GATE_PASS,25971.05078125,25950.0,0.9845432284311312,21.05078125,0.08105479222734327,432.25,80.0,0.1,158.0,226.4,379.95,433.45,195.4,93.95,2.4047468354430377,2.4425,True,65.0,65.0,6.6499999999999915
OOS_53,OOS,2025-12-30,2026-01-06,2026-01-27,2,D+2,2026-01-01,EXECUTABLE,GATE_PASS,26173.30078125,26150.0,1.0803748957300552,23.30078125,0.0890250008768179,321.74999999999955,74.95,0.5,134.95,25.95,348.2,295.75,179.0,156.15,2.5802148944053354,2.388258839226151,True,65.0,65.0,4.949999999999989
OOS_53,OOS,2025-12-30,2026-01-06,2026-01-27,3,D+3,2026-01-02,EXECUTABLE,GATE_FAIL,26155.099609375,26150.0,1.222615919106324,5.099609375,0.019497571988493223,-451.75,64.75,0.5,103.0,25.95,328.0,295.75,168.65,156.15,3.1844660194174756,2.604633204633205,False,65.0,65.0,-6.950000000000003
OOS_53,OOS,2025-12-30,2026-01-06,2026-01-27,4,D+4,2026-01-05,EXECUTABLE,GATE_FAIL,26333.69921875,26350.0,1.5698219306466732,16.30078125,0.06190084087538143,-448.5,60.0,174.0,66.0,0.1,301.5,185.35,174.6,245.25,4.568181818181818,2.9099999999999997,False,65.0,65.0,-6.900000000000006
OOS_53,OOS,2025-12-30,2026-01-06,2026-01-27,5,D+5,2026-01-06,EXECUTABLE,GATE_FAIL,26189.69921875,26200.0,1.9642857142857142,10.30078125,0.03933142249539605,-2915.250000000002,50.0,24.4,48.0,0.4,330.0,264.4,175.0,176.25,6.875,3.5,False,65.0,65.0,-44.85000000000002
OOS_54,OOS,2026-01-06,2026-01-13,2026-02-03,-1,D-1,2026-01-05,EXECUTABLE,GATE_PASS,26333.69921875,26350.0,1.046653428337811,16.30078125,0.06190084087538143,-669.4999999999964,114.0,614.6,175.0,0.1,393.0,99.5,244.6,636.9,2.2457142857142856,2.145614035087719,True,65.0,65.0,-10.299999999999955
OOS_54,OOS,2026-01-06,2026-01-13,2026-02-03,0,D0,2026-01-06,EXECUTABLE,GATE_FAIL,26189.69921875,26200.0,1.5654327800789933,10.30078125,0.03933142249539605,-4017.0,119.0,465.2,137.3,0.1,410.0,139.05,227.0,501.25,2.9861616897305168,1.9075630252100841,False,65.0,65.0,-61.80000000000001
OOS_54,OOS,2026-01-06,2026-01-13,2026-02-03,1,D+1,2026-01-07,EXECUTABLE,GATE_FAIL,26143.099609375,26150.0,1.3271323082910333,6.900390625,0.026394692014735304,-2437.499999999998,98.0,413.45,127.0,0.1,403.65,154.6,234.7,465.5,3.178346456692913,2.394897959183673,False,65.0,65.0,-37.49999999999997
OOS_54,OOS,2026-01-06,2026-01-13,2026-02-03,2,D+2,2026-01-08,EXECUTABLE,GATE_PASS,26106.5,26100.0,1.0007153261405375,6.5,0.024898013904583148,-126.75,75.0,364.65,123.9,0.1,378.0,170.2,228.65,436.25,3.0508474576271185,3.0486666666666666,True,65.0,65.0,-1.950000000000017
OOS_54,OOS,2026-01-06,2026-01-13,2026-02-03,3,D+3,2026-01-09,EXECUTABLE,GATE_PASS,25840.400390625,25850.0,1.1854067078470325,9.599609375,0.03714961544668161,-3048.500000000002,75.0,113.3,128.0,0.2,407.35,282.05,201.35,289.05,3.182421875,2.6846666666666668,True,65.0,65.0,-46.900000000000034
OOS_54,OOS,2026-01-06,2026-01-13,2026-02-03,4,D+4,2026-01-12,EXECUTABLE,GATE_PASS,25669.05078125,25650.0,0.675928591995393,19.05078125,0.07421692922091094,1455.9999999999995,54.0,0.3,138.0,86.15,391.25,394.55,226.5,205.55,2.835144927536232,4.194444444444445,True,65.0,65.0,22.39999999999999
OOS_54,OOS,2026-01-06,2026-01-13,2026-02-03,5,D+5,2026-01-13,EXECUTABLE,GATE_FAIL,25897.349609375,25900.0,2.1441155888784755,2.650390625,0.010234215720826282,1163.499999999999,81.05,163.4,45.0,0.15,317.55,255.7,266.75,314.2,7.056666666666667,3.2911782850092535,False,65.0,65.0,17.900000000000006
OOS_55,OOS,2026-01-13,2026-01-20,2026-02-10,-1,D-1,2026-01-12,EXECUTABLE,GATE_PASS,25669.05078125,25650.0,0.5920582101246108,19.05078125,0.07421692922091094,18057.0,116.25,383.9,226.75,0.25,324.45,189.95,280.95,362.8,1.4308710033076075,2.416774193548387,True,65.0,65.0,277.79999999999995
OOS_55,OOS,2026-01-13,2026-01-20,2026-02-10,0,D0,2026-01-13,EXECUTABLE,GATE_FAIL,25897.349609375,25900.0,1.2213756602566472,2.650390625,0.010234215720826282,802.7500000000036,150.0,642.7,155.0,0.15,385.0,119.55,305.05,674.8,2.4838709677419355,2.033666666666667,False,65.0,65.0,12.350000000000136
OOS_55,OOS,2026-01-13,2026-01-20,2026-02-10,1,D+1,2026-01-14,EXECUTABLE,GATE_PASS,25648.55078125,25650.0,1.1629607706108145,1.44921875,0.005650294873811858,5333.25,106.95,383.9,171.2,0.25,417.0,189.95,224.0,362.8,2.435747663551402,2.0944366526414213,True,65.0,65.0,82.04999999999995
OOS_55,OOS,2026-01-13,2026-01-20,2026-02-10,2,D+2,2026-01-16,EXECUTABLE,GATE_FAIL,25696.05078125,25700.0,1.2851267828843105,3.94921875,0.015368971612095668,-1043.25,105.0,448.7,126.2,0.25,386.15,175.8,250.0,525.35,3.0598256735340725,2.380952380952381,False,65.0,65.0,-16.05000000000001
OOS_55,OOS,2026-01-13,2026-01-20,2026-02-10,3,D+3,2026-01-19,EXECUTABLE,GATE_FAIL,25653.099609375,25650.0,1.3238588728458314,3.099609375,0.01208278696219321,6529.249999999996,96.35,383.9,114.0,0.25,354.0,189.95,226.0,362.8,3.1052631578947367,2.3456149455111572,False,65.0,65.0,100.44999999999993
OOS_55,OOS,2026-01-13,2026-01-20,2026-02-10,4,D+4,2026-01-20,EXECUTABLE,GATE_FAIL,25580.30078125,25600.0,2.1106510633710793,19.69921875,0.07700933197954908,-1085.4999999999927,59.9,336.1,35.5,0.3,335.05,213.25,267.85,474.15,9.438028169014085,4.4716193656093495,False,65.0,65.0,-16.699999999999932
OOS_55,OOS,2026-01-13,2026-01-20,2026-02-10,5,D+5,2026-01-21,AFTER_NEAR_EXPIRY,,,,,,,,,,,,,,,,,,,,,
OOS_56,OOS,2026-01-20,2026-01-27,2026-02-17,-1,D-1,2026-01-19,EXECUTABLE,GATE_FAIL,25653.099609375,25700.0,1.4672381645033665,46.900390625,0.18282543372598964,4985.499999999996,174.55,536.7,148.95,0.15,374.3,205.7,298.95,564.6,2.5129237999328637,1.7126897737038096,False,65.0,65.0,76.69999999999999
OOS_56,OOS,2026-01-20,2026-01-27,2026-02-17,0,D0,2026-01-20,EXECUTABLE,GATE_FAIL,25580.30078125,25600.0,1.4008944896322604,19.69921875,0.07700933197954908,4910.75,152.55,433.2,150.5,0.15,400.8,244.8,290.0,489.45,2.66312292358804,1.9010160603080957,False,65.0,65.0,75.55000000000001
OOS_56,OOS,2026-01-20,2026-01-27,2026-02-17,1,D+1,2026-01-21,EXECUTABLE,GATE_PASS,25141.0,25150.0,0.8065660743039208,9.0,0.035798098723201145,10728.249999999998,120.0,6.9,216.75,15.95,463.5,478.5,318.15,255.8,2.13840830449827,2.6512499999999997,True,65.0,65.0,165.04999999999998
OOS_56,OOS,2026-01-20,2026-01-27,2026-02-17,2,D+2,2026-01-22,EXECUTABLE,GATE_FAIL,25344.150390625,25350.0,1.9913274082568804,5.849609375,0.023080708111501015,1040.0,166.95,192.2,128.0,0.25,441.0,369.0,288.85,353.85,3.4453125,1.7301587301587305,False,65.0,65.0,16.0
OOS_56,OOS,2026-01-20,2026-01-27,2026-02-17,3,D+3,2026-01-23,EXECUTABLE,GATE_PASS,25344.599609375,25350.0,0.8591830977969591,5.400390625,0.0213078553547257,11199.499999999998,94.3,192.2,135.0,0.25,403.75,369.0,328.25,353.85,2.990740740740741,3.480911983032874,True,65.0,65.0,172.29999999999995
OOS_56,OOS,2026-01-20,2026-01-27,2026-02-17,4,D+4,2026-01-27,EXECUTABLE,GATE_PASS,25063.349609375,25050.0,0.8293489136532284,13.349609375,0.05326346870254944,6340.75,79.6,1.05,134.75,103.15,436.7,510.4,311.05,240.25,3.240816326530612,3.907663316582915,True,65.0,65.0,97.55
OOS_56,OOS,2026-01-20,2026-01-27,2026-02-17,5,D+5,2026-01-28,AFTER_NEAR_EXPIRY,,,,,,,,,,,,,,,,,,,,,
OOS_57,OOS,2026-01-27,2026-02-03,2026-02-24,-1,D-1,2026-01-23,EXECUTABLE,GATE_PASS,25344.599609375,25350.0,1.161197978704834,5.400390625,0.0213078553547257,100.74999999999818,243.95,0.4,294.45,378.1,471.0,587.8,336.05,124.1,1.5995924605196128,1.377536380405821,True,65.0,65.0,1.549999999999926
OOS_57,OOS,2026-01-27,2026-02-03,2026-02-24,0,D0,2026-01-27,EXECUTABLE,GATE_PASS,25063.349609375,25050.0,1.0492738715037082,13.349609375,0.05326346870254944,526.4999999999964,218.0,0.25,348.7,674.75,516.85,833.55,307.95,72.75,1.4822196730714081,1.4126146788990825,True,65.0,65.0,8.099999999999966
OOS_57,OOS,2026-01-27,2026-02-03,2026-02-24,1,D+1,2026-01-28,EXECUTABLE,GATE_PASS,25258.849609375,25250.0,1.1823005762356518,8.849609375,0.03503567863088826,-1930.4999999999982,211.0,0.3,283.0,478.1,491.5,661.2,309.95,103.55,1.7367491166077738,1.468957345971564,True,65.0,65.0,-29.69999999999999
OOS_57,OOS,2026-01-27,2026-02-03,2026-02-24,2,D+2,2026-01-29,EXECUTABLE,GATE_PASS,25345.0,25350.0,1.1779058819068804,5.0,0.019727756954034326,2115.7499999999964,210.0,0.4,209.6,378.1,355.05,587.8,302.0,124.1,1.6939408396946567,1.438095238095238,True,65.0,65.0,32.549999999999926
OOS_57,OOS,2026-01-27,2026-02-03,2026-02-24,3,D+3,2026-01-30,EXECUTABLE,GATE_PASS,25247.55078125,25250.0,0.9316509040968012,2.44921875,0.009700817204886674,-890.5,135.7,0.3,251.05,478.1,497.6,661.2,288.7,103.55,1.9820752838080065,2.127487103905674,True,65.0,65.0,-13.699999999999989
OOS_57,OOS,2026-01-27,2026-02-03,2026-02-24,4,D+4,2026-02-02,EXECUTABLE,GATE_FAIL,24796.5,24800.0,1.5323355983027087,3.5,0.01411489524731313,552.5000000000073,204.55,0.15,136.25,926.65,375.05,1059.4,367.45,48.5,2.7526605504587156,1.7963823026154973,False,65.0,65.0,8.50000000000017
OOS_57,OOS,2026-01-27,2026-02-03,2026-02-24,5,D+5,2026-02-03,EXECUTABLE,GATE_FAIL,26308.05078125,26300.0,2.46756851966993,8.05078125,0.030601967880257663,-2619.500000000002,285.0,573.6,99.3,0.25,320.0,107.45,372.2,587.6,3.2225579053373616,1.3059649122807018,False,65.0,65.0,-40.30000000000001
OOS_58,OOS,2026-02-03,2026-02-10,2026-03-02,-1,D-1,2026-02-02,EXECUTABLE,GATE_FAIL,24796.5,24800.0,1.2741232939379312,3.5,0.01411489524731313,-1442.9999999999964,284.75,0.1,260.75,1139.45,430.0,1230.0,368.55,27.4,1.6490891658676894,1.2942932396839333,False,65.0,65.0,-22.199999999999875
OOS_58,OOS,2026-02-03,2026-02-10,2026-03-02,0,D0,2026-02-03,EXECUTABLE,GATE_PASS,26308.05078125,26000.0,0.7656428329549874,308.05078125,1.1709373066496842,11449.75,306.0,53.05,355.0,0.55,399.0,254.55,449.2,230.1,1.123943661971831,1.4679738562091502,True,65.0,65.0,176.15
OOS_58,OOS,2026-02-03,2026-02-10,2026-03-02,1,D+1,2026-02-04,EXECUTABLE,GATE_PASS,25675.05078125,25700.0,1.1463221306277744,24.94921875,0.09717300644335995,910.0,180.0,0.15,199.2,244.65,361.55,443.05,285.0,127.2,1.8150100401606428,1.5833333333333333,True,65.0,65.0,14.0
OOS_58,OOS,2026-02-03,2026-02-10,2026-03-02,2,D+2,2026-02-05,EXECUTABLE,GATE_FAIL,25755.900390625,25750.0,1.4030738275530645,5.900390625,0.022908888975000496,-1920.7500000000027,160.0,0.2,172.6,194.8,351.45,411.0,232.2,139.3,2.036210892236385,1.45125,False,65.0,65.0,-29.55000000000004
OOS_58,OOS,2026-02-03,2026-02-10,2026-03-02,3,D+3,2026-02-06,EXECUTABLE,GATE_PASS,25605.80078125,25600.0,0.9080443844371466,5.80078125,0.022654168481415573,3649.749999999998,111.0,0.15,149.6,342.85,333.0,523.3,272.1,102.15,2.2259358288770055,2.4513513513513514,True,65.0,65.0,56.14999999999995
OOS_58,OOS,2026-02-03,2026-02-10,2026-03-02,4,D+4,2026-02-09,EXECUTABLE,GATE_FAIL,25888.69921875,25900.0,1.5972087174265115,11.30078125,0.043651406177315236,1950.0000000000014,90.95,0.45,60.5,45.85,278.95,310.05,262.55,187.8,4.610743801652893,2.8867509620670697,False,65.0,65.0,30.00000000000003
OOS_58,OOS,2026-02-03,2026-02-10,2026-03-02,5,D+5,2026-02-10,EXECUTABLE,GATE_FAIL,25922.650390625,25900.0,1.621497491168377,22.650390625,0.08737683178102644,-793.0000000000005,69.0,0.45,56.75,45.85,307.0,310.05,230.2,187.8,5.409691629955947,3.336231884057971,False,65.0,65.0,-12.20000000000001
OOS_59,OOS,2026-02-10,2026-02-17,2026-03-10,-1,D-1,2026-02-09,EXECUTABLE,GATE_FAIL,25888.69921875,25850.0,1.4082246334630264,38.69921875,0.14948305599677222,-1491.7499999999973,178.0,122.05,184.95,0.25,363.9,248.15,248.7,284.65,1.9675587996755879,1.397191011235955,False,65.0,65.0,-22.94999999999996
OOS_59,OOS,2026-02-10,2026-02-17,2026-03-10,0,D0,2026-02-10,EXECUTABLE,GATE_FAIL,25922.650390625,25900.0,1.339841475250728,22.650390625,0.08737683178102644,-1605.4999999999982,135.6,172.2,165.0,0.15,366.5,223.95,224.8,308.4,2.221212121212121,1.6578171091445428,False,65.0,65.0,-24.69999999999999
OOS_59,OOS,2026-02-10,2026-02-17,2026-03-10,1,D+1,2026-02-11,EXECUTABLE,GATE_FAIL,25997.44921875,26000.0,1.5565249211022176,2.55078125,0.00981165970760052,-1455.9999999999973,139.0,272.1,125.3,0.1,338.15,178.4,241.0,361.95,2.6987230646448523,1.7338129496402879,False,65.0,65.0,-22.39999999999995
OOS_59,OOS,2026-02-10,2026-02-17,2026-03-10,2,D+2,2026-02-12,EXECUTABLE,GATE_PASS,25906.69921875,25900.0,0.8613896361511915,6.69921875,0.025859020840259858,4043.000000000002,100.0,172.2,156.6,0.15,317.0,223.95,235.0,308.4,2.0242656449553,2.35,True,65.0,65.0,62.19999999999999
OOS_59,OOS,2026-02-10,2026-02-17,2026-03-10,3,D+3,2026-02-13,EXECUTABLE,GATE_PASS,25571.150390625,25550.0,0.9416569460900602,21.150390625,0.08271192457870116,-8528.000000000002,61.95,0.2,176.9,178.3,529.45,434.35,196.9,169.85,2.9929338609383835,3.178369652945924,True,65.0,65.0,-131.20000000000002
OOS_59,OOS,2026-02-10,2026-02-17,2026-03-10,4,D+4,2026-02-16,EXECUTABLE,GATE_PASS,25423.599609375,25400.0,1.058537652305657,23.599609375,0.09282560195094325,-1257.7500000000027,95.0,0.15,147.6,328.6,396.85,545.3,241.3,133.25,2.688685636856369,2.54,True,65.0,65.0,-19.35000000000008
OOS_59,OOS,2026-02-10,2026-02-17,2026-03-10,5,D+5,2026-02-17,EXECUTABLE,GATE_PASS,25637.94921875,25650.0,1.134283572683523,12.05078125,0.04700368639932717,1108.2499999999995,72.5,0.5,84.8,78.35,327.7,366.4,247.0,203.1,3.86438679245283,3.406896551724138,True,65.0,65.0,17.049999999999997
OOS_60,OOS,2026-02-17,2026-02-24,2026-03-17,-1,D-1,2026-02-16,EXECUTABLE,GATE_FAIL,25423.599609375,25400.0,1.263710404982017,23.599609375,0.09282560195094325,-766.9999999999998,168.1,3.3,231.0,21.9,467.05,395.25,268.95,253.25,2.021861471861472,1.5999405116002379,False,65.0,65.0,-11.800000000000011
OOS_60,OOS,2026-02-17,2026-02-24,2026-03-17,0,D0,2026-02-17,EXECUTABLE,GATE_FAIL,25637.94921875,25650.0,1.5774046678519344,12.05078125,0.04700368639932717,-1631.5000000000018,160.6,226.75,159.25,0.2,424.9,257.95,271.65,355.0,2.668131868131868,1.6914694894146949,False,65.0,65.0,-25.099999999999994
OOS_60,OOS,2026-02-17,2026-02-24,2026-03-17,1,D+1,2026-02-18,EXECUTABLE,GATE_FAIL,25752.650390625,25750.0,1.368445,2.650390625,0.010291719822224002,-997.7500000000018,148.0,327.6,160.0,0.15,369.85,217.0,250.0,451.95,2.3115625,1.6891891891891893,False,65.0,65.0,-15.349999999999966
OOS_60,OOS,2026-02-17,2026-02-24,2026-03-17,2,D+2,2026-02-19,EXECUTABLE,GATE_PASS,25873.349609375,25850.0,1.0429490341640333,23.349609375,0.09024579239844328,7770.75,122.0,426.95,122.25,0.15,251.5,173.35,240.65,470.0,2.0572597137014315,1.9725409836065575,True,65.0,65.0,119.54999999999998
OOS_60,OOS,2026-02-17,2026-02-24,2026-03-17,3,D+3,2026-02-20,EXECUTABLE,GATE_FAIL,25406.55078125,25400.0,1.5606985231575508,6.55078125,0.02578382758998702,-1985.7500000000014,150.0,3.3,149.9,21.9,428.75,395.25,274.9,253.25,2.8602401601067378,1.8326666666666664,False,65.0,65.0,-30.55000000000001
OOS_60,OOS,2026-02-17,2026-02-24,2026-03-17,4,D+4,2026-02-23,EXECUTABLE,GATE_FAIL,25678.400390625,25700.0,1.9473121350876257,21.599609375,0.08411586799186238,185.25000000000182,130.0,279.35,86.35,0.2,361.2,233.55,279.25,384.25,4.18297625940938,2.148076923076923,False,65.0,65.0,2.8500000000000227
OOS_60,OOS,2026-02-17,2026-02-24,2026-03-17,5,D+5,2026-02-24,EXECUTABLE,GATE_PASS,25641.80078125,25650.0,1.0061890994753186,8.19921875,0.03197598647594009,5446.999999999998,70.0,226.75,84.9,0.2,335.6,257.95,275.0,355.0,3.9528857479387516,3.9285714285714284,True,65.0,65.0,83.79999999999995
OOS_61,OOS,2026-02-24,2026-03-02,2026-03-24,-1,D-1,2026-02-23,EXECUTABLE,GATE_FAIL,25678.400390625,25700.0,1.6163173227475773,21.599609375,0.08411586799186238,-2258.75,188.0,841.3,159.6,0.1,418.3,99.25,304.85,833.35,2.6209273182957395,1.6215425531914895,False,65.0,65.0,-34.75000000000006
OOS_61,OOS,2026-02-24,2026-03-02,2026-03-24,0,D0,2026-02-24,EXECUTABLE,GATE_FAIL,25641.80078125,25650.0,1.2096590568433325,8.19921875,0.03197598647594009,2434.2499999999964,178.0,788.2,196.85,0.1,397.85,114.05,297.4,783.1,2.0210820421640845,1.6707865168539324,False,65.0,65.0,37.450000000000045
OOS_61,OOS,2026-02-24,2026-03-02,2026-03-24,1,D+1,2026-02-25,EXECUTABLE,GATE_FAIL,25512.599609375,25500.0,1.4530386082793232,12.599609375,0.04938583118895527,-3471.0,159.0,640.4,174.4,0.1,430.0,152.35,269.8,701.25,2.465596330275229,1.6968553459119498,False,65.0,65.0,-53.39999999999992
OOS_61,OOS,2026-02-24,2026-03-02,2026-03-24,2,D+2,2026-02-26,EXECUTABLE,GATE_FAIL,25556.30078125,25550.0,1.5355590588304626,6.30078125,0.024654512027901632,-2232.75,147.0,688.8,143.0,0.15,389.95,139.25,261.05,729.35,2.726923076923077,1.7758503401360546,False,65.0,65.0,-34.35000000000002
OOS_61,OOS,2026-02-24,2026-03-02,2026-03-24,3,D+3,2026-02-27,EXECUTABLE,GATE_FAIL,25459.849609375,25450.0,1.2093968794326242,9.849609375,0.038686832507341715,838.4999999999964,120.7,590.7,125.0,0.15,353.2,166.95,282.0,677.7,2.8256,2.336371168185584,False,65.0,65.0,12.899999999999977
OOS_61,OOS,2026-02-24,2026-03-02,2026-03-24,4,D+4,2026-03-02,EXECUTABLE,GATE_PASS,24659.25,24650.0,1.0797244276245015,9.25,0.03751127872907732,-8173.750000000004,88.0,0.65,248.95,195.3,563.1,570.5,184.35,283.8,2.261899979915646,2.0948863636363635,True,65.0,65.0,-125.75000000000006
OOS_61,OOS,2026-02-24,2026-03-02,2026-03-24,5,D+5,2026-03-04,AFTER_NEAR_EXPIRY,,,,,,,,,,,,,,,,,,,,,
OOS_62,OOS,2026-03-02,2026-03-10,2026-03-30,-1,D-1,2026-02-27,EXECUTABLE,GATE_PASS,25459.849609375,25450.0,1.1547490040795503,9.849609375,0.038686832507341715,4325.749999999993,194.95,1191.5,255.75,0.05,432.5,50.7,285.5,1089.4,1.6911045943304008,1.4644780713003336,True,65.0,65.0,66.54999999999995
OOS_62,OOS,2026-03-02,2026-03-10,2026-03-30,0,D0,2026-03-02,EXECUTABLE,GATE_PASS,24659.25,24650.0,0.9756018452875038,9.25,0.03751127872907732,2726.75,150.0,401.3,499.4,0.15,663.75,279.3,204.35,528.5,1.3290949138966761,1.3623333333333334,True,65.0,65.0,41.94999999999999
OOS_62,OOS,2026-03-02,2026-03-10,2026-03-30,1,D+1,2026-03-04,EXECUTABLE,GATE_PASS,24388.80078125,24400.0,0.808336432030632,11.19921875,0.04591951383935986,10559.250000000002,200.0,148.1,299.85,0.3,453.25,412.7,374.0,418.65,1.511589127897282,1.87,True,65.0,65.0,162.45000000000002
OOS_62,OOS,2026-03-02,2026-03-10,2026-03-30,2,D+2,2026-03-05,EXECUTABLE,GATE_FAIL,24615.94921875,24600.0,1.5077335833267145,15.94921875,0.06479221503207953,-789.7500000000009,362.85,345.95,271.0,0.15,531.0,304.1,471.55,510.75,1.959409594095941,1.299572826236737,False,65.0,65.0,-12.149999999999977
OOS_62,OOS,2026-03-02,2026-03-10,2026-03-30,3,D+3,2026-03-06,EXECUTABLE,GATE_PASS,24656.400390625,24650.0,1.027121374865736,6.400390625,0.0259583334290499,7861.75,204.0,401.3,224.0,0.15,450.0,279.3,399.0,528.5,2.0089285714285716,1.9558823529411764,True,65.0,65.0,120.94999999999999
OOS_62,OOS,2026-03-02,2026-03-10,2026-03-30,4,D+4,2026-03-09,EXECUTABLE,GATE_FAIL,23868.05078125,23850.0,1.4263760091399358,18.05078125,0.07562737910789152,-1072.5000000000036,213.8,0.1,191.05,403.55,634.75,787.3,498.0,240.85,3.3224286835906827,2.3292797006548174,False,65.0,65.0,-16.500000000000114
OOS_62,OOS,2026-03-02,2026-03-10,2026-03-30,5,D+5,2026-03-10,EXECUTABLE,GATE_FAIL,24280.80078125,24300.0,2.255329271631983,19.19921875,0.07907160444570645,4026.7499999999945,189.0,45.6,80.0,0.95,522.95,477.55,547.8,376.1,6.536875,2.8984126984126983,False,65.0,65.0,61.94999999999989
OOS_63,OOS,2026-03-10,2026-03-17,2026-04-07,-1,D-1,2026-03-09,EXECUTABLE,GATE_FAIL,23868.05078125,24000.0,1.398757168680063,131.94921875,0.552827794608411,-5323.499999999996,448.0,403.95,411.0,0.1,510.15,261.4,397.55,597.55,1.2412408759124087,0.8873883928571429,False,65.0,65.0,-81.89999999999998
OOS_63,OOS,2026-03-10,2026-03-17,2026-04-07,0,D0,2026-03-10,EXECUTABLE,GATE_PASS,24280.80078125,24300.0,1.0498722492376165,19.19921875,0.07907160444570645,3877.25,374.65,710.65,330.9,0.1,510.0,154.1,550.0,801.25,1.5412511332728922,1.4680368343787535,True,65.0,65.0,59.64999999999998
OOS_63,OOS,2026-03-10,2026-03-17,2026-04-07,1,D+1,2026-03-11,EXECUTABLE,GATE_PASS,24231.849609375,24250.0,1.1159995453016294,18.150390625,0.0749030343023334,-12502.75,241.0,664.3,298.0,0.1,602.9,172.45,436.9,920.0,2.0231543624161072,1.812863070539419,True,65.0,65.0,-192.35000000000008
OOS_63,OOS,2026-03-10,2026-03-17,2026-04-07,2,D+2,2026-03-12,EXECUTABLE,GATE_FAIL,23674.849609375,23650.0,1.3031346295580506,24.849609375,0.10496205798561781,-5577.000000000002,281.35,49.5,284.45,1.9,608.55,440.45,461.9,430.3,2.1393918087537354,1.6417273858183754,False,65.0,65.0,-85.80000000000001
OOS_63,OOS,2026-03-10,2026-03-17,2026-04-07,3,D+3,2026-03-13,EXECUTABLE,GATE_PASS,23462.5,23500.0,1.0928060779992825,37.5,0.15982951518380392,318.4999999999982,225.65,0.4,247.0,91.95,567.0,536.05,474.0,367.95,2.2955465587044532,2.1005982716596496,True,65.0,65.0,4.899999999999977
OOS_63,OOS,2026-03-10,2026-03-17,2026-04-07,4,D+4,2026-03-16,EXECUTABLE,GATE_FAIL,23116.099609375,23100.0,1.390397520661157,16.099609375,0.06964673819137991,-10543.000000000002,221.95,0.15,250.0,489.55,682.2,806.25,435.6,260.5,2.7288,1.962604190132913,False,65.0,65.0,-162.20000000000005
OOS_63,OOS,2026-03-10,2026-03-17,2026-04-07,5,D+5,2026-03-17,EXECUTABLE,GATE_FAIL,23493.19921875,23500.0,2.2767857142857144,6.80078125,0.028947872048742832,-2044.2500000000027,170.0,0.4,77.0,91.95,495.0,536.05,480.0,367.95,6.428571428571429,2.823529411764706,False,65.0,65.0,-31.450000000000045
OOS_64,OOS,2026-03-17,2026-03-24,2026-04-13,-1,D-1,2026-03-16,EXECUTABLE,GATE_FAIL,23116.099609375,23500.0,1.6362948661495558,383.900390625,1.6607489892858256,-1703.0000000000036,550.0,594.35,247.0,0.15,500.65,331.95,681.3,830.0,2.026923076923077,1.2387272727272727,False,65.0,65.0,-26.19999999999999
OOS_64,OOS,2026-03-17,2026-03-24,2026-04-13,0,D0,2026-03-17,EXECUTABLE,GATE_PASS,23493.19921875,23500.0,1.100300560840331,6.80078125,0.028947872048742832,4754.75,335.0,594.35,295.0,0.15,530.0,331.95,547.0,830.0,1.7966101694915255,1.6328358208955225,True,65.0,65.0,73.15000000000003
OOS_64,OOS,2026-03-17,2026-03-24,2026-04-13,1,D+1,2026-03-18,EXECUTABLE,GATE_FAIL,23632.900390625,23650.0,1.5008560222815894,17.099609375,0.07235510281160111,-19106.750000000007,248.0,740.7,241.0,0.15,532.35,273.5,365.0,1133.65,2.2089211618257263,1.471774193548387,False,65.0,65.0,-293.95000000000005
OOS_64,OOS,2026-03-17,2026-03-24,2026-04-13,2,D+2,2026-03-19,EXECUTABLE,GATE_PASS,23197.75,23200.0,1.1302195056172395,2.25,0.009699216518843423,-2921.75,179.95,293.9,252.9,0.2,597.0,461.0,375.85,651.45,2.3606168446026095,2.0886357321478193,True,65.0,65.0,-44.950000000000045
OOS_64,OOS,2026-03-17,2026-03-24,2026-04-13,3,D+3,2026-03-20,EXECUTABLE,GATE_FAIL,23110.150390625,23100.0,1.4462940069644878,10.150390625,0.04392178524773974,-6356.999999999998,260.2,193.8,255.0,0.35,652.85,507.3,460.6,601.1,2.5601960784313724,1.7701767870868563,False,65.0,65.0,-97.79999999999998
OOS_64,OOS,2026-03-17,2026-03-24,2026-04-13,4,D+4,2026-03-23,EXECUTABLE,GATE_PASS,22824.349609375,22900.0,0.8486458274294201,75.650390625,0.33144598606186326,17374.499999999996,240.0,5.25,196.95,14.05,506.75,622.35,727.65,524.1,2.572988068037573,3.031875,True,65.0,65.0,267.29999999999995
OOS_64,OOS,2026-03-17,2026-03-24,2026-04-13,5,D+5,2026-03-24,EXECUTABLE,GATE_FAIL,22878.44921875,22900.0,1.7191051907623254,21.55078125,0.09419686205102612,7657.000000000001,200.0,5.25,95.0,14.05,593.65,622.35,727.0,524.1,6.248947368421052,3.635,False,65.0,65.0,117.80000000000003
OOS_65,OOS,2026-03-24,2026-03-30,2026-04-21,-1,D-1,2026-03-23,EXECUTABLE,GATE_FAIL,22824.349609375,23000.0,1.3194697586206898,175.650390625,0.7695745711538364,558.9999999999964,386.85,681.6,300.0,0.2,741.85,396.65,725.0,965.75,2.4728333333333334,1.8741114126922578,False,65.0,65.0,8.599999999999909
OOS_65,OOS,2026-03-24,2026-03-30,2026-04-21,0,D0,2026-03-24,EXECUTABLE,GATE_PASS,22878.44921875,23000.0,0.9404706801737508,121.55078125,0.5312894247674061,18115.5,462.0,681.6,327.55,0.2,602.0,396.65,902.85,965.75,1.8378873454434437,1.9542207792207793,True,65.0,65.0,278.70000000000005
OOS_65,OOS,2026-03-24,2026-03-30,2026-04-21,1,D+1,2026-03-25,EXECUTABLE,GATE_FAIL,23064.400390625,23000.0,1.2110118625240611,64.400390625,0.2792198779690664,-4117.75,277.95,681.6,331.3,0.2,745.4,396.65,516.4,965.75,2.2499245396921217,1.8578881093721893,False,65.0,65.0,-63.35000000000002
OOS_65,OOS,2026-03-24,2026-03-30,2026-04-21,2,D+2,2026-03-27,EXECUTABLE,GATE_FAIL,23173.55078125,23300.0,1.8100861941402784,126.44921875,0.5456618191300731,-1732.25,340.0,984.2,168.95,0.15,575.65,285.0,640.0,1189.0,3.4072210713228768,1.8823529411764706,False,65.0,65.0,-26.649999999999977
OOS_65,OOS,2026-03-24,2026-03-30,2026-04-21,3,D+3,2026-03-30,EXECUTABLE,GATE_PASS,22549.650390625,22500.0,0.7153671139035329,49.650390625,0.2201825295067196,-3886.9999999999927,92.1,180.1,205.05,0.55,757.4,616.6,475.55,687.05,3.693733235796147,5.163409337676439,True,65.0,65.0,-59.7999999999999
OOS_65,OOS,2026-03-24,2026-03-30,2026-04-21,4,D+4,2026-04-01,AFTER_NEAR_EXPIRY,,,,,,,,,,,,,,,,,,,,,
OOS_65,OOS,2026-03-24,2026-03-30,2026-04-21,5,D+5,2026-04-02,AFTER_NEAR_EXPIRY,,,,,,,,,,,,,,,,,,,,,
OOS_66,OOS,2026-03-30,2026-04-07,2026-04-28,-1,D-1,2026-03-27,EXECUTABLE,GATE_PASS,23173.55078125,23150.0,1.1574397216639791,23.55078125,0.1016278492334253,-7016.749999999997,410.2,31.5,480.5,1.05,888.05,573.65,655.0,549.3,1.8481789802289281,1.5967820575329108,True,65.0,65.0,-107.94999999999993
OOS_66,OOS,2026-03-30,2026-04-07,2026-04-28,0,D0,2026-03-30,EXECUTABLE,GATE_PASS,22549.650390625,22550.0,1.0873523223822625,0.349609375,0.0015503982054876995,-2054.0,500.0,0.15,534.4,566.9,860.0,967.35,740.0,346.6,1.6092814371257487,1.48,True,65.0,65.0,-31.600000000000023
OOS_66,OOS,2026-03-30,2026-04-07,2026-04-28,1,D+1,2026-04-01,EXECUTABLE,GATE_FAIL,22899.0,22900.0,1.2234723049627771,1.0,0.00436700292589196,338.0,396.35,0.2,305.05,215.8,664.8,725.6,706.0,454.7,2.1793148664153414,1.7812539422227829,False,65.0,65.0,5.2000000000000455
OOS_66,OOS,2026-03-30,2026-04-07,2026-04-28,2,D+2,2026-04-02,EXECUTABLE,GATE_PASS,22383.400390625,22400.0,1.173913043478261,16.599609375,0.07416035582311495,-194.99999999999636,290.0,0.15,250.0,718.5,675.0,1069.45,667.0,306.1,2.7,2.3,True,65.0,65.0,-3.0
OOS_66,OOS,2026-03-30,2026-04-07,2026-04-28,3,D+3,2026-04-06,EXECUTABLE,GATE_FAIL,22780.30078125,22800.0,1.2748247884595005,19.69921875,0.08647479653216003,-519.9999999999945,275.0,0.15,216.6,316.1,624.75,789.6,622.2,420.7,2.884349030470914,2.262545454545455,False,65.0,65.0,-7.999999999999943
OOS_66,OOS,2026-03-30,2026-04-07,2026-04-28,4,D+4,2026-04-07,EXECUTABLE,GATE_FAIL,22838.69921875,22850.0,1.3415203578739858,11.30078125,0.04948084451640898,-6334.250000000001,127.4,0.2,119.9,265.1,694.4,757.15,550.0,437.8,5.791492910758965,4.3171114599686025,False,65.0,65.0,-97.45000000000005
OOS_66,OOS,2026-03-30,2026-04-07,2026-04-28,5,D+5,2026-04-08,AFTER_NEAR_EXPIRY,,,,,,,,,,,,,,,,,,,,,
OOS_67,OOS,2026-04-07,2026-04-13,2026-05-05,-1,D-1,2026-04-06,EXECUTABLE,GATE_PASS,22780.30078125,22750.0,1.1844614502890156,30.30078125,0.13301308679356838,8320.000000000007,455.6,0.05,399.9,1094.3,696.1,1452.15,669.55,147.65,1.7406851712928233,1.4696005267778751,True,65.0,65.0,128.0
OOS_67,OOS,2026-04-07,2026-04-13,2026-05-05,0,D0,2026-04-07,EXECUTABLE,GATE_PASS,22838.69921875,22750.0,1.078354593520523,88.69921875,0.3883724633370545,5720.0,315.0,0.05,401.15,1094.3,766.7,1452.15,558.3,147.65,1.911255141468279,1.7723809523809522,True,65.0,65.0,88.00000000000011
OOS_67,OOS,2026-04-07,2026-04-13,2026-05-05,1,D+1,2026-04-08,EXECUTABLE,GATE_FAIL,23855.150390625,23850.0,2.0724912589509588,5.150390625,0.02159026684243453,-12402.0,300.0,11.8,200.05,5.4,574.5,499.7,415.7,438.15,2.871782054486378,1.3856666666666666,False,65.0,65.0,-190.79999999999998
OOS_67,OOS,2026-04-07,2026-04-13,2026-05-05,2,D+2,2026-04-09,EXECUTABLE,GATE_PASS,23909.05078125,23900.0,1.0478592317224287,9.05078125,0.037855042146206073,-1501.4999999999964,196.0,52.55,250.0,1.4,539.3,467.55,403.5,460.0,2.1572,2.058673469387755,True,65.0,65.0,-23.099999999999937
OOS_67,OOS,2026-04-07,2026-04-13,2026-05-05,3,D+3,2026-04-10,EXECUTABLE,GATE_FAIL,23880.55078125,23900.0,1.6835785802457042,19.44921875,0.08144376119360992,-7991.750000000001,198.9,52.55,161.0,1.4,540.0,467.55,396.25,460.0,3.3540372670807455,1.9922071392659628,False,65.0,65.0,-122.95000000000002
OOS_67,OOS,2026-04-07,2026-04-13,2026-05-05,4,D+4,2026-04-13,EXECUTABLE,GATE_PASS,23589.599609375,23600.0,0.6670974618654664,10.400390625,0.04408888152924252,1543.7499999999968,99.7,0.2,200.0,244.8,535.15,650.8,399.9,347.5,2.67575,4.011033099297894,True,65.0,65.0,23.749999999999943
OOS_67,OOS,2026-04-07,2026-04-13,2026-05-05,5,D+5,2026-04-15,AFTER_NEAR_EXPIRY,,,,,,,,,,,,,,,,,,,,,
OOS_68,OOS,2026-04-13,2026-04-21,2026-05-12,-1,D-1,2026-04-10,EXECUTABLE,GATE_FAIL,23880.55078125,23950.0,1.4366433754602506,69.44921875,0.29081916655175555,-6282.249999999993,341.7,0.1,314.75,626.05,600.0,886.0,453.4,183.15,1.9062748212867355,1.3268949370793093,False,65.0,65.0,-96.64999999999986
OOS_68,OOS,2026-04-13,2026-04-21,2026-05-12,0,D0,2026-04-13,EXECUTABLE,GATE_PASS,23589.599609375,23500.0,0.6444929104345674,89.599609375,0.37982674932469496,932.7499999999964,170.6,0.1,450.0,1077.65,801.3,1248.75,471.35,106.3,1.7806666666666666,2.7628956623681127,True,65.0,65.0,14.349999999999966
OOS_68,OOS,2026-04-13,2026-04-21,2026-05-12,1,D+1,2026-04-15,EXECUTABLE,GATE_FAIL,24163.80078125,24150.0,1.3946768431912044,13.80078125,0.057113454025447735,-13237.250000000005,251.0,0.1,275.75,426.2,572.2,628.75,373.45,232.3,2.075067996373527,1.4878486055776892,False,65.0,65.0,-203.6500000000001
OOS_68,OOS,2026-04-13,2026-04-21,2026-05-12,2,D+2,2026-04-16,EXECUTABLE,GATE_FAIL,24385.19921875,24400.0,1.6489122280570145,14.80078125,0.06069575695169858,-2388.750000000002,250.0,0.2,155.0,177.35,439.6,552.4,430.0,307.4,2.836129032258065,1.72,False,65.0,65.0,-36.75
OOS_68,OOS,2026-04-13,2026-04-21,2026-05-12,3,D+3,2026-04-17,EXECUTABLE,GATE_FAIL,24165.900390625,24150.0,1.6729367099039094,15.900390625,0.06579680611101274,-12584.000000000002,189.0,0.1,150.05,426.2,505.9,628.75,380.9,232.3,3.3715428190603127,2.0153439153439154,False,65.0,65.0,-193.59999999999997
OOS_68,OOS,2026-04-13,2026-04-21,2026-05-12,4,D+4,2026-04-20,EXECUTABLE,GATE_FAIL,24391.5,24400.0,1.2563612304946543,8.5,0.034848205317426155,568.7499999999991,171.9,0.2,149.7,177.35,429.0,552.4,392.1,307.4,2.865731462925852,2.280977312390925,False,65.0,65.0,8.75
OOS_68,OOS,2026-04-13,2026-04-21,2026-05-12,5,D+5,2026-04-21,EXECUTABLE,GATE_PASS,24374.55078125,24350.0,1.142835090505514,24.55078125,0.10072301011957753,-3610.7500000000036,104.0,0.15,128.15,227.4,504.0,586.9,357.9,293.25,3.932891143191572,3.441346153846154,True,65.0,65.0,-55.55000000000004
OOS_69,OOS,2026-04-21,2026-04-28,2026-05-19,-1,D-1,2026-04-20,EXECUTABLE,GATE_PASS,24391.5,24400.0,1.0736314515431833,8.5,0.034848205317426155,2223.0,260.35,406.95,269.0,0.1,500.85,237.8,451.5,569.75,1.8618959107806692,1.7342039562127902,True,65.0,65.0,34.19999999999993
OOS_69,OOS,2026-04-21,2026-04-28,2026-05-19,0,D0,2026-04-21,EXECUTABLE,GATE_FAIL,24374.55078125,24350.0,1.4219369926685115,24.55078125,0.10072301011957753,-5557.499999999998,295.25,358.25,265.0,0.1,576.1,252.85,451.4,541.55,2.1739622641509433,1.52887383573243,False,65.0,65.0,-85.5
OOS_69,OOS,2026-04-21,2026-04-28,2026-05-19,1,D+1,2026-04-22,EXECUTABLE,GATE_PASS,24470.849609375,24450.0,1.1258747344556117,20.849609375,0.08520182056536496,-617.5000000000018,235.0,454.85,260.0,0.1,536.75,217.6,430.9,601.0,2.064423076923077,1.8336170212765956,True,65.0,65.0,-9.5
OOS_69,OOS,2026-04-21,2026-04-28,2026-05-19,2,D+2,2026-04-23,EXECUTABLE,GATE_PASS,24202.349609375,24200.0,1.0520543834974214,2.349609375,0.009708187068291326,1846.0,224.0,205.25,237.0,0.15,500.9,324.7,450.0,463.5,2.1135021097046414,2.0089285714285716,True,65.0,65.0,28.400000000000006
OOS_69,OOS,2026-04-21,2026-04-28,2026-05-19,3,D+3,2026-04-24,EXECUTABLE,GATE_PASS,24100.55078125,24100.0,1.1958806424366688,0.55078125,0.0022853471482838584,-3652.9999999999995,169.0,101.55,190.0,0.25,548.75,372.85,408.15,410.75,2.888157894736842,2.4150887573964495,True,65.0,65.0,-56.2
OOS_69,OOS,2026-04-21,2026-04-28,2026-05-19,4,D+4,2026-04-27,EXECUTABLE,GATE_FAIL,23945.44921875,23950.0,1.5523190736160366,4.55078125,0.019004785453916657,-9009.000000000002,173.6,0.45,187.0,37.85,560.0,453.65,334.9,343.15,2.9946524064171123,1.929147465437788,False,65.0,65.0,-138.60000000000002
OOS_69,OOS,2026-04-21,2026-04-28,2026-05-19,5,D+5,2026-04-28,EXECUTABLE,GATE_PASS,24049.900390625,24050.0,0.9341562250529309,0.099609375,0.0004141779108525089,-3074.4999999999977,64.6,50.1,94.0,0.95,499.95,400.0,367.8,393.7,5.318617021276595,5.693498452012385,True,65.0,65.0,-47.299999999999955
OOS_70,OOS,2026-04-28,2026-05-05,2026-05-26,-1,D-1,2026-04-27,EXECUTABLE,GATE_PASS,23945.44921875,23950.0,1.112945983947507,4.55078125,0.019004785453916657,-1007.4999999999973,250.0,0.3,338.0,69.0,607.9,484.55,404.0,315.45,1.7985207100591716,1.616,True,65.0,65.0,-15.499999999999943
OOS_70,OOS,2026-04-28,2026-05-05,2026-05-26,0,D0,2026-04-28,EXECUTABLE,GATE_PASS,24049.900390625,24050.0,0.975478896103896,0.099609375,0.0004141779108525089,4527.250000000002,235.0,27.3,280.0,0.5,511.4,428.25,440.0,359.0,1.8264285714285713,1.872340425531915,True,65.0,65.0,69.65000000000003
OOS_70,OOS,2026-04-28,2026-05-05,2026-05-26,1,D+1,2026-04-29,EXECUTABLE,GATE_FAIL,24096.900390625,24100.0,1.3308934529973535,3.099609375,0.012863104070455121,744.2500000000018,241.0,79.3,200.0,0.2,479.95,400.05,434.55,381.3,2.39975,1.8031120331950208,False,65.0,65.0,11.450000000000045
OOS_70,OOS,2026-04-28,2026-05-05,2026-05-26,2,D+2,2026-04-30,EXECUTABLE,GATE_PASS,23996.94921875,24000.0,1.079974975255383,3.05078125,0.012713204591924853,2261.9999999999964,182.6,2.85,205.95,22.3,475.05,454.0,390.0,338.05,2.306627822286963,2.135815991237678,True,65.0,65.0,34.799999999999955
OOS_70,OOS,2026-04-28,2026-05-05,2026-05-26,3,D+3,2026-05-04,EXECUTABLE,GATE_PASS,24063.55078125,24050.0,1.0245901639344264,13.55078125,0.056312475964929457,-3025.7500000000014,134.0,27.3,201.0,0.5,600.0,428.25,390.4,359.0,2.985074626865672,2.9134328358208954,True,65.0,65.0,-46.550000000000026
OOS_70,OOS,2026-04-28,2026-05-05,2026-05-26,4,D+4,2026-05-05,EXECUTABLE,GATE_PASS,24052.599609375,24050.0,0.7802207175288035,2.599609375,0.010808018331568402,5772.0,69.95,27.3,97.7,0.5,425.0,428.25,390.0,359.0,4.350051177072672,5.575411007862759,True,65.0,65.0,88.8
OOS_70,OOS,2026-04-28,2026-05-05,2026-05-26,5,D+5,2026-05-06,AFTER_NEAR_EXPIRY,,,,,,,,,,,,,,,,,,,,,
OOS_71,OOS,2026-05-05,2026-05-12,2026-06-02,-1,D-1,2026-05-04,EXECUTABLE,GATE_FAIL,24063.55078125,24050.0,1.3160802075788507,13.55078125,0.056312475964929457,-5713.499999999993,253.25,669.2,363.1,0.2,620.05,176.4,328.6,751.7,1.7076562930322223,1.2975320829220138,False,65.0,65.0,-87.89999999999986
OOS_71,OOS,2026-05-05,2026-05-12,2026-06-02,0,D0,2026-05-05,EXECUTABLE,GATE_FAIL,24052.599609375,24050.0,1.382432838641527,2.599609375,0.010808018331568402,-1088.75,281.95,669.2,231.95,0.2,500.8,176.4,440.35,751.7,2.15908600991593,1.5618017378967903,False,65.0,65.0,-16.75
OOS_71,OOS,2026-05-05,2026-05-12,2026-06-02,1,D+1,2026-05-06,EXECUTABLE,GATE_PASS,24171.0,24150.0,0.8540839406886154,21.0,0.08688097306689835,4306.250000000004,144.0,769.25,230.0,0.25,472.0,148.3,346.0,811.05,2.0521739130434784,2.4027777777777777,True,65.0,65.0,66.25
OOS_71,OOS,2026-05-05,2026-05-12,2026-06-02,2,D+2,2026-05-07,EXECUTABLE,GATE_PASS,24398.5,24400.0,1.0736260964912279,1.5,0.006147918929442385,3250.0,179.85,1018.6,209.0,0.15,449.15,95.05,360.0,1003.5,2.1490430622009566,2.0016680567139282,True,65.0,65.0,50.0
OOS_71,OOS,2026-05-05,2026-05-12,2026-06-02,3,D+3,2026-05-08,EXECUTABLE,GATE_PASS,24233.650390625,24250.0,0.7128719185547644,16.349609375,0.0674665562614743,8661.250000000007,149.95,867.35,214.0,0.2,410.0,126.45,403.0,917.4,1.9158878504672898,2.6875625208402805,True,65.0,65.0,133.2500000000001
OOS_71,OOS,2026-05-05,2026-05-12,2026-06-02,4,D+4,2026-05-11,EXECUTABLE,GATE_PASS,23970.099609375,23950.0,0.5906692270231462,20.099609375,0.08385284042432097,4930.25,91.25,567.95,185.15,0.3,461.0,204.3,384.65,713.65,2.489873075884418,4.215342465753424,True,65.0,65.0,75.85000000000008
OOS_71,OOS,2026-05-05,2026-05-12,2026-06-02,5,D+5,2026-05-12,EXECUTABLE,GATE_PASS,23722.599609375,23700.0,0.6362336244541485,22.599609375,0.0952661586298864,4998.4999999999945,65.0,317.3,125.0,0.3,448.3,301.65,366.4,519.85,3.5864000000000003,5.636923076923076,True,65.0,65.0,76.89999999999992
OOS_72,OOS,2026-05-12,2026-05-19,2026-06-09,-1,D-1,2026-05-11,EXECUTABLE,GATE_PASS,23970.099609375,23950.0,0.514963983111741,20.099609375,0.08385284042432097,-2180.749999999989,150.1,322.6,413.05,0.15,593.55,255.75,418.85,700.0,1.4369931001089455,2.7904730179880084,True,65.0,65.0,-33.54999999999984
OOS_72,OOS,2026-05-12,2026-05-19,2026-06-09,0,D0,2026-05-12,EXECUTABLE,GATE_PASS,23722.599609375,23700.0,0.8707539709381026,22.599609375,0.0952661586298864,2330.2500000000014,204.8,71.3,267.9,0.4,509.15,374.65,447.0,410.65,1.9005225830533783,2.1826171875,True,65.0,65.0,35.85000000000002
OOS_72,OOS,2026-05-12,2026-05-19,2026-06-09,1,D+1,2026-05-13,EXECUTABLE,GATE_PASS,23362.44921875,23400.0,1.142001234606489,37.55078125,0.1607313552547516,-4592.250000000003,220.0,0.15,272.0,226.9,531.45,548.6,376.4,289.45,1.9538602941176473,1.7109090909090907,True,65.0,65.0,-70.65000000000003
OOS_72,OOS,2026-05-12,2026-05-19,2026-06-09,2,D+2,2026-05-14,EXECUTABLE,GATE_FAIL,23530.25,23550.0,1.3534225429613504,19.75,0.0839345098330872,-4114.500000000002,222.35,0.25,196.0,76.85,500.0,465.65,419.1,345.1,2.5510204081632653,1.8848662019338882,False,65.0,65.0,-63.30000000000001
OOS_72,OOS,2026-05-12,2026-05-19,2026-06-09,3,D+3,2026-05-15,EXECUTABLE,GATE_PASS,23731.400390625,23750.0,0.9912925958104062,18.599609375,0.07837552385803455,520.0000000000018,160.45,121.25,180.0,0.15,448.0,348.3,402.85,435.8,2.488888888888889,2.5107510127765664,True,65.0,65.0,8.000000000000028
OOS_72,OOS,2026-05-12,2026-05-19,2026-06-09,4,D+4,2026-05-18,EXECUTABLE,GATE_PASS,23482.19921875,23500.0,0.9575581395348838,17.80078125,0.07580542641758392,2119.000000000002,150.0,0.2,160.0,127.25,439.2,488.85,430.0,330.0,2.745,2.8666666666666667,True,65.0,65.0,32.60000000000002
OOS_72,OOS,2026-05-12,2026-05-19,2026-06-09,5,D+5,2026-05-19,EXECUTABLE,GATE_FAIL,23675.30078125,23700.0,1.4507376917150827,24.69921875,0.10432483615819955,-2463.5000000000014,108.2,71.3,83.45,0.4,452.2,374.65,404.15,410.65,5.418813660874775,3.735212569316081,False,65.0,65.0,-37.90000000000002
OOS_73,OOS,2026-05-19,2026-05-26,2026-06-16,-1,D-1,2026-05-18,EXECUTABLE,GATE_PASS,23482.19921875,23500.0,0.9712317165170821,17.80078125,0.07580542641758392,4855.5,265.0,0.1,275.1,412.7,495.05,630.9,491.0,149.65,1.7995274445656124,1.8528301886792453,True,65.0,65.0,74.70000000000005
OOS_73,OOS,2026-05-19,2026-05-26,2026-06-16,0,D0,2026-05-19,EXECUTABLE,GATE_FAIL,23675.30078125,23700.0,1.274092467123194,24.69921875,0.10432483615819955,-2346.4999999999964,265.25,0.15,247.9,212.25,520.3,487.8,436.95,211.1,2.098830173457039,1.6473138548539115,False,65.0,65.0,-36.09999999999994
OOS_73,OOS,2026-05-19,2026-05-26,2026-06-16,1,D+1,2026-05-20,EXECUTABLE,GATE_FAIL,23457.25,23450.0,1.3642061632318816,7.25,0.030907288791311854,5157.749999999996,232.1,0.1,206.35,462.2,500.0,792.05,412.25,137.1,2.4230676035861403,1.7761740629039207,False,65.0,65.0,79.34999999999991
OOS_73,OOS,2026-05-19,2026-05-26,2026-06-16,2,D+2,2026-05-21,EXECUTABLE,GATE_FAIL,23830.05078125,23850.0,1.6468753332394932,19.94921875,0.0837145456932743,-2333.499999999998,269.4,0.35,162.0,61.25,429.95,397.95,434.15,269.75,2.6540123456790123,1.6115441722345953,False,65.0,65.0,-35.89999999999998
OOS_73,OOS,2026-05-19,2026-05-26,2026-06-16,3,D+3,2026-05-22,EXECUTABLE,GATE_FAIL,23671.19921875,23650.0,1.2142857142857144,21.19921875,0.08955701210612117,-1855.7499999999982,170.0,0.15,185.0,261.5,482.85,531.7,365.4,196.45,2.6100000000000003,2.1494117647058824,False,65.0,65.0,-28.549999999999983
OOS_73,OOS,2026-05-19,2026-05-26,2026-06-16,4,D+4,2026-05-25,EXECUTABLE,GATE_PASS,23940.25,23950.0,1.180672609142786,9.75,0.04072639174611794,1784.2499999999995,114.65,39.2,109.0,0.55,405.05,345.2,360.85,306.55,3.7160550458715598,3.1474051460968164,True,65.0,65.0,27.44999999999999
OOS_73,OOS,2026-05-19,2026-05-26,2026-06-16,5,D+5,2026-05-26,EXECUTABLE,GATE_PASS,24004.099609375,24000.0,0.8551862777945753,4.099609375,0.017078788380793353,3181.750000000001,59.8,88.95,79.0,0.25,350.0,317.5,309.8,336.25,4.430379746835443,5.1806020066889635,True,65.0,65.0,48.95000000000002
OOS_74,OOS,2026-05-26,2026-06-02,2026-06-23,-1,D-1,2026-05-25,EXECUTABLE,GATE_FAIL,23940.25,23950.0,1.3829000120207289,9.75,0.04072639174611794,-747.5000000000018,218.0,467.8,186.4,0.1,455.95,165.2,385.6,542.45,2.446083690987124,1.7688073394495414,False,65.0,65.0,-11.5
OOS_74,OOS,2026-05-26,2026-06-02,2026-06-23,0,D0,2026-05-26,EXECUTABLE,GATE_PASS,24004.099609375,24000.0,0.8997202160192596,4.099609375,0.017078788380793353,9363.25,187.0,522.85,235.0,0.1,406.7,152.8,359.7,532.5,1.7306382978723405,1.923529411764706,True,65.0,65.0,144.05
OOS_74,OOS,2026-05-26,2026-06-02,2026-06-23,1,D+1,2026-05-27,EXECUTABLE,GATE_PASS,23880.349609375,23900.0,1.1067585719335453,19.650390625,0.08228686324293011,5278.000000000001,178.0,423.2,205.0,0.1,439.75,190.05,345.0,464.2,2.145121951219512,1.9382022471910112,True,65.0,65.0,81.20000000000005
OOS_74,OOS,2026-05-26,2026-06-02,2026-06-23,2,D+2,2026-05-29,EXECUTABLE,GATE_PASS,23902.150390625,23900.0,0.9278016785258164,2.150390625,0.008996640845517545,6077.5,123.85,423.2,189.0,0.1,410.6,190.05,290.0,464.2,2.1724867724867725,2.3415421881308034,True,65.0,65.0,93.5
OOS_74,OOS,2026-05-26,2026-06-02,2026-06-23,3,D+3,2026-06-01,EXECUTABLE,GATE_PASS,23654.5,23650.0,0.27872224549643904,4.5,0.019023864380984593,15629.250000000002,50.25,177.0,220.0,0.15,397.2,289.8,325.5,324.25,1.8054545454545454,6.477611940298507,True,65.0,65.0,240.45000000000005
OOS_74,OOS,2026-05-26,2026-06-02,2026-06-23,4,D+4,2026-06-02,EXECUTABLE,GATE_PASS,23229.150390625,23250.0,0.730485754555522,20.849609375,0.08975622880901682,4809.999999999998,52.95,0.1,99.0,222.9,411.1,534.75,301.0,173.9,4.152525252525253,5.684608120868744,True,65.0,65.0,73.99999999999997
OOS_74,OOS,2026-05-26,2026-06-02,2026-06-23,5,D+5,2026-06-03,AFTER_NEAR_EXPIRY,,,,,,,,,,,,,,,,,,,,,
OOS_75,OOS,2026-06-02,2026-06-09,2026-06-30,-1,D-1,2026-06-01,EXECUTABLE,GATE_PASS,23654.5,23650.0,0.832378267532593,4.5,0.019023864380984593,6214.0000000000055,200.0,402.7,330.0,0.1,473.9,193.05,345.05,501.2,1.436060606060606,1.72525,True,65.0,65.0,95.59999999999997
OOS_75,OOS,2026-06-02,2026-06-09,2026-06-30,0,D0,2026-06-02,EXECUTABLE,GATE_PASS,23229.150390625,23250.0,0.8913116684670408,20.849609375,0.08975622880901682,4849.000000000002,178.95,5.85,250.05,4.25,440.95,377.85,354.05,289.05,1.7634473105378923,1.978485610505728,True,65.0,65.0,74.60000000000005
OOS_75,OOS,2026-06-02,2026-06-09,2026-06-30,1,D+1,2026-06-03,EXECUTABLE,GATE_PASS,23415.94921875,23400.0,0.5510235974370996,15.94921875,0.06811262956288307,8514.999999999996,103.2,151.3,237.0,0.15,451.0,299.5,356.4,358.85,1.9029535864978904,3.4534883720930227,True,65.0,65.0,130.99999999999994
OOS_75,OOS,2026-06-02,2026-06-09,2026-06-30,2,D+2,2026-06-04,EXECUTABLE,GATE_PASS,23282.44921875,23300.0,0.768211663423322,17.55078125,0.075382023107199,7439.25,158.3,50.6,242.0,0.4,400.0,350.95,340.6,311.0,1.6528925619834711,2.151610865445357,True,65.0,65.0,114.44999999999999
OOS_75,OOS,2026-06-02,2026-06-09,2026-06-30,3,D+3,2026-06-05,EXECUTABLE,GATE_PASS,23478.94921875,23500.0,0.853282389312898,21.05078125,0.08965810630566509,5381.999999999998,120.2,251.95,161.05,0.1,395.0,251.95,345.5,412.35,2.4526544551381555,2.8743760399334444,True,65.0,65.0,82.80000000000001
OOS_75,OOS,2026-06-02,2026-06-09,2026-06-30,4,D+4,2026-06-08,EXECUTABLE,GATE_PASS,23080.69921875,23100.0,0.5764281782308597,19.30078125,0.08362303527754775,4758.000000000001,80.0,0.15,196.85,147.65,463.95,470.25,327.1,229.55,2.3568707137414275,4.08875,True,65.0,65.0,73.20000000000002
OOS_75,OOS,2026-06-02,2026-06-09,2026-06-30,5,D+5,2026-06-09,EXECUTABLE,GATE_FAIL,23259.05078125,23250.0,1.370049641478213,9.05078125,0.038912943331703705,6604.000000000001,100.3,5.85,64.75,4.25,357.85,377.85,404.6,289.05,5.526640926640927,4.033898305084746,False,65.0,65.0,101.60000000000001
OOS_76,OOS,2026-06-09,2026-06-16,2026-07-07,-1,D-1,2026-06-08,EXECUTABLE,GATE_PASS,23080.69921875,23100.0,1.0069912421444258,19.30078125,0.08362303527754775,-2960.7500000000073,205.25,0.1,275.7,889.0,500.0,950.8,369.65,47.55,1.8135654697134567,1.8009744214372716,True,65.0,65.0,-45.55000000000001
OOS_76,OOS,2026-06-09,2026-06-16,2026-07-07,0,D0,2026-06-09,EXECUTABLE,GATE_FAIL,23259.05078125,23250.0,1.244969135802469,9.05078125,0.038912943331703705,-1637.9999999999964,241.25,0.1,200.0,737.5,418.0,828.95,405.0,62.5,2.09,1.6787564766839378,False,65.0,65.0,-25.199999999999932
OOS_76,OOS,2026-06-09,2026-06-16,2026-07-07,1,D+1,2026-06-10,EXECUTABLE,GATE_PASS,23233.94921875,23250.0,1.115224759941098,16.05078125,0.06908331037001182,-3548.9999999999964,170.7,0.1,209.0,737.5,455.65,828.95,333.7,62.5,2.180143540669856,1.9548916227299356,True,65.0,65.0,-54.599999999999966
OOS_76,OOS,2026-06-09,2026-06-16,2026-07-07,2,D+2,2026-06-11,EXECUTABLE,GATE_PASS,23104.400390625,23100.0,1.0170901671921784,4.400390625,0.019045681993918064,-3194.7500000000036,153.0,0.1,198.0,889.0,451.6,950.8,343.1,47.55,2.280808080808081,2.242483660130719,True,65.0,65.0,-49.150000000000034
OOS_76,OOS,2026-06-09,2026-06-16,2026-07-07,3,D+3,2026-06-12,EXECUTABLE,GATE_FAIL,23412.55078125,23400.0,1.7339353354978353,12.55078125,0.05360706472039486,-5824.000000000004,167.0,0.1,120.0,586.35,383.75,706.55,308.0,87.15,3.1979166666666665,1.844311377245509,False,65.0,65.0,-89.60000000000005
OOS_76,OOS,2026-06-09,2026-06-16,2026-07-07,4,D+4,2026-06-15,EXECUTABLE,GATE_PASS,23984.849609375,24000.0,1.0945404320819454,15.150390625,0.06316650248696219,6438.250000000004,125.05,14.65,88.8,1.95,327.65,294.8,421.55,266.1,3.689752252252252,3.371051579368253,True,65.0,65.0,99.05000000000003
OOS_76,OOS,2026-06-09,2026-06-16,2026-07-07,5,D+5,2026-06-16,EXECUTABLE,GATE_PASS,23923.900390625,23900.0,0.8915094339622641,23.900390625,0.09990173105036747,786.5000000000005,57.0,0.15,74.2,86.85,330.75,351.5,285.0,224.15,4.4575471698113205,5.0,True,65.0,65.0,12.099999999999994
OOS_77,OOS,2026-06-16,2026-06-23,2026-07-14,-1,D-1,2026-06-15,EXECUTABLE,GATE_PASS,23984.849609375,24000.0,1.0917827298050138,15.150390625,0.06316650248696219,2886.000000000004,201.0,148.25,200.0,0.35,351.0,256.1,323.1,330.7,1.755,1.6074626865671644,True,65.0,65.0,44.40000000000006
OOS_77,OOS,2026-06-16,2026-06-23,2026-07-14,0,D0,2026-06-16,EXECUTABLE,GATE_PASS,23923.900390625,23900.0,1.0639006673191918,23.900390625,0.09990173105036747,1280.4999999999984,170.05,48.35,204.95,2.25,399.1,308.85,311.25,282.3,1.9473042205415958,1.8303440164657452,True,65.0,65.0,19.69999999999996
OOS_77,OOS,2026-06-16,2026-06-23,2026-07-14,1,D+1,2026-06-17,EXECUTABLE,GATE_FAIL,24044.5,24050.0,1.3085386246839057,5.5,0.022874253987398365,2128.75,189.0,201.5,149.5,0.25,339.5,226.8,328.0,344.3,2.270903010033445,1.7354497354497354,False,65.0,65.0,32.75
OOS_77,OOS,2026-06-16,2026-06-23,2026-07-14,2,D+2,2026-06-18,EXECUTABLE,GATE_FAIL,24073.80078125,24050.0,1.2527450461851635,23.80078125,0.09886590599577179,-614.25,135.0,201.5,150.55,0.25,382.65,226.8,273.9,344.3,2.5416805048156754,2.0288888888888885,False,65.0,65.0,-9.449999999999989
OOS_77,OOS,2026-06-16,2026-06-23,2026-07-14,3,D+3,2026-06-19,EXECUTABLE,GATE_FAIL,23991.19921875,24000.0,1.233981289308176,8.80078125,0.0366833736394547,-250.24999999999818,112.1,148.25,120.0,0.35,350.05,256.1,265.0,330.7,2.9170833333333333,2.3639607493309547,False,65.0,65.0,-3.849999999999966
OOS_77,OOS,2026-06-16,2026-06-23,2026-07-14,4,D+4,2026-06-22,EXECUTABLE,GATE_PASS,24106.599609375,24100.0,1.1424316738724873,6.599609375,0.0273767743354124,2128.749999999998,93.0,255.05,89.9,0.2,343.95,209.85,311.45,396.35,3.825917686318131,3.3489247311827954,True,65.0,65.0,32.74999999999997
OOS_77,OOS,2026-06-16,2026-06-23,2026-07-14,5,D+5,2026-06-23,EXECUTABLE,GATE_PASS,24071.30078125,24050.0,0.8434543506303743,21.30078125,0.08849036221005532,1124.4999999999982,40.05,201.5,66.95,0.25,321.05,226.8,227.7,344.3,4.795369678864825,5.685393258426966,True,65.0,65.0,17.299999999999955
OOS_78,OOS,2026-06-23,2026-06-30,2026-07-21,-1,D-1,2026-06-22,NO_EXIT_SOURCE,,24106.599609375,,,,,,,,,,,,,,,,,,,
OOS_78,OOS,2026-06-23,2026-06-30,2026-07-21,0,D0,2026-06-23,NO_EXIT_SOURCE,,24071.30078125,,,,,,,,,,,,,,,,,,,
OOS_78,OOS,2026-06-23,2026-06-30,2026-07-21,1,D+1,2026-06-24,NO_EXIT_SOURCE,,23795.80078125,,,,,,,,,,,,,,,,,,,
OOS_78,OOS,2026-06-23,2026-06-30,2026-07-21,2,D+2,2026-06-25,NO_EXIT_SOURCE,,24125.849609375,,,,,,,,,,,,,,,,,,,
OOS_78,OOS,2026-06-23,2026-06-30,2026-07-21,3,D+3,2026-06-29,NO_EXIT_SOURCE,,24061.75,,,,,,,,,,,,,,,,,,,
OOS_78,OOS,2026-06-23,2026-06-30,2026-07-21,4,D+4,,NO_TRADING_DATE,,,,,,,,,,,,,,,,,,,,,
OOS_78,OOS,2026-06-23,2026-06-30,2026-07-21,5,D+5,,NO_TRADING_DATE,,,,,,,,,,,,,,,,,,,,,
OOS_79,OOS,2026-06-30,2026-07-07,2026-07-28,-1,D-1,,NO_PREVIOUS_EXPIRY,,,,,,,,,,,,,,,,,,,,,
OOS_79,OOS,2026-06-30,2026-07-07,2026-07-28,0,D0,,NO_PREVIOUS_EXPIRY,,,,,,,,,,,,,,,,,,,,,
OOS_79,OOS,2026-06-30,2026-07-07,2026-07-28,1,D+1,,NO_PREVIOUS_EXPIRY,,,,,,,,,,,,,,,,,,,,,
OOS_79,OOS,2026-06-30,2026-07-07,2026-07-28,2,D+2,,NO_PREVIOUS_EXPIRY,,,,,,,,,,,,,,,,,,,,,
OOS_79,OOS,2026-06-30,2026-07-07,2026-07-28,3,D+3,,NO_PREVIOUS_EXPIRY,,,,,,,,,,,,,,,,,,,,,
OOS_79,OOS,2026-06-30,2026-07-07,2026-07-28,4,D+4,,NO_PREVIOUS_EXPIRY,,,,,,,,,,,,,,,,,,,,,
OOS_79,OOS,2026-06-30,2026-07-07,2026-07-28,5,D+5,,NO_PREVIOUS_EXPIRY,,,,,,,,,,,,,,,,,,,,,
OOS_80,OOS,2026-07-07,2026-07-14,2026-08-04,-1,D-1,,NO_PREVIOUS_EXPIRY,,,,,,,,,,,,,,,,,,,,,
OOS_80,OOS,2026-07-07,2026-07-14,2026-08-04,0,D0,,NO_PREVIOUS_EXPIRY,,,,,,,,,,,,,,,,,,,,,
OOS_80,OOS,2026-07-07,2026-07-14,2026-08-04,1,D+1,,NO_PREVIOUS_EXPIRY,,,,,,,,,,,,,,,,,,,,,
OOS_80,OOS,2026-07-07,2026-07-14,2026-08-04,2,D+2,,NO_PREVIOUS_EXPIRY,,,,,,,,,,,,,,,,,,,,,
OOS_80,OOS,2026-07-07,2026-07-14,2026-08-04,3,D+3,,NO_PREVIOUS_EXPIRY,,,,,,,,,,,,,,,,,,,,,
OOS_80,OOS,2026-07-07,2026-07-14,2026-08-04,4,D+4,,NO_PREVIOUS_EXPIRY,,,,,,,,,,,,,,,,,,,,,
OOS_80,OOS,2026-07-07,2026-07-14,2026-08-04,5,D+5,,NO_PREVIOUS_EXPIRY,,,,,,,,,,,,,,,,,,,,,
OOS_81,OOS,2026-07-14,2026-07-21,2026-08-11,-1,D-1,,NO_PREVIOUS_EXPIRY,,,,,,,,,,,,,,,,,,,,,
OOS_81,OOS,2026-07-14,2026-07-21,2026-08-11,0,D0,,NO_PREVIOUS_EXPIRY,,,,,,,,,,,,,,,,,,,,,
OOS_81,OOS,2026-07-14,2026-07-21,2026-08-11,1,D+1,,NO_PREVIOUS_EXPIRY,,,,,,,,,,,,,,,,,,,,,
OOS_81,OOS,2026-07-14,2026-07-21,2026-08-11,2,D+2,,NO_PREVIOUS_EXPIRY,,,,,,,,,,,,,,,,,,,,,
OOS_81,OOS,2026-07-14,2026-07-21,2026-08-11,3,D+3,,NO_PREVIOUS_EXPIRY,,,,,,,,,,,,,,,,,,,,,
OOS_81,OOS,2026-07-14,2026-07-21,2026-08-11,4,D+4,,NO_PREVIOUS_EXPIRY,,,,,,,,,,,,,,,,,,,,,
OOS_81,OOS,2026-07-14,2026-07-21,2026-08-11,5,D+5,,NO_PREVIOUS_EXPIRY,,,,,,,,,,,,,,,,,,,,,
OOS_82,OOS,2026-07-21,2026-07-28,2026-08-18,-1,D-1,,NO_PREVIOUS_EXPIRY,,,,,,,,,,,,,,,,,,,,,
OOS_82,OOS,2026-07-21,2026-07-28,2026-08-18,0,D0,,NO_PREVIOUS_EXPIRY,,,,,,,,,,,,,,,,,,,,,
OOS_82,OOS,2026-07-21,2026-07-28,2026-08-18,1,D+1,,NO_PREVIOUS_EXPIRY,,,,,,,,,,,,,,,,,,,,,
OOS_82,OOS,2026-07-21,2026-07-28,2026-08-18,2,D+2,,NO_PREVIOUS_EXPIRY,,,,,,,,,,,,,,,,,,,,,
OOS_82,OOS,2026-07-21,2026-07-28,2026-08-18,3,D+3,,NO_PREVIOUS_EXPIRY,,,,,,,,,,,,,,,,,,,,,
OOS_82,OOS,2026-07-21,2026-07-28,2026-08-18,4,D+4,,NO_PREVIOUS_EXPIRY,,,,,,,,,,,,,,,,,,,,,
OOS_82,OOS,2026-07-21,2026-07-28,2026-08-18,5,D+5,,NO_PREVIOUS_EXPIRY,,,,,,,,,,,,,,,,,,,,,
OOS_83,OOS,2026-07-28,2026-08-04,2026-08-25,-1,D-1,,NO_PREVIOUS_EXPIRY,,,,,,,,,,,,,,,,,,,,,
OOS_83,OOS,2026-07-28,2026-08-04,2026-08-25,0,D0,,NO_PREVIOUS_EXPIRY,,,,,,,,,,,,,,,,,,,,,
OOS_83,OOS,2026-07-28,2026-08-04,2026-08-25,1,D+1,,NO_PREVIOUS_EXPIRY,,,,,,,,,,,,,,,,,,,,,
OOS_83,OOS,2026-07-28,2026-08-04,2026-08-25,2,D+2,,NO_PREVIOUS_EXPIRY,,,,,,,,,,,,,,,,,,,,,
OOS_83,OOS,2026-07-28,2026-08-04,2026-08-25,3,D+3,,NO_PREVIOUS_EXPIRY,,,,,,,,,,,,,,,,,,,,,
OOS_83,OOS,2026-07-28,2026-08-04,2026-08-25,4,D+4,,NO_PREVIOUS_EXPIRY,,,,,,,,,,,,,,,,,,,,,
OOS_83,OOS,2026-07-28,2026-08-04,2026-08-25,5,D+5,,NO_PREVIOUS_EXPIRY,,,,,,,,,,,,,,,,,,,,,
OOS_84,OOS,2026-08-04,2026-08-11,2026-09-01,-1,D-1,,NO_PREVIOUS_EXPIRY,,,,,,,,,,,,,,,,,,,,,
OOS_84,OOS,2026-08-04,2026-08-11,2026-09-01,0,D0,,NO_PREVIOUS_EXPIRY,,,,,,,,,,,,,,,,,,,,,
OOS_84,OOS,2026-08-04,2026-08-11,2026-09-01,1,D+1,,NO_PREVIOUS_EXPIRY,,,,,,,,,,,,,,,,,,,,,
OOS_84,OOS,2026-08-04,2026-08-11,2026-09-01,2,D+2,,NO_PREVIOUS_EXPIRY,,,,,,,,,,,,,,,,,,,,,
OOS_84,OOS,2026-08-04,2026-08-11,2026-09-01,3,D+3,,NO_PREVIOUS_EXPIRY,,,,,,,,,,,,,,,,,,,,,
OOS_84,OOS,2026-08-04,2026-08-11,2026-09-01,4,D+4,,NO_PREVIOUS_EXPIRY,,,,,,,,,,,,,,,,,,,,,
OOS_84,OOS,2026-08-04,2026-08-11,2026-09-01,5,D+5,,NO_PREVIOUS_EXPIRY,,,,,,,,,,,,,,,,,,,,,
OOS_85,OOS,2026-08-11,2026-08-18,2026-09-08,-1,D-1,,NO_PREVIOUS_EXPIRY,,,,,,,,,,,,,,,,,,,,,
OOS_85,OOS,2026-08-11,2026-08-18,2026-09-08,0,D0,,NO_PREVIOUS_EXPIRY,,,,,,,,,,,,,,,,,,,,,
OOS_85,OOS,2026-08-11,2026-08-18,2026-09-08,1,D+1,,NO_PREVIOUS_EXPIRY,,,,,,,,,,,,,,,,,,,,,
OOS_85,OOS,2026-08-11,2026-08-18,2026-09-08,2,D+2,,NO_PREVIOUS_EXPIRY,,,,,,,,,,,,,,,,,,,,,
OOS_85,OOS,2026-08-11,2026-08-18,2026-09-08,3,D+3,,NO_PREVIOUS_EXPIRY,,,,,,,,,,,,,,,,,,,,,
OOS_85,OOS,2026-08-11,2026-08-18,2026-09-08,4,D+4,,NO_PREVIOUS_EXPIRY,,,,,,,,,,,,,,,,,,,,,
OOS_85,OOS,2026-08-11,2026-08-18,2026-09-08,5,D+5,,NO_PREVIOUS_EXPIRY,,,,,,,,,,,,,,,,,,,,,
OOS_86,OOS,2026-08-18,2026-08-25,2026-09-15,-1,D-1,,NO_PREVIOUS_EXPIRY,,,,,,,,,,,,,,,,,,,,,
OOS_86,OOS,2026-08-18,2026-08-25,2026-09-15,0,D0,,NO_PREVIOUS_EXPIRY,,,,,,,,,,,,,,,,,,,,,
OOS_86,OOS,2026-08-18,2026-08-25,2026-09-15,1,D+1,,NO_PREVIOUS_EXPIRY,,,,,,,,,,,,,,,,,,,,,
OOS_86,OOS,2026-08-18,2026-08-25,2026-09-15,2,D+2,,NO_PREVIOUS_EXPIRY,,,,,,,,,,,,,,,,,,,,,
OOS_86,OOS,2026-08-18,2026-08-25,2026-09-15,3,D+3,,NO_PREVIOUS_EXPIRY,,,,,,,,,,,,,,,,,,,,,
OOS_86,OOS,2026-08-18,2026-08-25,2026-09-15,4,D+4,,NO_PREVIOUS_EXPIRY,,,,,,,,,,,,,,,,,,,,,
OOS_86,OOS,2026-08-18,2026-08-25,2026-09-15,5,D+5,,NO_PREVIOUS_EXPIRY,,,,,,,,,,,,,,,,,,,,,
OOS_87,OOS,2026-08-25,2026-09-01,2026-09-22,-1,D-1,,NO_PREVIOUS_EXPIRY,,,,,,,,,,,,,,,,,,,,,
OOS_87,OOS,2026-08-25,2026-09-01,2026-09-22,0,D0,,NO_PREVIOUS_EXPIRY,,,,,,,,,,,,,,,,,,,,,
OOS_87,OOS,2026-08-25,2026-09-01,2026-09-22,1,D+1,,NO_PREVIOUS_EXPIRY,,,,,,,,,,,,,,,,,,,,,
OOS_87,OOS,2026-08-25,2026-09-01,2026-09-22,2,D+2,,NO_PREVIOUS_EXPIRY,,,,,,,,,,,,,,,,,,,,,
OOS_87,OOS,2026-08-25,2026-09-01,2026-09-22,3,D+3,,NO_PREVIOUS_EXPIRY,,,,,,,,,,,,,,,,,,,,,
OOS_87,OOS,2026-08-25,2026-09-01,2026-09-22,4,D+4,,NO_PREVIOUS_EXPIRY,,,,,,,,,,,,,,,,,,,,,
OOS_87,OOS,2026-08-25,2026-09-01,2026-09-22,5,D+5,,NO_PREVIOUS_EXPIRY,,,,,,,,,,,,,,,,,,,,,
