cycle_id,sample,previous_expiry,entry_date,near_expiry,spot_open,horizon,horizon_label,far_expiry,strike,status,entry_near_ce,entry_near_pe,entry_far_ce,entry_far_pe,exit_near_ce,exit_near_pe,exit_far_ce,exit_far_pe,entry_credit_points,entry_credit_yield,cbr,atm_distance_points,atm_distance_pct,exit_available,volume_min,volume_sum,lot_near,lot_far,pnl_points,pnl_inr,selection_score
C_20220107,DEVELOPMENT,2022-01-06,2022-01-07,2022-01-13,17797.599609375,1,F+1,2022-01-20,17800.0,EXECUTABLE,144.25,151.0,210.95,204.5,454.0,0.15,493.75,23.15,-13.199999999999989,-0.0007416730508448344,1.0798099943642396,2.400390625,0.013487159379265836,True,13413.0,2658110.0,50.0,50.0,3.549999999999983,177.5,
C_20220107,DEVELOPMENT,2022-01-06,2022-01-07,2022-01-13,17797.599609375,2,F+2,2022-01-27,17800.0,EXECUTABLE,144.25,151.0,184.15,206.5,454.0,0.15,545.75,58.55,15.599999999999994,0.0008765226964529866,0.9334967121413674,2.400390625,0.013487159379265836,True,65242.0,2768048.0,50.0,50.0,48.94999999999999,2447.499999999999,
C_20220107,DEVELOPMENT,2022-01-06,2022-01-07,2022-01-13,17797.599609375,3,F+3,2022-02-03,17800.0,EXECUTABLE,144.25,151.0,417.3,329.95,454.0,0.15,577.0,128.6,-94.10000000000002,-0.005287229854886287,1.3239188858770947,2.400390625,0.013487159379265836,True,281.0,2630199.0,50.0,50.0,-99.55000000000004,-4977.5,
C_20220107,DEVELOPMENT,2022-01-06,2022-01-07,2022-01-13,17797.599609375,4,F+4,2022-02-10,17800.0,EXECUTABLE,144.25,151.0,442.05,391.05,454.0,0.15,645.45,177.15,-57.75,-0.0032448195974461532,1.1833146195518134,2.400390625,0.013487159379265836,True,2.0,2629646.0,50.0,50.0,-43.29999999999998,-2164.999999999998,
C_20220107,DEVELOPMENT,2022-01-06,2022-01-07,2022-01-13,17797.599609375,2,F+2,2022-01-27,17800.0,ADAPTIVE_SELECTED,144.25,151.0,184.15,206.5,454.0,0.15,545.75,58.55,15.599999999999994,,0.9334967121413674,,,True,,,50.0,50.0,48.94999999999999,2447.499999999999,0.0008765226964529866
C_20220114,DEVELOPMENT,2022-01-13,2022-01-14,2022-01-20,18185.0,1,F+1,2022-01-27,18200.0,EXECUTABLE,150.0,130.0,239.95,189.5,0.15,449.5,27.0,418.75,-30.44999999999999,-0.001674456970030244,1.097396657871592,15.0,0.08248556502612042,True,123047.0,3197675.0,50.0,50.0,27.150000000000034,1357.5,
C_20220114,DEVELOPMENT,2022-01-13,2022-01-14,2022-01-20,18185.0,2,F+2,2022-02-03,18200.0,EXECUTABLE,150.0,130.0,281.35,291.1,0.15,449.5,121.75,477.25,29.75,0.0016359637063513884,0.8376388411771442,15.0,0.08248556502612042,True,992.0,2948366.0,50.0,50.0,123.60000000000002,6180.000000000002,
C_20220114,DEVELOPMENT,2022-01-13,2022-01-14,2022-01-20,18185.0,3,F+3,2022-02-10,18200.0,NO_ENTRY_LEG,,,,,,,,,,,,,,,,,,,,,
C_20220114,DEVELOPMENT,2022-01-13,2022-01-14,2022-01-20,18185.0,4,F+4,2022-02-17,18200.0,NO_ENTRY_LEG,,,,,,,,,,,,,,,,,,,,,
C_20220114,DEVELOPMENT,2022-01-13,2022-01-14,2022-01-20,18185.0,2,F+2,2022-02-03,18200.0,ADAPTIVE_SELECTED,150.0,130.0,281.35,291.1,0.15,449.5,121.75,477.25,29.75,,0.8376388411771442,,,True,,,50.0,50.0,123.60000000000002,6180.000000000002,0.0016359637063513884
C_20220121,DEVELOPMENT,2022-01-20,2022-01-21,2022-01-27,17613.69921875,1,F+1,2022-02-03,17600.0,EXECUTABLE,200.0,117.0,303.05,202.15,0.1,497.4,91.75,551.7,-17.900000000000034,-0.0010162544379629956,0.8769935691318328,13.69921875,0.0777759321302422,True,36663.0,3424768.0,50.0,50.0,19.449999999999875,972.4999999999964,
C_20220121,DEVELOPMENT,2022-01-20,2022-01-21,2022-01-27,17613.69921875,2,F+2,2022-02-10,17600.0,EXECUTABLE,200.0,117.0,379.7,322.95,0.1,497.4,146.05,596.55,26.25,0.0014903172623758985,0.6877984208081745,13.69921875,0.0777759321302422,True,1002.0,3345572.0,50.0,50.0,73.05000000000001,3652.500000000002,
C_20220121,DEVELOPMENT,2022-01-20,2022-01-21,2022-01-27,17613.69921875,3,F+3,2022-02-17,17600.0,NO_ENTRY_LEG,,,,,,,,,,,,,,,,,,,,,
C_20220121,DEVELOPMENT,2022-01-20,2022-01-21,2022-01-27,17613.69921875,4,F+4,2022-02-24,17600.0,EXECUTABLE,200.0,117.0,430.3,346.8,0.1,497.4,205.35,647.3,-0.5,-2.8386995473826637e-05,0.7258520761245675,13.69921875,0.0777759321302422,True,10300.0,3366053.0,50.0,50.0,54.849999999999966,2742.5000000000036,
C_20220121,DEVELOPMENT,2022-01-20,2022-01-21,2022-01-27,17613.69921875,2,F+2,2022-02-10,17600.0,ADAPTIVE_SELECTED,200.0,117.0,379.7,322.95,0.1,497.4,146.05,596.55,26.25,,0.6877984208081745,,,True,,,50.0,50.0,73.05000000000001,3652.500000000002,0.0014903172623758985
C_20220128,DEVELOPMENT,2022-01-27,2022-01-28,2022-02-03,17208.30078125,1,F+1,2022-02-10,17200.0,EXECUTABLE,260.0,251.05,337.95,294.95,381.45,0.1,407.0,71.2,-34.05000000000001,-0.0019786962369405213,1.1063458930457575,8.30078125,0.04823707671965178,True,7285.0,1258073.0,50.0,50.0,-79.59999999999997,-3980.0,
C_20220128,DEVELOPMENT,2022-01-27,2022-01-28,2022-02-03,17208.30078125,2,F+2,2022-02-17,17200.0,EXECUTABLE,260.0,251.05,413.65,322.05,381.45,0.1,454.45,122.95,-82.64999999999998,-0.004802914654423906,1.240213924020398,8.30078125,0.04823707671965178,True,446.0,1242514.0,50.0,50.0,-132.49999999999994,-6624.999999999998,
C_20220128,DEVELOPMENT,2022-01-27,2022-01-28,2022-02-03,17208.30078125,3,F+3,2022-02-24,17200.0,EXECUTABLE,260.0,251.05,424.75,383.4,381.45,0.1,513.6,169.3,-32.400000000000034,-0.0018828122783222598,1.069715174952851,8.30078125,0.04823707671965178,True,47823.0,1338636.0,50.0,50.0,-69.44999999999999,-3472.500000000002,
C_20220128,DEVELOPMENT,2022-01-27,2022-01-28,2022-02-03,17208.30078125,4,F+4,2022-03-03,17200.0,NO_ENTRY_LEG,,,,,,,,,,,,,,,,,,,,,
C_20220128,DEVELOPMENT,2022-01-27,2022-01-28,2022-02-03,17208.30078125,3,F+3,2022-02-24,17200.0,ADAPTIVE_SELECTED,260.0,251.05,424.75,383.4,381.45,0.1,513.6,169.3,-32.400000000000034,,1.069715174952851,,,True,,,50.0,50.0,-69.44999999999999,-3472.500000000002,-0.0018828122783222598
C_20220204,DEVELOPMENT,2022-02-03,2022-02-04,2022-02-10,17590.19921875,1,F+1,2022-02-17,17600.0,EXECUTABLE,151.0,228.0,231.75,258.2,14.7,2.3,149.95,133.6,-50.55000000000001,-0.002873759379945909,1.3552562057237831,9.80078125,0.05571728397227593,True,9293.0,2479339.0,50.0,50.0,-46.599999999999994,-2330.0,
C_20220204,DEVELOPMENT,2022-02-03,2022-02-04,2022-02-10,17590.19921875,2,F+2,2022-02-24,17600.0,EXECUTABLE,151.0,228.0,274.9,322.0,14.7,2.3,221.15,202.85,-29.899999999999977,-0.0016998101970402096,1.2890707909999588,9.80078125,0.05571728397227593,True,46371.0,2563629.0,50.0,50.0,-23.999999999999943,-1199.9999999999982,
C_20220204,DEVELOPMENT,2022-02-03,2022-02-04,2022-02-10,17590.19921875,3,F+3,2022-03-03,17600.0,EXECUTABLE,151.0,228.0,341.0,384.45,14.7,2.3,290.8,250.55,-33.55000000000001,-0.0019073121107257222,1.3392831765341218,9.80078125,0.05571728397227593,True,1.0,2456694.0,50.0,50.0,-5.699999999999989,-284.9999999999991,
C_20220204,DEVELOPMENT,2022-02-03,2022-02-04,2022-02-10,17590.19921875,4,F+4,2022-03-10,17600.0,NO_ENTRY_LEG,,,,,,,,,,,,,,,,,,,,,
C_20220204,DEVELOPMENT,2022-02-03,2022-02-04,2022-02-10,17590.19921875,2,F+2,2022-02-24,17600.0,ADAPTIVE_SELECTED,151.0,228.0,274.9,322.0,14.7,2.3,221.15,202.85,-29.899999999999977,,1.2890707909999588,,,True,,,50.0,50.0,-23.999999999999943,-1199.9999999999982,-0.0016998101970402096
C_20220211,DEVELOPMENT,2022-02-10,2022-02-11,2022-02-17,17451.0,1,F+1,2022-02-24,17450.0,EXECUTABLE,124.1,143.9,213.2,180.0,0.2,129.9,130.55,288.15,-53.0,-0.003037075239241304,1.3734210761930343,1.0,0.005730330640077932,True,6311.0,813690.0,50.0,50.0,-80.89999999999996,-4044.999999999998,
C_20220211,DEVELOPMENT,2022-02-10,2022-02-11,2022-02-17,17451.0,2,F+2,2022-03-03,17450.0,EXECUTABLE,124.1,143.9,280.5,284.45,0.2,129.9,220.0,346.55,-15.850000000000023,-0.0009082574064523536,1.1434467381175402,1.0,0.005730330640077932,True,187.0,796997.0,50.0,50.0,-12.700000000000031,-635.0000000000009,
C_20220211,DEVELOPMENT,2022-02-10,2022-02-11,2022-02-17,17451.0,3,F+3,2022-03-10,17450.0,NO_ENTRY_LEG,,,,,,,,,,,,,,,,,,,,,
C_20220211,DEVELOPMENT,2022-02-10,2022-02-11,2022-02-17,17451.0,4,F+4,2022-03-17,17450.0,NO_ENTRY_LEG,,,,,,,,,,,,,,,,,,,,,
C_20220211,DEVELOPMENT,2022-02-10,2022-02-11,2022-02-17,17451.0,2,F+2,2022-03-03,17450.0,ADAPTIVE_SELECTED,124.1,143.9,280.5,284.45,0.2,129.9,220.0,346.55,-15.850000000000023,,1.1434467381175402,,,True,,,50.0,50.0,-12.700000000000031,-635.0000000000009,-0.0009082574064523536
C_20220218,DEVELOPMENT,2022-02-17,2022-02-18,2022-02-24,17236.05078125,1,F+1,2022-03-03,17250.0,EXECUTABLE,248.0,265.0,309.5,305.5,0.1,990.05,29.6,1008.5,-21.0,-0.001218376544982367,1.0825392006757826,13.94921875,0.08093048069442024,True,4872.0,761529.0,50.0,50.0,-9.950000000000045,-497.5,
C_20220218,DEVELOPMENT,2022-02-17,2022-02-18,2022-02-24,17236.05078125,2,F+2,2022-03-10,17250.0,EXECUTABLE,248.0,265.0,402.0,365.55,0.1,990.05,77.75,980.0,-53.44999999999999,-0.00310105839663369,1.1750962976690007,13.94921875,0.08093048069442024,True,209.0,748443.0,50.0,50.0,34.249999999999886,1712.4999999999964,
C_20220218,DEVELOPMENT,2022-02-17,2022-02-18,2022-02-24,17236.05078125,3,F+3,2022-03-17,17250.0,NO_ENTRY_LEG,,,,,,,,,,,,,,,,,,,,,
C_20220218,DEVELOPMENT,2022-02-17,2022-02-18,2022-02-24,17236.05078125,4,F+4,2022-03-24,17250.0,NO_ENTRY_LEG,,,,,,,,,,,,,,,,,,,,,
C_20220218,DEVELOPMENT,2022-02-17,2022-02-18,2022-02-24,17236.05078125,1,F+1,2022-03-03,17250.0,ADAPTIVE_SELECTED,248.0,265.0,309.5,305.5,0.1,990.05,29.6,1008.5,-21.0,,1.0825392006757826,,,True,,,50.0,50.0,-9.950000000000045,-497.5,-0.001218376544982367
C_20220225,DEVELOPMENT,2022-02-24,2022-02-25,2022-03-03,16515.650390625,1,F+1,2022-03-10,16500.0,EXECUTABLE,345.75,200.7,317.7,345.2,8.7,14.65,267.05,271.4,172.55,0.010447666057277823,0.5342341074242855,15.650390625,0.0947609706844112,True,12677.0,1675629.0,50.0,50.0,174.15000000000006,8707.500000000002,
C_20220225,DEVELOPMENT,2022-02-24,2022-02-25,2022-03-03,16515.650390625,2,F+2,2022-03-17,16500.0,EXECUTABLE,345.75,200.7,436.6,288.25,8.7,14.65,373.05,365.0,-3.3000000000000114,-0.00019981047805863188,0.8792241309570619,15.650390625,0.0947609706844112,True,238.0,1631631.0,50.0,50.0,10.700000000000017,535.0,
C_20220225,DEVELOPMENT,2022-02-24,2022-02-25,2022-03-03,16515.650390625,3,F+3,2022-03-24,16500.0,EXECUTABLE,345.75,200.7,504.4,421.15,8.7,14.65,431.5,424.05,61.80000000000007,0.0037419053163707337,0.6952219197358334,15.650390625,0.0947609706844112,True,402.0,1631663.0,50.0,50.0,75.20000000000002,3759.999999999999,
C_20220225,DEVELOPMENT,2022-02-24,2022-02-25,2022-03-03,16515.650390625,4,F+4,2022-03-31,16500.0,EXECUTABLE,345.75,200.7,514.55,579.95,8.7,14.65,486.05,486.5,210.45000000000005,0.012742459123466346,0.5150177693155161,15.650390625,0.0947609706844112,True,51977.0,1782097.0,50.0,50.0,215.95000000000013,10797.500000000004,
C_20220225,DEVELOPMENT,2022-02-24,2022-02-25,2022-03-03,16515.650390625,4,F+4,2022-03-31,16500.0,ADAPTIVE_SELECTED,345.75,200.7,514.55,579.95,8.7,14.65,486.05,486.5,210.45000000000005,,0.5150177693155161,,,True,,,50.0,50.0,215.95000000000013,10797.500000000004,0.012742459123466346
C_20220304,DEVELOPMENT,2022-03-03,2022-03-04,2022-03-10,16339.4501953125,1,F+1,2022-03-17,16350.0,EXECUTABLE,229.3,225.1,356.1,419.4,244.3,0.35,396.9,154.55,67.5,0.004131105954799174,0.83351800934236,10.5498046875,0.06456646069111036,True,697.0,502133.0,50.0,50.0,65.89999999999992,3294.9999999999964,
C_20220304,DEVELOPMENT,2022-03-03,2022-03-04,2022-03-10,16339.4501953125,2,F+2,2022-03-24,16350.0,EXECUTABLE,229.3,225.1,433.0,506.85,244.3,0.35,470.0,272.5,78.05000000000007,0.004776782515141864,0.8386483286261255,10.5498046875,0.06456646069111036,True,1.0,500461.0,50.0,50.0,31.600000000000023,1580.0000000000018,
C_20220304,DEVELOPMENT,2022-03-03,2022-03-04,2022-03-10,16339.4501953125,3,F+3,2022-03-31,16350.0,EXECUTABLE,229.3,225.1,465.35,500.0,244.3,0.35,550.85,282.55,38.85000000000002,0.002377680982873304,0.9136527256868731,10.5498046875,0.06456646069111036,True,1956.0,505491.0,50.0,50.0,63.19999999999999,3160.0,
C_20220304,DEVELOPMENT,2022-03-03,2022-03-04,2022-03-10,16339.4501953125,4,F+4,2022-04-07,16350.0,NO_ENTRY_LEG,,,,,,,,,,,,,,,,,,,,,
C_20220304,DEVELOPMENT,2022-03-03,2022-03-04,2022-03-10,16339.4501953125,2,F+2,2022-03-24,16350.0,ADAPTIVE_SELECTED,229.3,225.1,433.0,506.85,244.3,0.35,470.0,272.5,78.05000000000007,,0.8386483286261255,,,True,,,50.0,50.0,31.600000000000023,1580.0000000000018,0.004776782515141864
C_20220311,DEVELOPMENT,2022-03-10,2022-03-11,2022-03-17,16528.80078125,1,F+1,2022-03-24,16550.0,EXECUTABLE,225.0,254.15,290.95,355.95,738.25,0.1,780.3,35.05,35.849999999999966,0.002168941381438127,0.9232875091695152,21.19921875,0.12825624212282868,True,683.0,508372.0,50.0,50.0,42.94999999999999,2147.499999999998,
C_20220311,DEVELOPMENT,2022-03-10,2022-03-11,2022-03-17,16528.80078125,2,F+2,2022-03-31,16550.0,EXECUTABLE,225.0,254.15,365.45,408.65,738.25,0.1,858.55,88.3,14.050000000000011,0.0008500314200615268,1.0101457916989545,21.19921875,0.12825624212282868,True,1317.0,511588.0,50.0,50.0,46.14999999999998,2307.499999999998,
C_20220311,DEVELOPMENT,2022-03-10,2022-03-11,2022-03-17,16528.80078125,3,F+3,2022-04-07,16550.0,EXECUTABLE,225.0,254.15,464.6,400.0,738.25,0.1,689.6,120.0,-93.75,-0.005671917838488831,1.3119787777777778,21.19921875,0.12825624212282868,True,2.0,506810.0,50.0,50.0,-262.29999999999995,-13115.0,
C_20220311,DEVELOPMENT,2022-03-10,2022-03-11,2022-03-17,16528.80078125,4,F+4,2022-04-13,16550.0,NO_ENTRY_LEG,,,,,,,,,,,,,,,,,,,,,
C_20220311,DEVELOPMENT,2022-03-10,2022-03-11,2022-03-17,16528.80078125,1,F+1,2022-03-24,16550.0,ADAPTIVE_SELECTED,225.0,254.15,290.95,355.95,738.25,0.1,780.3,35.05,35.849999999999966,,0.9232875091695152,,,True,,,50.0,50.0,42.94999999999999,2147.499999999998,0.002168941381438127
C_20220321,DEVELOPMENT,2022-03-17,2022-03-21,2022-03-24,17329.5,1,F+1,2022-03-31,17350.0,EXECUTABLE,181.05,179.95,297.45,279.3,0.25,121.6,154.05,260.55,-17.049999999999955,-0.0009838714331053956,1.0585133979462797,20.5,0.11829539225020919,True,3603.0,506452.0,50.0,50.0,-2.19999999999996,-109.99999999999909,
C_20220321,DEVELOPMENT,2022-03-17,2022-03-21,2022-03-24,17329.5,2,F+2,2022-04-07,17350.0,EXECUTABLE,181.05,179.95,382.7,370.9,0.25,121.6,272.0,366.05,-10.699999999999989,-0.0006174442424767009,1.0255455411272236,20.5,0.11829539225020919,True,59.0,496552.0,50.0,50.0,16.599999999999994,829.9999999999992,
C_20220321,DEVELOPMENT,2022-03-17,2022-03-21,2022-03-24,17329.5,3,F+3,2022-04-13,17350.0,NO_ENTRY_LEG,,,,,,,,,,,,,,,,,,,,,
C_20220321,DEVELOPMENT,2022-03-17,2022-03-21,2022-03-24,17329.5,4,F+4,2022-04-21,17350.0,NO_ENTRY_LEG,,,,,,,,,,,,,,,,,,,,,
C_20220321,DEVELOPMENT,2022-03-17,2022-03-21,2022-03-24,17329.5,2,F+2,2022-04-07,17350.0,ADAPTIVE_SELECTED,181.05,179.95,382.7,370.9,0.25,121.6,272.0,366.05,-10.699999999999989,,1.0255455411272236,,,True,,,50.0,50.0,16.599999999999994,829.9999999999992,-0.0006174442424767009
C_20220325,DEVELOPMENT,2022-03-24,2022-03-25,2022-03-31,17289.0,1,F+1,2022-04-07,17300.0,EXECUTABLE,180.0,206.0,308.25,304.85,168.35,0.15,301.8,98.1,-29.399999999999977,-0.0017005032101336096,1.1572084631786124,11.0,0.0636242697669038,True,12891.0,1280105.0,50.0,50.0,6.100000000000051,305.0000000000018,
C_20220325,DEVELOPMENT,2022-03-24,2022-03-25,2022-03-31,17289.0,2,F+2,2022-04-13,17300.0,EXECUTABLE,180.0,206.0,387.4,382.45,168.35,0.15,383.05,164.75,-30.94999999999999,-0.001790155590259702,1.1592568382214086,11.0,0.0636242697669038,True,480.0,1246400.0,50.0,50.0,19.150000000000034,957.5000000000018,
C_20220325,DEVELOPMENT,2022-03-24,2022-03-25,2022-03-31,17289.0,3,F+3,2022-04-21,17300.0,EXECUTABLE,180.0,206.0,437.05,454.35,168.35,0.15,457.25,229.2,-8.699999999999989,-0.0005032101336109659,1.1008681510827432,11.0,0.0636242697669038,True,3.0,1245165.0,50.0,50.0,51.150000000000034,2557.500000000002,
C_20220325,DEVELOPMENT,2022-03-24,2022-03-25,2022-03-31,17289.0,4,F+4,2022-04-28,17300.0,EXECUTABLE,180.0,206.0,512.0,475.05,168.35,0.15,522.7,282.8,-62.94999999999999,-0.0036410434380241764,1.233460805295349,11.0,0.0636242697669038,True,2719.0,1252865.0,50.0,50.0,8.750000000000057,437.5000000000018,
C_20220325,DEVELOPMENT,2022-03-24,2022-03-25,2022-03-31,17289.0,3,F+3,2022-04-21,17300.0,ADAPTIVE_SELECTED,180.0,206.0,437.05,454.35,168.35,0.15,457.25,229.2,-8.699999999999989,,1.1008681510827432,,,True,,,50.0,50.0,51.150000000000034,2557.500000000002,-0.0005032101336109659
C_20220401,DEVELOPMENT,2022-03-31,2022-04-01,2022-04-07,17436.900390625,1,F+1,2022-04-13,17450.0,EXECUTABLE,188.85,170.6,252.05,234.4,193.4,0.1,309.4,68.0,0.5999999999999943,3.440978537232374e-05,0.971384416727435,13.099609375,0.07512579117583905,True,594.0,456430.0,50.0,50.0,48.69999999999996,2434.999999999998,
C_20220401,DEVELOPMENT,2022-03-31,2022-04-01,2022-04-07,17436.900390625,2,F+2,2022-04-21,17450.0,EXECUTABLE,188.85,170.6,368.45,311.4,193.4,0.1,407.25,137.35,-38.80000000000001,-0.002225166120743624,1.068862868570867,13.099609375,0.07512579117583905,True,8.0,454355.0,50.0,50.0,37.79999999999998,1890.0,
C_20220401,DEVELOPMENT,2022-03-31,2022-04-01,2022-04-07,17436.900390625,3,F+3,2022-04-28,17450.0,EXECUTABLE,188.85,170.6,376.05,351.0,193.4,0.1,473.6,194.65,-6.800000000000011,-0.00038997756755300677,0.9678331964273187,13.099609375,0.07512579117583905,True,1294.0,457555.0,50.0,50.0,78.85,3942.500000000001,
C_20220401,DEVELOPMENT,2022-03-31,2022-04-01,2022-04-07,17436.900390625,4,F+4,2022-05-05,17450.0,NO_ENTRY_LEG,,,,,,,,,,,,,,,,,,,,,
C_20220401,DEVELOPMENT,2022-03-31,2022-04-01,2022-04-07,17436.900390625,1,F+1,2022-04-13,17450.0,ADAPTIVE_SELECTED,188.85,170.6,252.05,234.4,193.4,0.1,309.4,68.0,0.5999999999999943,,0.971384416727435,,,True,,,50.0,50.0,48.69999999999996,2434.999999999998,3.440978537232374e-05
C_20220408,DEVELOPMENT,2022-04-07,2022-04-08,2022-04-13,17698.150390625,1,F+1,2022-04-21,17700.0,EXECUTABLE,152.0,149.9,260.5,200.05,0.15,218.85,58.75,257.65,-58.349999999999994,-0.003296954693689853,1.2841838882384666,1.849609375,0.010450862571377902,True,16707.0,3195721.0,50.0,50.0,-38.54999999999998,-1927.4999999999982,
C_20220408,DEVELOPMENT,2022-04-07,2022-04-08,2022-04-13,17698.150390625,2,F+2,2022-04-28,17700.0,EXECUTABLE,152.0,149.9,322.35,281.05,0.15,218.85,136.85,314.85,-39.200000000000045,-0.00221492071966825,1.131102936357082,1.849609375,0.010450862571377902,True,60374.0,3287001.0,50.0,50.0,1.4999999999999432,74.99999999999773,
C_20220408,DEVELOPMENT,2022-04-07,2022-04-08,2022-04-13,17698.150390625,3,F+3,2022-05-05,17700.0,EXECUTABLE,152.0,149.9,387.75,329.9,0.15,218.85,203.55,361.35,-55.75,-0.0031500466867730816,1.1591176951548319,1.849609375,0.010450862571377902,True,30.0,3161917.0,50.0,50.0,5.149999999999949,257.4999999999977,
C_20220408,DEVELOPMENT,2022-04-07,2022-04-08,2022-04-13,17698.150390625,4,F+4,2022-05-12,17700.0,EXECUTABLE,152.0,149.9,539.1,300.0,0.15,218.85,275.0,396.1,-237.0,-0.013391229861259558,1.7721730263157895,1.849609375,0.010450862571377902,True,2.0,3161836.0,50.0,50.0,-139.40000000000006,-6970.000000000003,
C_20220408,DEVELOPMENT,2022-04-07,2022-04-08,2022-04-13,17698.150390625,2,F+2,2022-04-28,17700.0,ADAPTIVE_SELECTED,152.0,149.9,322.35,281.05,0.15,218.85,136.85,314.85,-39.200000000000045,,1.131102936357082,,,True,,,50.0,50.0,1.4999999999999432,74.99999999999773,-0.00221492071966825
C_20220418,DEVELOPMENT,2022-04-13,2022-04-18,2022-04-21,17183.44921875,1,F+1,2022-04-28,17200.0,EXECUTABLE,150.0,101.25,256.85,253.35,191.0,0.15,288.45,78.2,45.25,0.0026333479049494165,0.6843250444049734,16.55078125,0.09631815498334494,True,142934.0,3597336.0,50.0,50.0,64.64999999999995,3232.4999999999964,
C_20220418,DEVELOPMENT,2022-04-13,2022-04-18,2022-04-21,17183.44921875,2,F+2,2022-05-05,17200.0,EXECUTABLE,150.0,101.25,334.25,192.05,191.0,0.15,355.05,131.2,-93.44999999999999,-0.005438372634641391,1.174791720906014,16.55078125,0.09631815498334494,True,2562.0,3310431.0,50.0,50.0,-60.44999999999996,-3022.499999999999,
C_20220418,DEVELOPMENT,2022-04-13,2022-04-18,2022-04-21,17183.44921875,3,F+3,2022-05-12,17200.0,EXECUTABLE,150.0,101.25,425.0,289.0,191.0,0.15,415.2,183.65,-87.25,-0.005077560325012964,0.9926470588235294,16.55078125,0.09631815498334494,True,70.0,3304843.0,50.0,50.0,-46.55000000000001,-2327.500000000001,
C_20220418,DEVELOPMENT,2022-04-13,2022-04-18,2022-04-21,17183.44921875,4,F+4,2022-05-19,17200.0,NO_ENTRY_LEG,,,,,,,,,,,,,,,,,,,,,
C_20220418,DEVELOPMENT,2022-04-13,2022-04-18,2022-04-21,17183.44921875,1,F+1,2022-04-28,17200.0,ADAPTIVE_SELECTED,150.0,101.25,256.85,253.35,191.0,0.15,288.45,78.2,45.25,,0.6843250444049734,,,True,,,50.0,50.0,64.64999999999995,3232.4999999999964,0.0026333479049494165
C_20220422,DEVELOPMENT,2022-04-21,2022-04-22,2022-04-28,17242.75,1,F+1,2022-05-05,17250.0,EXECUTABLE,174.95,136.0,223.15,222.8,7.7,5.65,159.75,157.6,38.599999999999994,0.0022386220295486504,0.7785861361774049,7.25,0.04204665729074539,True,11929.0,1413616.0,50.0,50.0,38.70000000000002,1935.0000000000005,
C_20220422,DEVELOPMENT,2022-04-21,2022-04-22,2022-04-28,17242.75,2,F+2,2022-05-12,17250.0,EXECUTABLE,174.95,136.0,287.35,286.6,7.7,5.65,236.85,231.9,38.19999999999999,0.0022154238738020323,0.7793992381832952,7.25,0.04204665729074539,True,141.0,1389856.0,50.0,50.0,41.099999999999994,2054.9999999999995,
C_20220422,DEVELOPMENT,2022-04-21,2022-04-22,2022-04-28,17242.75,3,F+3,2022-05-19,17250.0,NO_ENTRY_LEG,,,,,,,,,,,,,,,,,,,,,
C_20220422,DEVELOPMENT,2022-04-21,2022-04-22,2022-04-28,17242.75,4,F+4,2022-05-26,17250.0,EXECUTABLE,174.95,136.0,392.45,359.95,7.7,5.65,353.35,350.3,6.449999999999989,0.00037407026141421693,0.8475534910635275,7.25,0.04204665729074539,True,793.0,1391231.0,50.0,50.0,7.450000000000017,372.5000000000007,
C_20220422,DEVELOPMENT,2022-04-21,2022-04-22,2022-04-28,17242.75,1,F+1,2022-05-05,17250.0,ADAPTIVE_SELECTED,174.95,136.0,223.15,222.8,7.7,5.65,159.75,157.6,38.599999999999994,,0.7785861361774049,,,True,,,50.0,50.0,38.70000000000002,1935.0000000000005,0.0022386220295486504
C_20220429,DEVELOPMENT,2022-04-28,2022-04-29,2022-05-05,17329.25,1,F+1,2022-05-12,17350.0,EXECUTABLE,130.0,172.15,210.55,229.95,0.1,665.3,11.1,684.45,-22.75000000000003,-0.001312809267567842,1.2125104955926875,20.75,0.11973974638256127,True,4188.0,1852456.0,50.0,50.0,-30.900000000000148,-1545.0000000000036,
C_20220429,DEVELOPMENT,2022-04-28,2022-04-29,2022-05-05,17329.25,2,F+2,2022-05-19,17350.0,EXECUTABLE,130.0,172.15,280.25,289.6,0.1,665.3,39.35,494.9,-32.79999999999998,-0.001892753581372534,1.281476771674458,20.75,0.11973974638256127,True,23.0,1840256.0,50.0,50.0,176.85000000000002,8842.500000000002,
C_20220429,DEVELOPMENT,2022-04-28,2022-04-29,2022-05-05,17329.25,3,F+3,2022-05-26,17350.0,EXECUTABLE,130.0,172.15,331.35,359.45,0.1,665.3,70.3,725.6,-14.050000000000068,-0.0008107679212891538,1.2207090426613312,20.75,0.11973974638256127,True,5877.0,1854501.0,50.0,50.0,-4.150000000000091,-207.5,
C_20220429,DEVELOPMENT,2022-04-28,2022-04-29,2022-05-05,17329.25,4,F+4,2022-06-02,17350.0,NO_ENTRY_LEG,,,,,,,,,,,,,,,,,,,,,
C_20220429,DEVELOPMENT,2022-04-28,2022-04-29,2022-05-05,17329.25,3,F+3,2022-05-26,17350.0,ADAPTIVE_SELECTED,130.0,172.15,331.35,359.45,0.1,665.3,70.3,725.6,-14.050000000000068,,1.2207090426613312,,,True,,,50.0,50.0,-4.150000000000091,-207.5,-0.0008107679212891538
C_20220506,DEVELOPMENT,2022-05-05,2022-05-06,2022-05-12,16415.55078125,1,F+1,2022-05-19,16400.0,EXECUTABLE,202.0,137.65,280.05,239.6,0.15,604.35,23.4,604.4,23.899999999999977,0.0014559365274114827,0.7964776793831304,15.55078125,0.09473201025799421,True,18162.0,3443493.0,50.0,50.0,47.10000000000008,2355.0000000000036,
C_20220506,DEVELOPMENT,2022-05-05,2022-05-06,2022-05-12,16415.55078125,2,F+2,2022-05-26,16400.0,EXECUTABLE,202.0,137.65,340.0,298.0,0.15,604.35,67.5,656.7,22.350000000000023,0.0013615138655919123,0.7774769087647019,15.55078125,0.09473201025799421,True,95786.0,3612255.0,50.0,50.0,37.35000000000002,1867.4999999999964,
C_20220506,DEVELOPMENT,2022-05-05,2022-05-06,2022-05-12,16415.55078125,3,F+3,2022-06-02,16400.0,EXECUTABLE,202.0,137.65,394.25,323.6,0.15,604.35,117.9,700.3,-6.2999999999999545,-0.00038378243191181105,0.8302101436194299,15.55078125,0.09473201025799421,True,70.0,3404306.0,50.0,50.0,15.500000000000114,775.0000000000036,
C_20220506,DEVELOPMENT,2022-05-05,2022-05-06,2022-05-12,16415.55078125,4,F+4,2022-06-09,16400.0,NO_ENTRY_LEG,,,,,,,,,,,,,,,,,,,,,
C_20220506,DEVELOPMENT,2022-05-05,2022-05-06,2022-05-12,16415.55078125,1,F+1,2022-05-19,16400.0,ADAPTIVE_SELECTED,202.0,137.65,280.05,239.6,0.15,604.35,23.4,604.4,23.899999999999977,,0.7964776793831304,,,True,,,50.0,50.0,47.10000000000008,2355.0000000000036,0.0014559365274114827
C_20220513,DEVELOPMENT,2022-05-12,2022-05-13,2022-05-19,15977.0,1,F+1,2022-05-26,16000.0,EXECUTABLE,159.0,199.0,223.75,300.1,0.2,196.25,103.7,333.05,36.35000000000002,0.002275145521687427,0.9331533094838407,23.0,0.14395693809851662,True,225252.0,4769962.0,50.0,50.0,3.0500000000000256,152.50000000000136,
C_20220513,DEVELOPMENT,2022-05-12,2022-05-13,2022-05-19,15977.0,2,F+2,2022-06-02,16000.0,EXECUTABLE,159.0,199.0,313.0,334.15,0.2,196.25,178.1,401.1,-18.850000000000023,-0.0011798209926769745,1.1723541474331287,23.0,0.14395693809851662,True,1801.0,4279697.0,50.0,50.0,-45.80000000000004,-2290.0000000000014,
C_20220513,DEVELOPMENT,2022-05-12,2022-05-13,2022-05-19,15977.0,3,F+3,2022-06-09,16000.0,EXECUTABLE,159.0,199.0,363.7,399.0,0.2,196.25,245.65,466.5,-4.699999999999989,-0.0002941728735056637,1.140844248987248,23.0,0.14395693809851662,True,60.0,4274321.0,50.0,50.0,-29.49999999999997,-1474.9999999999982,
C_20220513,DEVELOPMENT,2022-05-12,2022-05-13,2022-05-19,15977.0,4,F+4,2022-06-16,16000.0,EXECUTABLE,159.0,199.0,387.6,400.0,0.2,196.25,293.25,488.55,-27.600000000000023,-0.0017274832571822008,1.2127735849056607,23.0,0.14395693809851662,True,17.0,4274234.0,50.0,50.0,-26.850000000000023,-1342.500000000001,
C_20220513,DEVELOPMENT,2022-05-12,2022-05-13,2022-05-19,15977.0,1,F+1,2022-05-26,16000.0,ADAPTIVE_SELECTED,159.0,199.0,223.75,300.1,0.2,196.25,103.7,333.05,36.35000000000002,,0.9331533094838407,,,True,,,50.0,50.0,3.0500000000000256,152.50000000000136,0.002275145521687427
C_20220520,DEVELOPMENT,2022-05-19,2022-05-20,2022-05-26,16043.7998046875,1,F+1,2022-06-02,16050.0,EXECUTABLE,153.0,200.25,223.55,284.95,104.15,0.4,260.3,136.6,14.149999999999977,0.000881960643504526,1.026802947885594,6.2001953125,0.03864542931212901,True,2152.0,436180.0,50.0,50.0,34.099999999999994,1705.0,
C_20220520,DEVELOPMENT,2022-05-19,2022-05-20,2022-05-26,16043.7998046875,2,F+2,2022-06-09,16050.0,EXECUTABLE,153.0,200.25,300.0,419.45,104.15,0.4,340.15,219.75,72.19999999999999,0.004500180809966564,0.9360997945488839,6.2001953125,0.03864542931212901,True,29.0,431706.0,50.0,50.0,88.84999999999997,4442.499999999999,
C_20220520,DEVELOPMENT,2022-05-19,2022-05-20,2022-05-26,16043.7998046875,3,F+3,2022-06-16,16050.0,NO_ENTRY_LEG,,,,,,,,,,,,,,,,,,,,,
C_20220520,DEVELOPMENT,2022-05-19,2022-05-20,2022-05-26,16043.7998046875,4,F+4,2022-06-23,16050.0,NO_ENTRY_LEG,,,,,,,,,,,,,,,,,,,,,
C_20220520,DEVELOPMENT,2022-05-19,2022-05-20,2022-05-26,16043.7998046875,2,F+2,2022-06-09,16050.0,ADAPTIVE_SELECTED,153.0,200.25,300.0,419.45,104.15,0.4,340.15,219.75,72.19999999999999,,0.9360997945488839,,,True,,,50.0,50.0,88.84999999999997,4442.499999999999,0.004500180809966564
C_20220527,DEVELOPMENT,2022-05-26,2022-05-27,2022-06-02,16296.599609375,1,F+1,2022-06-09,16300.0,EXECUTABLE,155.45,200.0,241.3,263.9,318.45,0.15,383.7,64.65,-21.950000000000045,-0.0013469067490234463,1.1764059190329974,3.400390625,0.020865645021086766,True,18911.0,3623876.0,50.0,50.0,-21.200000000000074,-1060.0000000000018,
C_20220527,DEVELOPMENT,2022-05-26,2022-05-27,2022-06-02,16296.599609375,2,F+2,2022-06-16,16300.0,EXECUTABLE,155.45,200.0,304.95,325.0,318.45,0.15,442.95,125.75,-24.5,-0.0015033811093883537,1.2072147858574362,3.400390625,0.020865645021086766,True,508.0,3581877.0,50.0,50.0,-25.600000000000023,-1280.0,
C_20220527,DEVELOPMENT,2022-05-26,2022-05-27,2022-06-02,16296.599609375,3,F+3,2022-06-23,16300.0,EXECUTABLE,155.45,200.0,357.05,385.0,318.45,0.15,498.8,177.2,-16.600000000000023,-0.001018617404728437,1.1931844289515567,3.400390625,0.020865645021086766,True,44.0,3580399.0,50.0,50.0,-13.300000000000011,-665.0,
C_20220527,DEVELOPMENT,2022-05-26,2022-05-27,2022-06-02,16296.599609375,4,F+4,2022-06-30,16300.0,EXECUTABLE,155.45,200.0,382.75,414.55,318.45,0.15,533.15,214.4,-12.75,-0.0007823718018245514,1.187893618268485,3.400390625,0.020865645021086766,True,47159.0,3680394.0,50.0,50.0,-12.30000000000004,-615.0,
C_20220527,DEVELOPMENT,2022-05-26,2022-05-27,2022-06-02,16296.599609375,4,F+4,2022-06-30,16300.0,ADAPTIVE_SELECTED,155.45,200.0,382.75,414.55,318.45,0.15,533.15,214.4,-12.75,,1.187893618268485,,,True,,,50.0,50.0,-12.30000000000004,-615.0,-0.0007823718018245514
C_20220603,DEVELOPMENT,2022-06-02,2022-06-03,2022-06-09,16761.650390625,1,F+1,2022-06-16,16750.0,EXECUTABLE,160.0,162.3,250.7,233.95,0.1,280.15,47.35,323.0,-19.05000000000001,-0.0011365229291892948,1.0870006945928619,11.650390625,0.0695062261381863,True,3728.0,1222720.0,50.0,50.0,-14.650000000000006,-732.5000000000027,
C_20220603,DEVELOPMENT,2022-06-02,2022-06-03,2022-06-09,16761.650390625,2,F+2,2022-06-23,16750.0,EXECUTABLE,160.0,162.3,295.0,288.85,0.1,280.15,103.05,387.85,-8.449999999999989,-0.0005041269685905261,1.0359723905141076,11.650390625,0.0695062261381863,True,58.0,1214975.0,50.0,50.0,-13.199999999999989,-660.0000000000018,
C_20220603,DEVELOPMENT,2022-06-02,2022-06-03,2022-06-09,16761.650390625,3,F+3,2022-06-30,16750.0,EXECUTABLE,160.0,162.3,340.6,311.95,0.1,280.15,152.1,421.75,-30.950000000000045,-0.0018464768849558374,1.1075368648821928,11.650390625,0.0695062261381863,True,3934.0,1223395.0,50.0,50.0,-20.55000000000004,-1027.5000000000045,
C_20220603,DEVELOPMENT,2022-06-02,2022-06-03,2022-06-09,16761.650390625,4,F+4,2022-07-07,16750.0,NO_ENTRY_LEG,,,,,,,,,,,,,,,,,,,,,
C_20220603,DEVELOPMENT,2022-06-02,2022-06-03,2022-06-09,16761.650390625,2,F+2,2022-06-23,16750.0,ADAPTIVE_SELECTED,160.0,162.3,295.0,288.85,0.1,280.15,103.05,387.85,-8.449999999999989,,1.0359723905141076,,,True,,,50.0,50.0,-13.199999999999989,-660.0000000000018,-0.0005041269685905261
C_20220610,DEVELOPMENT,2022-06-09,2022-06-10,2022-06-16,16283.9501953125,1,F+1,2022-06-23,16300.0,EXECUTABLE,193.9,140.05,223.5,198.95,0.1,933.05,5.7,953.1,29.299999999999983,0.0017993177115239694,0.8114072578821174,16.0498046875,0.09856210867139657,True,11494.0,2934229.0,50.0,50.0,14.849999999999909,742.4999999999927,
C_20220610,DEVELOPMENT,2022-06-09,2022-06-10,2022-06-16,16283.9501953125,2,F+2,2022-06-30,16300.0,EXECUTABLE,193.9,140.05,275.25,280.0,0.1,933.05,21.0,964.55,58.60000000000002,0.0035986354230479424,0.7100265692919767,16.0498046875,0.09856210867139657,True,91068.0,3089779.0,50.0,50.0,48.0,2400.0,
C_20220610,DEVELOPMENT,2022-06-09,2022-06-10,2022-06-16,16283.9501953125,3,F+3,2022-07-07,16300.0,EXECUTABLE,193.9,140.05,324.0,328.35,0.1,933.05,46.8,980.0,58.200000000000045,0.0035740713587267972,0.7127107241397103,16.0498046875,0.09856210867139657,True,59.0,2902888.0,50.0,50.0,57.94999999999993,2897.5,
C_20220610,DEVELOPMENT,2022-06-09,2022-06-10,2022-06-16,16283.9501953125,4,F+4,2022-07-14,16300.0,NO_ENTRY_LEG,,,,,,,,,,,,,,,,,,,,,
C_20220610,DEVELOPMENT,2022-06-09,2022-06-10,2022-06-16,16283.9501953125,2,F+2,2022-06-30,16300.0,ADAPTIVE_SELECTED,193.9,140.05,275.25,280.0,0.1,933.05,21.0,964.55,58.60000000000002,,0.7100265692919767,,,True,,,50.0,50.0,48.0,2400.0,0.0035986354230479424
C_20220617,DEVELOPMENT,2022-06-16,2022-06-17,2022-06-23,15272.650390625,1,F+1,2022-06-30,15250.0,EXECUTABLE,247.95,180.1,325.6,256.45,306.45,0.15,391.05,68.65,-1.3000000000000682,-8.511947610599817e-05,0.9222131126239257,22.650390625,0.14830687566123932,True,6044.0,1181974.0,50.0,50.0,14.799999999999983,740.0,
C_20220617,DEVELOPMENT,2022-06-16,2022-06-17,2022-06-23,15272.650390625,2,F+2,2022-07-07,15250.0,EXECUTABLE,247.95,180.1,350.0,322.55,306.45,0.15,445.55,126.5,40.39999999999998,0.0026452514112939563,0.7881712666716243,22.650390625,0.14830687566123932,True,39.0,1164112.0,50.0,50.0,53.150000000000034,2657.500000000001,
C_20220617,DEVELOPMENT,2022-06-16,2022-06-17,2022-06-23,15272.650390625,3,F+3,2022-07-14,15250.0,NO_ENTRY_LEG,,,,,,,,,,,,,,,,,,,,,
C_20220617,DEVELOPMENT,2022-06-16,2022-06-17,2022-06-23,15272.650390625,4,F+4,2022-07-21,15250.0,NO_ENTRY_LEG,,,,,,,,,,,,,,,,,,,,,
C_20220617,DEVELOPMENT,2022-06-16,2022-06-17,2022-06-23,15272.650390625,2,F+2,2022-07-07,15250.0,ADAPTIVE_SELECTED,247.95,180.1,350.0,322.55,306.45,0.15,445.55,126.5,40.39999999999998,,0.7881712666716243,,,True,,,50.0,50.0,53.150000000000034,2657.500000000001,0.0026452514112939563
C_20220624,DEVELOPMENT,2022-06-23,2022-06-24,2022-06-30,15657.400390625,1,F+1,2022-07-07,15650.0,EXECUTABLE,177.5,189.0,264.45,226.95,136.9,0.2,228.05,146.85,-49.0,-0.0031295105686470893,1.2407287080048035,7.400390625,0.04726449116949865,True,13373.0,1277920.0,50.0,50.0,-104.5,-5224.999999999998,
C_20220624,DEVELOPMENT,2022-06-23,2022-06-24,2022-06-30,15657.400390625,2,F+2,2022-07-14,15650.0,EXECUTABLE,177.5,189.0,320.2,284.75,136.9,0.2,349.55,224.35,-46.94999999999999,-0.002998582065264914,1.1973497879286255,7.400390625,0.04726449116949865,True,142.0,1247529.0,50.0,50.0,-58.44999999999999,-2922.4999999999986,
C_20220624,DEVELOPMENT,2022-06-23,2022-06-24,2022-06-30,15657.400390625,3,F+3,2022-07-21,15650.0,NO_ENTRY_LEG,,,,,,,,,,,,,,,,,,,,,
C_20220624,DEVELOPMENT,2022-06-23,2022-06-24,2022-06-30,15657.400390625,4,F+4,2022-07-28,15650.0,EXECUTABLE,177.5,189.0,439.85,420.0,136.9,0.2,428.25,341.0,-31.350000000000023,-0.002002248088307884,1.1151126760563381,7.400390625,0.04726449116949865,True,592.0,1248485.0,50.0,50.0,-80.80000000000004,-4040.000000000001,
C_20220624,DEVELOPMENT,2022-06-23,2022-06-24,2022-06-30,15657.400390625,4,F+4,2022-07-28,15650.0,ADAPTIVE_SELECTED,177.5,189.0,439.85,420.0,136.9,0.2,428.25,341.0,-31.350000000000023,,1.1151126760563381,,,True,,,50.0,50.0,-80.80000000000004,-4040.000000000001,-0.002002248088307884
C_20220701,DEVELOPMENT,2022-06-30,2022-07-01,2022-07-07,15703.7001953125,1,F+1,2022-07-14,15700.0,EXECUTABLE,148.0,169.9,242.8,261.55,432.05,0.1,474.85,33.6,-3.1500000000000057,-0.0002005896674555892,1.0656770706856733,3.7001953125,0.023562569754130274,True,15082.0,3705979.0,50.0,50.0,6.150000000000006,307.5,
C_20220701,DEVELOPMENT,2022-06-30,2022-07-01,2022-07-07,15703.7001953125,2,F+2,2022-07-21,15700.0,EXECUTABLE,148.0,169.9,292.2,336.3,432.05,0.1,524.25,85.8,22.19999999999999,0.0014136795611155778,0.9974359283458302,3.7001953125,0.023562569754130274,True,757.0,3671302.0,50.0,50.0,28.69999999999999,1435.0,
C_20220701,DEVELOPMENT,2022-06-30,2022-07-01,2022-07-07,15703.7001953125,3,F+3,2022-07-28,15700.0,EXECUTABLE,148.0,169.9,370.05,389.35,432.05,0.1,575.4,130.35,-2.599999999999966,-0.00016556607472524576,1.0910681871032455,3.7001953125,0.023562569754130274,True,61101.0,3806420.0,50.0,50.0,10.499999999999943,524.9999999999982,
C_20220701,DEVELOPMENT,2022-06-30,2022-07-01,2022-07-07,15703.7001953125,4,F+4,2022-08-04,15700.0,EXECUTABLE,148.0,169.9,392.15,428.3,432.05,0.1,584.35,168.0,14.25,0.0009074294480133781,1.0510800872083852,3.7001953125,0.023562569754130274,True,3.0,3669370.0,50.0,50.0,-1.349999999999966,-67.49999999999818,
C_20220701,DEVELOPMENT,2022-06-30,2022-07-01,2022-07-07,15703.7001953125,2,F+2,2022-07-21,15700.0,ADAPTIVE_SELECTED,148.0,169.9,292.2,336.3,432.05,0.1,524.25,85.8,22.19999999999999,,0.9974359283458302,,,True,,,50.0,50.0,28.69999999999999,1435.0,0.0014136795611155778
C_20220708,DEVELOPMENT,2022-07-07,2022-07-08,2022-07-14,16273.650390625,1,F+1,2022-07-21,16250.0,EXECUTABLE,149.15,159.95,201.55,236.8,0.1,321.5,32.3,357.45,24.450000000000017,0.0015024287368300162,0.9127715415507696,23.650390625,0.14532935178836476,True,2260.0,1022299.0,50.0,50.0,20.700000000000045,1035.0000000000027,
C_20220708,DEVELOPMENT,2022-07-07,2022-07-08,2022-07-14,16273.650390625,2,F+2,2022-07-28,16250.0,EXECUTABLE,149.15,159.95,253.25,295.25,0.1,321.5,82.7,401.2,31.200000000000045,0.0019172096764456662,0.9198574592745853,23.650390625,0.14532935178836476,True,4097.0,1024882.0,50.0,50.0,34.10000000000002,1705.0000000000027,
C_20220708,DEVELOPMENT,2022-07-07,2022-07-08,2022-07-14,16273.650390625,3,F+3,2022-08-04,16250.0,EXECUTABLE,149.15,159.95,284.75,353.05,0.1,321.5,128.05,460.0,57.5,0.0035333191152444117,0.8649450222174343,23.650390625,0.14532935178836476,True,6.0,1016172.0,50.0,50.0,46.950000000000045,2347.5000000000036,
C_20220708,DEVELOPMENT,2022-07-07,2022-07-08,2022-07-14,16273.650390625,4,F+4,2022-08-11,16250.0,NO_ENTRY_LEG,,,,,,,,,,,,,,,,,,,,,
C_20220708,DEVELOPMENT,2022-07-07,2022-07-08,2022-07-14,16273.650390625,3,F+3,2022-08-04,16250.0,ADAPTIVE_SELECTED,149.15,159.95,284.75,353.05,0.1,321.5,128.05,460.0,57.5,,0.8649450222174343,,,True,,,50.0,50.0,46.950000000000045,2347.5000000000036,0.0035333191152444117
C_20220715,DEVELOPMENT,2022-07-14,2022-07-15,2022-07-21,16010.7998046875,1,F+1,2022-07-28,16000.0,EXECUTABLE,120.0,155.0,194.55,201.25,595.6,0.1,610.2,15.55,-28.30000000000001,-0.001767556920655181,1.248664596273292,10.7998046875,0.0674532491770844,True,141081.0,4874326.0,50.0,50.0,-29.149999999999977,-1457.5,
C_20220715,DEVELOPMENT,2022-07-14,2022-07-15,2022-07-21,16010.7998046875,2,F+2,2022-08-04,16000.0,EXECUTABLE,120.0,155.0,249.0,253.25,595.6,0.1,639.7,44.95,-30.75,-0.001920578632867378,1.2699901283316881,10.7998046875,0.0674532491770844,True,3183.0,4586331.0,50.0,50.0,-31.499999999999943,-1574.9999999999964,
C_20220715,DEVELOPMENT,2022-07-14,2022-07-15,2022-07-21,16010.7998046875,3,F+3,2022-08-11,16000.0,EXECUTABLE,120.0,155.0,306.3,289.8,595.6,0.1,668.2,78.95,-51.5,-0.0032165788485421128,1.3652087646652864,10.7998046875,0.0674532491770844,True,199.0,4579965.0,50.0,50.0,-57.74999999999994,-2887.499999999998,
C_20220715,DEVELOPMENT,2022-07-14,2022-07-15,2022-07-21,16010.7998046875,4,F+4,2022-08-18,16000.0,EXECUTABLE,120.0,155.0,348.15,322.7,595.6,0.1,618.0,110.6,-60.44999999999999,-0.0037755765319295274,1.3935350170436935,10.7998046875,0.0674532491770844,True,23.0,4579583.0,50.0,50.0,-148.54999999999998,-7427.5,
C_20220715,DEVELOPMENT,2022-07-14,2022-07-15,2022-07-21,16010.7998046875,1,F+1,2022-07-28,16000.0,ADAPTIVE_SELECTED,120.0,155.0,194.55,201.25,595.6,0.1,610.2,15.55,-28.30000000000001,,1.248664596273292,,,True,,,50.0,50.0,-29.149999999999977,-1457.5,-0.001767556920655181
C_20220722,DEVELOPMENT,2022-07-21,2022-07-22,2022-07-28,16661.25,1,F+1,2022-08-04,16650.0,EXECUTABLE,124.95,123.0,200.0,195.0,274.6,0.1,334.7,50.4,-3.0500000000000114,-0.00018305949433565976,1.009634623080001,11.25,0.0675219446320054,True,17649.0,1622623.0,50.0,50.0,6.749999999999915,337.49999999999727,
C_20220722,DEVELOPMENT,2022-07-21,2022-07-22,2022-07-28,16661.25,2,F+2,2022-08-11,16650.0,EXECUTABLE,124.95,123.0,262.05,253.55,274.6,0.1,389.95,108.55,-6.550000000000011,-0.00039312776652412104,1.0173945342285997,11.25,0.0675219446320054,True,149.0,1587825.0,50.0,50.0,0.34999999999990905,17.49999999999727,
C_20220722,DEVELOPMENT,2022-07-21,2022-07-22,2022-07-28,16661.25,3,F+3,2022-08-18,16650.0,NO_ENTRY_LEG,,,,,,,,,,,,,,,,,,,,,
C_20220722,DEVELOPMENT,2022-07-21,2022-07-22,2022-07-28,16661.25,4,F+4,2022-08-25,16650.0,EXECUTABLE,124.95,123.0,336.95,315.95,274.6,0.1,483.95,185.3,-19.05000000000001,-0.0011433715957686254,1.0498226826733226,11.25,0.0675219446320054,True,649.0,1588415.0,50.0,50.0,5.099999999999909,254.99999999999727,
C_20220722,DEVELOPMENT,2022-07-21,2022-07-22,2022-07-28,16661.25,1,F+1,2022-08-04,16650.0,ADAPTIVE_SELECTED,124.95,123.0,200.0,195.0,274.6,0.1,334.7,50.4,-3.0500000000000114,,1.009634623080001,,,True,,,50.0,50.0,6.749999999999915,337.49999999999727,-0.00018305949433565976
C_20220729,DEVELOPMENT,2022-07-28,2022-07-29,2022-08-04,17079.5,1,F+1,2022-08-11,17100.0,EXECUTABLE,115.25,158.9,198.1,213.65,285.3,0.2,341.45,78.8,-28.099999999999994,-0.0016452472262068558,1.2783934638777614,20.5,0.12002693287274217,True,26763.0,4570906.0,50.0,50.0,-50.54999999999998,-2527.499999999999,
C_20220729,DEVELOPMENT,2022-07-28,2022-07-29,2022-08-04,17079.5,2,F+2,2022-08-18,17100.0,EXECUTABLE,115.25,158.9,240.0,252.7,285.3,0.2,410.9,140.1,-30.950000000000017,-0.001812113937761645,1.3094501294908696,20.5,0.12002693287274217,True,334.0,4513717.0,50.0,50.0,-45.25000000000003,-2262.500000000002,
C_20220729,DEVELOPMENT,2022-07-28,2022-07-29,2022-08-04,17079.5,3,F+3,2022-08-25,17100.0,EXECUTABLE,115.25,158.9,287.95,314.35,285.3,0.2,458.35,177.4,-17.249999999999943,-0.0010099827278316077,1.2629512332544481,20.5,0.12002693287274217,True,64960.0,4645704.0,50.0,50.0,-21.39999999999995,-1069.9999999999973,
C_20220729,DEVELOPMENT,2022-07-28,2022-07-29,2022-08-04,17079.5,4,F+4,2022-09-01,17100.0,NO_ENTRY_LEG,,,,,,,,,,,,,,,,,,,,,
C_20220729,DEVELOPMENT,2022-07-28,2022-07-29,2022-08-04,17079.5,3,F+3,2022-08-25,17100.0,ADAPTIVE_SELECTED,115.25,158.9,287.95,314.35,285.3,0.2,458.35,177.4,-17.249999999999943,,1.2629512332544481,,,True,,,50.0,50.0,-21.39999999999995,-1069.9999999999973,-0.0010099827278316077
C_20220805,DEVELOPMENT,2022-08-04,2022-08-05,2022-08-11,17423.650390625,1,F+1,2022-08-18,17400.0,EXECUTABLE,180.0,170.0,207.4,239.5,265.9,0.15,314.05,43.6,42.099999999999994,0.0024162560115790887,0.817861285084667,23.650390625,0.1357372886552256,True,20309.0,4082518.0,50.0,50.0,46.80000000000004,2340.0,
C_20220805,DEVELOPMENT,2022-08-04,2022-08-05,2022-08-11,17423.650390625,2,F+2,2022-08-25,17400.0,EXECUTABLE,180.0,170.0,259.15,259.05,265.9,0.15,392.65,108.85,9.900000000000034,0.0005681932188748946,0.9448090244268587,23.650390625,0.1357372886552256,True,75187.0,4205008.0,50.0,50.0,27.950000000000045,1397.500000000001,
C_20220805,DEVELOPMENT,2022-08-04,2022-08-05,2022-08-11,17423.650390625,3,F+3,2022-09-01,17400.0,EXECUTABLE,180.0,170.0,352.7,277.0,265.9,0.15,458.5,161.35,-65.69999999999999,-0.003770736816169742,1.2025471319695147,23.650390625,0.1357372886552256,True,248.0,4037066.0,50.0,50.0,-34.299999999999955,-1714.999999999999,
C_20220805,DEVELOPMENT,2022-08-04,2022-08-05,2022-08-11,17423.650390625,4,F+4,2022-09-08,17400.0,EXECUTABLE,180.0,170.0,358.6,343.5,265.9,0.15,460.1,194.95,-5.100000000000023,-0.0002927055976022187,0.9859615073588873,23.650390625,0.1357372886552256,True,5.0,4036577.0,50.0,50.0,-5.69999999999996,-284.9999999999991,
C_20220805,DEVELOPMENT,2022-08-04,2022-08-05,2022-08-11,17423.650390625,1,F+1,2022-08-18,17400.0,ADAPTIVE_SELECTED,180.0,170.0,207.4,239.5,265.9,0.15,314.05,43.6,42.099999999999994,,0.817861285084667,,,True,,,50.0,50.0,46.80000000000004,2340.0,0.0024162560115790887
C_20220812,DEVELOPMENT,2022-08-11,2022-08-12,2022-08-18,17659.650390625,1,F+1,2022-08-25,17650.0,EXECUTABLE,134.05,121.65,222.3,198.95,305.2,0.15,367.9,35.2,-10.950000000000017,-0.0006200575751948666,1.0140066756664208,9.650390625,0.05464655534813483,True,17342.0,1947899.0,50.0,50.0,16.69999999999999,835.0,
C_20220812,DEVELOPMENT,2022-08-11,2022-08-12,2022-08-18,17659.650390625,2,F+2,2022-09-01,17650.0,EXECUTABLE,134.05,121.65,286.75,263.75,305.2,0.15,436.25,78.5,-10.600000000000023,-0.0006002383832936613,0.9866343993452256,9.650390625,0.05464655534813483,True,500.0,1911078.0,50.0,50.0,42.10000000000002,2105.000000000002,
C_20220812,DEVELOPMENT,2022-08-11,2022-08-12,2022-08-18,17659.650390625,3,F+3,2022-09-08,17650.0,NO_ENTRY_LEG,,,,,,,,,,,,,,,,,,,,,
C_20220812,DEVELOPMENT,2022-08-11,2022-08-12,2022-08-18,17659.650390625,4,F+4,2022-09-15,17650.0,NO_ENTRY_LEG,,,,,,,,,,,,,,,,,,,,,
C_20220812,DEVELOPMENT,2022-08-11,2022-08-12,2022-08-18,17659.650390625,2,F+2,2022-09-01,17650.0,ADAPTIVE_SELECTED,134.05,121.65,286.75,263.75,305.2,0.15,436.25,78.5,-10.600000000000023,,0.9866343993452256,,,True,,,50.0,50.0,42.10000000000002,2105.000000000002,-0.0006002383832936613
C_20220819,DEVELOPMENT,2022-08-18,2022-08-19,2022-08-25,17966.55078125,1,F+1,2022-09-01,17950.0,EXECUTABLE,144.9,120.0,231.0,177.15,0.2,419.35,30.15,449.7,-28.94999999999999,-0.0016113276472750897,1.0799003546490937,16.55078125,0.09211997033549975,True,17967.0,1794184.0,50.0,50.0,-29.34999999999988,-1467.4999999999945,
C_20220819,DEVELOPMENT,2022-08-18,2022-08-19,2022-08-25,17966.55078125,2,F+2,2022-09-08,17950.0,EXECUTABLE,144.9,120.0,287.0,227.45,0.2,419.35,76.0,294.1,-34.650000000000006,-0.0019285838679821033,1.0449820154772032,16.55078125,0.09211997033549975,True,218.0,1755647.0,50.0,50.0,166.40000000000003,8320.000000000002,
C_20220819,DEVELOPMENT,2022-08-18,2022-08-19,2022-08-25,17966.55078125,3,F+3,2022-09-15,17950.0,NO_ENTRY_LEG,,,,,,,,,,,,,,,,,,,,,
C_20220819,DEVELOPMENT,2022-08-18,2022-08-19,2022-08-25,17966.55078125,4,F+4,2022-09-22,17950.0,NO_ENTRY_LEG,,,,,,,,,,,,,,,,,,,,,
C_20220819,DEVELOPMENT,2022-08-18,2022-08-19,2022-08-25,17966.55078125,1,F+1,2022-09-01,17950.0,ADAPTIVE_SELECTED,144.9,120.0,231.0,177.15,0.2,419.35,30.15,449.7,-28.94999999999999,,1.0799003546490937,,,True,,,50.0,50.0,-29.34999999999988,-1467.4999999999945,-0.0016113276472750897
C_20220826,DEVELOPMENT,2022-08-25,2022-08-26,2022-09-01,17619.30078125,1,F+1,2022-09-08,17600.0,EXECUTABLE,155.0,127.15,239.95,193.75,1.05,59.55,159.9,202.3,-18.349999999999994,-0.0010414715219305174,1.0159298231009366,19.30078125,0.10954340066967577,True,24293.0,4459117.0,50.0,50.0,-2.250000000000014,-112.50000000000148,
C_20220826,DEVELOPMENT,2022-08-25,2022-08-26,2022-09-01,17619.30078125,2,F+2,2022-09-15,17600.0,EXECUTABLE,155.0,127.15,300.0,236.35,1.05,59.55,229.75,265.55,-35.80000000000001,-0.002031862696736379,1.0412387315149076,19.30078125,0.10954340066967577,True,1108.0,4394954.0,50.0,50.0,-13.100000000000037,-655.0000000000027,
C_20220826,DEVELOPMENT,2022-08-25,2022-08-26,2022-09-01,17619.30078125,3,F+3,2022-09-22,17600.0,EXECUTABLE,155.0,127.15,366.7,270.55,1.05,59.55,281.9,302.65,-68.30000000000001,-0.0038764307873490125,1.111854704574314,19.30078125,0.10954340066967577,True,114.0,4392597.0,50.0,50.0,-30.549999999999997,-1527.500000000001,
C_20220826,DEVELOPMENT,2022-08-25,2022-08-26,2022-09-01,17619.30078125,4,F+4,2022-09-29,17600.0,EXECUTABLE,155.0,127.15,395.1,315.65,1.05,59.55,329.2,349.95,-51.60000000000002,-0.0029286065684803676,1.0268001001517608,19.30078125,0.10954340066967577,True,40911.0,4486802.0,50.0,50.0,-13.850000000000065,-692.5000000000041,
C_20220826,DEVELOPMENT,2022-08-25,2022-08-26,2022-09-01,17619.30078125,1,F+1,2022-09-08,17600.0,ADAPTIVE_SELECTED,155.0,127.15,239.95,193.75,1.05,59.55,159.9,202.3,-18.349999999999994,,1.0159298231009366,,,True,,,50.0,50.0,-2.250000000000014,-112.50000000000148,-0.0010414715219305174
C_20220902,DEVELOPMENT,2022-09-01,2022-09-02,2022-09-08,17598.400390625,1,F+1,2022-09-15,17600.0,EXECUTABLE,176.1,165.95,242.1,250.0,198.1,0.25,284.4,74.85,18.049999999999983,0.0010256614009995794,0.9125836456558774,1.599609375,0.009089515748557136,True,29070.0,3794424.0,50.0,50.0,29.75,1487.499999999999,
C_20220902,DEVELOPMENT,2022-09-01,2022-09-02,2022-09-08,17598.400390625,2,F+2,2022-09-22,17600.0,EXECUTABLE,176.1,165.95,310.05,275.75,198.1,0.25,352.3,140.15,-24.150000000000034,-0.0013722838135257563,1.0595808859529763,1.599609375,0.009089515748557136,True,606.0,3735184.0,50.0,50.0,-9.849999999999994,-492.5,
C_20220902,DEVELOPMENT,2022-09-01,2022-09-02,2022-09-08,17598.400390625,3,F+3,2022-09-29,17600.0,EXECUTABLE,176.1,165.95,342.15,330.85,198.1,0.25,413.0,191.9,-1.1499999999999773,-6.534684826312987e-05,0.9745481606280245,1.599609375,0.009089515748557136,True,60990.0,3862743.0,50.0,50.0,22.10000000000005,1105.0000000000018,
C_20220902,DEVELOPMENT,2022-09-01,2022-09-02,2022-09-08,17598.400390625,4,F+4,2022-10-06,17600.0,EXECUTABLE,176.1,165.95,341.85,355.0,198.1,0.25,414.5,237.7,23.299999999999955,0.0013239839691573504,0.9074550711423568,1.599609375,0.009089515748557136,True,2.0,3733590.0,50.0,50.0,2.25,112.5,
C_20220902,DEVELOPMENT,2022-09-01,2022-09-02,2022-09-08,17598.400390625,4,F+4,2022-10-06,17600.0,ADAPTIVE_SELECTED,176.1,165.95,341.85,355.0,198.1,0.25,414.5,237.7,23.299999999999955,,0.9074550711423568,,,True,,,50.0,50.0,2.25,112.5,0.0013239839691573504
C_20220909,DEVELOPMENT,2022-09-08,2022-09-09,2022-09-15,17923.349609375,1,F+1,2022-09-22,17900.0,EXECUTABLE,134.9,140.1,226.25,206.2,5.2,13.85,154.25,169.65,-25.25,-0.0014087768497687907,1.1395309166757142,23.349609375,0.13027480846987852,True,16397.0,3819906.0,50.0,50.0,-32.0,-1600.0,
C_20220909,DEVELOPMENT,2022-09-08,2022-09-09,2022-09-15,17923.349609375,2,F+2,2022-09-29,17900.0,EXECUTABLE,134.9,140.1,278.8,238.55,5.2,13.85,232.15,241.7,-45.44999999999999,-0.002535798329583823,1.2137787618828173,23.349609375,0.13027480846987852,True,57780.0,3911125.0,50.0,50.0,-46.349999999999966,-2317.499999999998,
C_20220909,DEVELOPMENT,2022-09-08,2022-09-09,2022-09-15,17923.349609375,3,F+3,2022-10-06,17900.0,EXECUTABLE,134.9,140.1,325.0,301.15,5.2,13.85,305.6,285.2,-29.05000000000001,-0.0016207907915161738,1.1207962755077614,23.349609375,0.13027480846987852,True,26.0,3782796.0,50.0,50.0,2.842170943040401e-14,1.4779288903810084e-12,
C_20220909,DEVELOPMENT,2022-09-08,2022-09-09,2022-09-15,17923.349609375,4,F+4,2022-10-13,17900.0,NO_ENTRY_LEG,,,,,,,,,,,,,,,,,,,,,
C_20220909,DEVELOPMENT,2022-09-08,2022-09-09,2022-09-15,17923.349609375,1,F+1,2022-09-22,17900.0,ADAPTIVE_SELECTED,134.9,140.1,226.25,206.2,5.2,13.85,154.25,169.65,-25.25,,1.1395309166757142,,,True,,,50.0,50.0,-32.0,-1600.0,-0.0014087768497687907
C_20220916,DEVELOPMENT,2022-09-15,2022-09-16,2022-09-22,17796.80078125,1,F+1,2022-09-29,17800.0,EXECUTABLE,140.0,146.1,226.0,220.55,0.2,162.3,105.0,256.35,-11.549999999999983,-0.000648993048917455,1.069359069857823,3.19921875,0.01797636996291249,True,101352.0,3346957.0,50.0,50.0,-0.799999999999983,-39.999999999998636,
C_20220916,DEVELOPMENT,2022-09-15,2022-09-16,2022-09-22,17796.80078125,2,F+2,2022-10-06,17800.0,EXECUTABLE,140.0,146.1,302.25,288.9,0.2,162.3,191.65,316.3,-19.450000000000045,-0.0010928930564021253,1.0917946150422788,3.19921875,0.01797636996291249,True,1956.0,3125883.0,50.0,50.0,18.0,900.0,
C_20220916,DEVELOPMENT,2022-09-15,2022-09-16,2022-09-22,17796.80078125,3,F+3,2022-10-13,17800.0,EXECUTABLE,140.0,146.1,343.15,340.75,0.2,162.3,256.4,364.7,-8.5,-0.0004776139321037555,1.0509216015092757,3.19921875,0.01797636996291249,True,49.0,3122065.0,50.0,50.0,45.30000000000004,2265.0000000000023,
C_20220916,DEVELOPMENT,2022-09-15,2022-09-16,2022-09-22,17796.80078125,4,F+4,2022-10-20,17800.0,NO_ENTRY_LEG,,,,,,,,,,,,,,,,,,,,,
C_20220916,DEVELOPMENT,2022-09-15,2022-09-16,2022-09-22,17796.80078125,3,F+3,2022-10-13,17800.0,ADAPTIVE_SELECTED,140.0,146.1,343.15,340.75,0.2,162.3,256.4,364.7,-8.5,,1.0509216015092757,,,True,,,50.0,50.0,45.30000000000004,2265.0000000000023,-0.0004776139321037555
C_20220923,DEVELOPMENT,2022-09-22,2022-09-23,2022-09-29,17593.849609375,1,F+1,2022-10-06,17600.0,EXECUTABLE,115.25,173.0,202.2,210.6,0.1,791.0,6.1,791.65,-49.349999999999994,-0.0028049574763730797,1.441212278522474,6.150390625,0.034957617358072235,True,36197.0,2310412.0,50.0,50.0,-44.0,-2199.9999999999964,
C_20220923,DEVELOPMENT,2022-09-22,2022-09-23,2022-09-29,17593.849609375,2,F+2,2022-10-13,17600.0,EXECUTABLE,115.25,173.0,357.95,290.0,0.1,791.0,32.55,738.2,-125.69999999999999,-0.007144542143466994,1.8528042486349015,6.150390625,0.034957617358072235,True,1078.0,2219619.0,50.0,50.0,-40.450000000000045,-2022.5000000000036,
C_20220923,DEVELOPMENT,2022-09-22,2022-09-23,2022-09-29,17593.849609375,3,F+3,2022-10-20,17600.0,EXECUTABLE,115.25,173.0,370.2,312.0,0.1,791.0,69.05,651.6,-115.94999999999999,-0.00659037121348447,1.7810946103787753,6.150390625,0.034957617358072235,True,58.0,2217190.0,50.0,50.0,92.39999999999998,4620.0,
C_20220923,DEVELOPMENT,2022-09-22,2022-09-23,2022-09-29,17593.849609375,4,F+4,2022-10-27,17600.0,EXECUTABLE,115.25,173.0,414.85,358.2,0.1,791.0,98.4,850.55,-114.40000000000003,-0.006502272245128277,1.7384839357064914,6.150390625,0.034957617358072235,True,9252.0,2236005.0,50.0,50.0,-75.65000000000003,-3782.5,
C_20220923,DEVELOPMENT,2022-09-22,2022-09-23,2022-09-29,17593.849609375,1,F+1,2022-10-06,17600.0,ADAPTIVE_SELECTED,115.25,173.0,202.2,210.6,0.1,791.0,6.1,791.65,-49.349999999999994,,1.441212278522474,,,True,,,50.0,50.0,-44.0,-2199.9999999999964,-0.0028049574763730797
C_20220930,DEVELOPMENT,2022-09-29,2022-09-30,2022-10-06,16798.05078125,1,F+1,2022-10-13,16800.0,EXECUTABLE,185.75,193.0,278.25,262.0,538.45,0.1,544.7,25.75,-23.5,-0.0013989718394131015,1.1034746694337993,1.94921875,0.011603838894068113,True,13922.0,2838938.0,50.0,50.0,-42.89999999999998,-2145.000000000002,
C_20220930,DEVELOPMENT,2022-09-29,2022-09-30,2022-10-06,16798.05078125,2,F+2,2022-10-20,16800.0,EXECUTABLE,185.75,193.0,340.6,313.35,538.45,0.1,595.0,74.55,-34.5,-0.0020538097216915747,1.1293886818969496,1.94921875,0.011603838894068113,True,429.0,2801434.0,50.0,50.0,-52.400000000000034,-2620.0000000000055,
C_20220930,DEVELOPMENT,2022-09-29,2022-09-30,2022-10-06,16798.05078125,3,F+3,2022-10-27,16800.0,EXECUTABLE,185.75,193.0,360.05,376.05,538.45,0.1,647.5,126.7,8.75,0.00052089376999424,0.9948227511196555,1.94921875,0.011603838894068113,True,50924.0,2917785.0,50.0,50.0,-8.800000000000011,-440.0000000000018,
C_20220930,DEVELOPMENT,2022-09-29,2022-09-30,2022-10-06,16798.05078125,4,F+4,2022-11-03,16800.0,NO_ENTRY_LEG,,,,,,,,,,,,,,,,,,,,,
C_20220930,DEVELOPMENT,2022-09-29,2022-09-30,2022-10-06,16798.05078125,3,F+3,2022-10-27,16800.0,ADAPTIVE_SELECTED,185.75,193.0,360.05,376.05,538.45,0.1,647.5,126.7,8.75,,0.9948227511196555,,,True,,,50.0,50.0,-8.800000000000011,-440.0000000000018,0.00052089376999424
C_20221007,DEVELOPMENT,2022-10-06,2022-10-07,2022-10-13,17287.19921875,1,F+1,2022-10-20,17300.0,EXECUTABLE,137.0,170.0,221.0,249.45,0.1,289.45,71.85,348.2,-4.550000000000011,-0.00026320053019722255,1.099352882911749,12.80078125,0.07404774531733312,True,19854.0,4539503.0,50.0,50.0,8.450000000000017,422.5,
C_20221007,DEVELOPMENT,2022-10-06,2022-10-07,2022-10-13,17287.19921875,2,F+2,2022-10-27,17300.0,EXECUTABLE,137.0,170.0,294.4,304.95,0.1,289.45,136.5,428.45,-22.44999999999999,-0.001298648769874204,1.1979467736125222,12.80078125,0.07404774531733312,True,63039.0,4622972.0,50.0,50.0,-25.049999999999955,-1252.499999999999,
C_20221007,DEVELOPMENT,2022-10-06,2022-10-07,2022-10-13,17287.19921875,3,F+3,2022-11-03,17300.0,EXECUTABLE,137.0,170.0,343.55,342.5,0.1,289.45,198.65,462.0,-34.05000000000001,-0.001969665506201189,1.2446800575416912,12.80078125,0.07404774531733312,True,25.0,4496581.0,50.0,50.0,-8.049999999999983,-402.5,
C_20221007,DEVELOPMENT,2022-10-06,2022-10-07,2022-10-13,17287.19921875,4,F+4,2022-11-10,17300.0,NO_ENTRY_LEG,,,,,,,,,,,,,,,,,,,,,
C_20221007,DEVELOPMENT,2022-10-06,2022-10-07,2022-10-13,17287.19921875,1,F+1,2022-10-20,17300.0,ADAPTIVE_SELECTED,137.0,170.0,221.0,249.45,0.1,289.45,71.85,348.2,-4.550000000000011,,1.099352882911749,,,True,,,50.0,50.0,8.450000000000017,422.5,-0.00026320053019722255
C_20221014,DEVELOPMENT,2022-10-13,2022-10-14,2022-10-20,17322.30078125,1,F+1,2022-10-27,17300.0,EXECUTABLE,152.5,179.75,200.5,241.55,250.7,0.15,294.25,55.75,13.800000000000011,0.0007966609155602126,0.9783773511915871,22.30078125,0.12874029571255804,True,147152.0,5309086.0,50.0,50.0,1.7500000000000568,87.5,
C_20221014,DEVELOPMENT,2022-10-13,2022-10-14,2022-10-20,17322.30078125,2,F+2,2022-11-03,17300.0,EXECUTABLE,152.5,179.75,320.0,285.85,250.7,0.15,365.95,117.95,-61.39999999999998,-0.00354456378372442,1.319504382959078,22.30078125,0.12874029571255804,True,1736.0,5006009.0,50.0,50.0,-63.94999999999993,-3197.499999999998,
C_20221014,DEVELOPMENT,2022-10-13,2022-10-14,2022-10-20,17322.30078125,3,F+3,2022-11-10,17300.0,EXECUTABLE,152.5,179.75,355.8,415.0,250.7,0.15,418.95,173.95,31.94999999999999,0.0018444432066774465,1.010547896504049,22.30078125,0.12874029571255804,True,90.0,5002410.0,50.0,50.0,26.400000000000034,1320.0,
C_20221014,DEVELOPMENT,2022-10-13,2022-10-14,2022-10-20,17322.30078125,4,F+4,2022-11-17,17300.0,EXECUTABLE,152.5,179.75,370.0,342.0,250.7,0.15,514.55,210.45,-55.25,-0.0031895301148334573,1.275189339468891,22.30078125,0.12874029571255804,True,12.0,5002256.0,50.0,50.0,-1.6999999999999886,-85.00000000000091,
C_20221014,DEVELOPMENT,2022-10-13,2022-10-14,2022-10-20,17322.30078125,3,F+3,2022-11-10,17300.0,ADAPTIVE_SELECTED,152.5,179.75,355.8,415.0,250.7,0.15,418.95,173.95,31.94999999999999,,1.010547896504049,,,True,,,50.0,50.0,26.400000000000034,1320.0,0.0018444432066774465
C_20221021,DEVELOPMENT,2022-10-20,2022-10-21,2022-10-27,17622.849609375,1,F+1,2022-11-03,17600.0,EXECUTABLE,120.0,138.45,208.0,220.05,114.95,0.25,228.9,86.95,-6.399999999999977,-0.0003631648763883967,1.090570324926153,22.849609375,0.12965899319054774,True,84552.0,4825826.0,50.0,50.0,20.85000000000005,1042.5000000000018,
C_20221021,DEVELOPMENT,2022-10-20,2022-10-21,2022-10-27,17622.849609375,2,F+2,2022-11-10,17600.0,EXECUTABLE,120.0,138.45,257.95,275.0,114.95,0.25,300.25,143.25,-1.3999999999999773,-7.944231670996078e-05,1.0822174999999998,22.849609375,0.12965899319054774,True,2491.0,4655863.0,50.0,50.0,40.900000000000034,2045.0000000000018,
C_20221021,DEVELOPMENT,2022-10-20,2022-10-21,2022-10-27,17622.849609375,3,F+3,2022-11-17,17600.0,EXECUTABLE,120.0,138.45,328.3,332.0,114.95,0.25,367.8,199.15,-14.75,-0.000836981551051386,1.1408919427710842,22.849609375,0.12965899319054774,True,153.0,4650533.0,50.0,50.0,39.20000000000002,1960.000000000001,
C_20221021,DEVELOPMENT,2022-10-20,2022-10-21,2022-10-27,17622.849609375,4,F+4,2022-11-24,17600.0,EXECUTABLE,120.0,138.45,360.15,361.0,114.95,0.25,413.3,236.0,-17.599999999999966,-0.0009987034100680926,1.1510334141274237,22.849609375,0.12965899319054774,True,13462.0,4677171.0,50.0,50.0,45.00000000000006,2250.0000000000027,
C_20221021,DEVELOPMENT,2022-10-20,2022-10-21,2022-10-27,17622.849609375,2,F+2,2022-11-10,17600.0,ADAPTIVE_SELECTED,120.0,138.45,257.95,275.0,114.95,0.25,300.25,143.25,-1.3999999999999773,,1.0822174999999998,,,True,,,50.0,50.0,40.900000000000034,2045.0000000000018,-7.944231670996078e-05
C_20221028,DEVELOPMENT,2022-10-27,2022-10-28,2022-11-03,17756.400390625,1,F+1,2022-11-10,17750.0,EXECUTABLE,142.0,138.05,219.95,196.0,308.95,0.1,371.25,38.95,-20.0,-0.0011263544164367668,1.0909779210980166,6.400390625,0.036045541236946144,True,9095.0,1815296.0,50.0,50.0,3.4500000000000455,172.50000000000182,
C_20221028,DEVELOPMENT,2022-10-27,2022-10-28,2022-11-03,17756.400390625,2,F+2,2022-11-17,17750.0,EXECUTABLE,142.0,138.05,291.35,227.3,308.95,0.1,434.65,85.3,-60.10000000000002,-0.0033846950213924855,1.2461308657045662,6.400390625,0.036045541236946144,True,149.0,1794620.0,50.0,50.0,-19.600000000000023,-980.0000000000018,
C_20221028,DEVELOPMENT,2022-10-27,2022-10-28,2022-11-03,17756.400390625,3,F+3,2022-11-24,17750.0,EXECUTABLE,142.0,138.05,315.0,288.8,308.95,0.1,494.9,127.35,-22.25,-0.001253069288285903,1.0603797647380127,6.400390625,0.036045541236946144,True,5046.0,1804878.0,50.0,50.0,36.45000000000002,1822.499999999999,
C_20221028,DEVELOPMENT,2022-10-27,2022-10-28,2022-11-03,17756.400390625,4,F+4,2022-12-01,17750.0,NO_ENTRY_LEG,,,,,,,,,,,,,,,,,,,,,
C_20221028,DEVELOPMENT,2022-10-27,2022-10-28,2022-11-03,17756.400390625,1,F+1,2022-11-10,17750.0,ADAPTIVE_SELECTED,142.0,138.05,219.95,196.0,308.95,0.1,371.25,38.95,-20.0,,1.0909779210980166,,,True,,,50.0,50.0,3.4500000000000455,172.50000000000182,-0.0011263544164367668
C_20221104,DEVELOPMENT,2022-11-03,2022-11-04,2022-11-10,18053.400390625,1,F+1,2022-11-17,18050.0,EXECUTABLE,161.75,127.15,239.95,184.0,0.95,23.3,133.1,129.7,-21.349999999999994,-0.001182602697444571,1.0251207076137356,3.400390625,0.018835180915645112,True,5993.0,1801631.0,50.0,50.0,4.40000000000002,220.00000000000136,
C_20221104,DEVELOPMENT,2022-11-03,2022-11-04,2022-11-10,18053.400390625,2,F+2,2022-11-24,18050.0,EXECUTABLE,161.75,127.15,297.05,210.05,0.95,23.3,220.55,179.15,-52.400000000000006,-0.002902500297241009,1.1116778333855153,3.400390625,0.018835180915645112,True,6036.0,1800653.0,50.0,50.0,11.350000000000009,567.5000000000011,
C_20221104,DEVELOPMENT,2022-11-03,2022-11-04,2022-11-10,18053.400390625,3,F+3,2022-12-01,18050.0,EXECUTABLE,161.75,127.15,387.25,253.85,0.95,23.3,286.05,219.05,-98.80000000000001,-0.0054726532322025125,1.19918540412729,3.400390625,0.018835180915645112,True,34.0,1788147.0,50.0,50.0,-9.450000000000003,-472.4999999999991,
C_20221104,DEVELOPMENT,2022-11-03,2022-11-04,2022-11-10,18053.400390625,4,F+4,2022-12-08,18050.0,NO_ENTRY_LEG,,,,,,,,,,,,,,,,,,,,,
C_20221104,DEVELOPMENT,2022-11-03,2022-11-04,2022-11-10,18053.400390625,1,F+1,2022-11-17,18050.0,ADAPTIVE_SELECTED,161.75,127.15,239.95,184.0,0.95,23.3,133.1,129.7,-21.349999999999994,,1.0251207076137356,,,True,,,50.0,50.0,4.40000000000002,220.00000000000136,-0.001182602697444571
C_20221111,DEVELOPMENT,2022-11-10,2022-11-11,2022-11-17,18272.349609375,1,F+1,2022-11-24,18250.0,EXECUTABLE,115.0,134.95,220.0,143.75,104.95,0.2,194.65,73.35,-96.19999999999999,-0.005264785430257017,1.795931947069943,22.349609375,0.12231382308673143,True,12538.0,1146174.0,50.0,50.0,-79.65,-3982.4999999999995,
C_20221111,DEVELOPMENT,2022-11-10,2022-11-11,2022-11-17,18272.349609375,2,F+2,2022-12-01,18250.0,EXECUTABLE,115.0,134.95,273.75,177.75,104.95,0.2,268.75,128.25,-115.94999999999999,-0.006345653540938681,1.8072555494404696,22.349609375,0.12231382308673143,True,198.0,1111678.0,50.0,50.0,-80.19999999999999,-4010.0,
C_20221111,DEVELOPMENT,2022-11-10,2022-11-11,2022-11-17,18272.349609375,3,F+3,2022-12-08,18250.0,EXECUTABLE,115.0,134.95,342.0,276.0,104.95,0.2,334.35,164.1,-85.94999999999999,-0.004703828562688052,1.4540926275992438,22.349609375,0.12231382308673143,True,10.0,1111217.0,50.0,50.0,-20.44999999999996,-1022.4999999999991,
C_20221111,DEVELOPMENT,2022-11-10,2022-11-11,2022-11-17,18272.349609375,4,F+4,2022-12-15,18250.0,NO_ENTRY_LEG,,,,,,,,,,,,,,,,,,,,,
C_20221111,DEVELOPMENT,2022-11-10,2022-11-11,2022-11-17,18272.349609375,3,F+3,2022-12-08,18250.0,ADAPTIVE_SELECTED,115.0,134.95,342.0,276.0,104.95,0.2,334.35,164.1,-85.94999999999999,,1.4540926275992438,,,True,,,50.0,50.0,-20.44999999999996,-1022.4999999999991,-0.004703828562688052
C_20221118,DEVELOPMENT,2022-11-17,2022-11-18,2022-11-24,18382.94921875,1,F+1,2022-12-01,18400.0,EXECUTABLE,102.6,120.0,183.05,195.45,43.6,1.65,168.15,61.95,-5.000000000000028,-0.0002719911772861883,1.095387911237974,17.05078125,0.09275324131673479,True,41908.0,3648083.0,50.0,50.0,59.25,2962.499999999999,
C_20221118,DEVELOPMENT,2022-11-17,2022-11-18,2022-11-24,18382.94921875,2,F+2,2022-12-08,18400.0,EXECUTABLE,102.6,120.0,250.0,204.9,43.6,1.65,241.65,109.65,-62.5,-0.0033998897160773347,1.4270261630976742,17.05078125,0.09275324131673479,True,1075.0,3539209.0,50.0,50.0,27.55000000000001,1377.5,
C_20221118,DEVELOPMENT,2022-11-17,2022-11-18,2022-11-24,18382.94921875,3,F+3,2022-12-15,18400.0,EXECUTABLE,102.6,120.0,292.25,250.0,43.6,1.65,303.1,138.75,-59.650000000000006,-0.0032448547450242087,1.367251461988304,17.05078125,0.09275324131673479,True,51.0,3536531.0,50.0,50.0,62.75000000000002,3137.500000000001,
C_20221118,DEVELOPMENT,2022-11-17,2022-11-18,2022-11-24,18382.94921875,4,F+4,2022-12-22,18400.0,EXECUTABLE,102.6,120.0,305.0,307.6,43.6,1.65,365.35,163.15,-14.799999999999955,-0.0008050938847671104,1.15970463653716,17.05078125,0.09275324131673479,True,1.0,3536283.0,50.0,50.0,145.45000000000005,7272.500000000002,
C_20221118,DEVELOPMENT,2022-11-17,2022-11-18,2022-11-24,18382.94921875,1,F+1,2022-12-01,18400.0,ADAPTIVE_SELECTED,102.6,120.0,183.05,195.45,43.6,1.65,168.15,61.95,-5.000000000000028,,1.095387911237974,,,True,,,50.0,50.0,59.25,2962.499999999999,-0.0002719911772861883
C_20221125,DEVELOPMENT,2022-11-24,2022-11-25,2022-12-01,18528.44921875,1,F+1,2022-12-08,18550.0,EXECUTABLE,98.9,109.0,161.9,157.5,266.15,0.2,329.05,29.4,-14.5,-0.0007825803351813502,1.1329128348339672,21.55078125,0.11631184561410315,True,7257.0,1723440.0,50.0,50.0,19.200000000000045,960.0000000000018,
C_20221125,DEVELOPMENT,2022-11-24,2022-11-25,2022-12-01,18528.44921875,2,F+2,2022-12-15,18550.0,EXECUTABLE,98.9,109.0,230.9,202.0,266.15,0.2,386.85,61.3,-39.0,-0.0021048712463498384,1.2598033817537466,21.55078125,0.11631184561410315,True,131.0,1706982.0,50.0,50.0,20.60000000000005,1030.0000000000018,
C_20221125,DEVELOPMENT,2022-11-24,2022-11-25,2022-12-01,18528.44921875,3,F+3,2022-12-22,18550.0,NO_ENTRY_LEG,,,,,,,,,,,,,,,,,,,,,
C_20221125,DEVELOPMENT,2022-11-24,2022-11-25,2022-12-01,18528.44921875,4,F+4,2022-12-29,18550.0,EXECUTABLE,98.9,109.0,325.0,228.0,266.15,0.2,501.55,103.75,-107.1,-0.005780300268822248,1.5710091710570664,21.55078125,0.11631184561410315,True,1425.0,1710448.0,50.0,50.0,24.750000000000057,1237.5000000000018,
C_20221125,DEVELOPMENT,2022-11-24,2022-11-25,2022-12-01,18528.44921875,1,F+1,2022-12-08,18550.0,ADAPTIVE_SELECTED,98.9,109.0,161.9,157.5,266.15,0.2,329.05,29.4,-14.5,,1.1329128348339672,,,True,,,50.0,50.0,19.200000000000045,960.0000000000018,-0.0007825803351813502
C_20221202,DEVELOPMENT,2022-12-01,2022-12-02,2022-12-08,18752.400390625,1,F+1,2022-12-15,18750.0,EXECUTABLE,102.6,91.55,224.1,128.1,0.25,139.95,63.95,161.85,-84.95000000000002,-0.004530086721189548,1.561002917128888,2.400390625,0.012800444609747354,True,9356.0,2018011.0,50.0,50.0,-43.14999999999998,-2157.499999999999,
C_20221202,DEVELOPMENT,2022-12-01,2022-12-02,2022-12-08,18752.400390625,2,F+2,2022-12-22,18750.0,EXECUTABLE,102.6,91.55,271.85,154.95,0.25,139.95,126.65,190.65,-105.85000000000002,-0.0056446107055669655,1.565484401369492,2.400390625,0.012800444609747354,True,177.0,1998698.0,50.0,50.0,-30.150000000000034,-1507.5000000000018,
C_20221202,DEVELOPMENT,2022-12-01,2022-12-02,2022-12-08,18752.400390625,3,F+3,2022-12-29,18750.0,EXECUTABLE,102.6,91.55,349.0,170.0,0.25,139.95,182.15,213.6,-167.95,-0.00895618675484149,1.8318398119481711,2.400390625,0.012800444609747354,True,5945.0,2011844.0,50.0,50.0,-59.69999999999999,-2984.9999999999995,
C_20221202,DEVELOPMENT,2022-12-01,2022-12-02,2022-12-08,18752.400390625,4,F+4,2023-01-05,18750.0,NO_ENTRY_LEG,,,,,,,,,,,,,,,,,,,,,
C_20221202,DEVELOPMENT,2022-12-01,2022-12-02,2022-12-08,18752.400390625,1,F+1,2022-12-15,18750.0,ADAPTIVE_SELECTED,102.6,91.55,224.1,128.1,0.25,139.95,63.95,161.85,-84.95000000000002,,1.561002917128888,,,True,,,50.0,50.0,-43.14999999999998,-2157.499999999999,-0.004530086721189548
C_20221209,DEVELOPMENT,2022-12-08,2022-12-09,2022-12-15,18662.400390625,1,F+1,2022-12-22,18650.0,EXECUTABLE,118.0,88.85,190.05,128.55,0.2,221.35,34.6,250.95,-32.349999999999994,-0.0017334318910149906,1.113194925142891,12.400390625,0.06644585029495614,True,5869.0,2324919.0,50.0,50.0,-27.549999999999983,-1377.5,
C_20221209,DEVELOPMENT,2022-12-08,2022-12-09,2022-12-15,18662.400390625,2,F+2,2022-12-29,18650.0,EXECUTABLE,118.0,88.85,256.05,152.7,0.2,221.35,87.1,267.05,-74.20000000000002,-0.003975908695929285,1.2625865772035563,12.400390625,0.06644585029495614,True,10672.0,2331999.0,50.0,50.0,-33.00000000000003,-1650.000000000001,
C_20221209,DEVELOPMENT,2022-12-08,2022-12-09,2022-12-15,18662.400390625,3,F+3,2023-01-05,18650.0,NO_ENTRY_LEG,,,,,,,,,,,,,,,,,,,,,
C_20221209,DEVELOPMENT,2022-12-08,2022-12-09,2022-12-15,18662.400390625,4,F+4,2023-01-12,18650.0,NO_ENTRY_LEG,,,,,,,,,,,,,,,,,,,,,
C_20221209,DEVELOPMENT,2022-12-08,2022-12-09,2022-12-15,18662.400390625,1,F+1,2022-12-22,18650.0,ADAPTIVE_SELECTED,118.0,88.85,190.05,128.55,0.2,221.35,34.6,250.95,-32.349999999999994,,1.113194925142891,,,True,,,50.0,50.0,-27.549999999999983,-1377.5,-0.0017334318910149906
C_20221216,DEVELOPMENT,2022-12-15,2022-12-16,2022-12-22,18319.099609375,1,F+1,2022-12-29,18300.0,EXECUTABLE,145.0,90.0,226.15,136.7,0.3,171.95,71.35,202.5,-34.45000000000002,-0.001880550940526021,1.0268395429205661,19.099609375,0.10426063388631593,True,127731.0,6946164.0,50.0,50.0,6.0499999999999545,302.4999999999968,
C_20221216,DEVELOPMENT,2022-12-15,2022-12-16,2022-12-22,18319.099609375,2,F+2,2023-01-05,18300.0,EXECUTABLE,145.0,90.0,285.75,155.1,0.3,171.95,147.7,239.6,-75.65,-0.004129569772156558,1.143533649036217,19.099609375,0.10426063388631593,True,3006.0,6589779.0,50.0,50.0,4.099999999999966,204.99999999999727,
C_20221216,DEVELOPMENT,2022-12-15,2022-12-16,2022-12-22,18319.099609375,3,F+3,2023-01-12,18300.0,EXECUTABLE,145.0,90.0,377.4,190.15,0.3,171.95,206.3,266.45,-132.24999999999997,-0.007219241273862586,1.231913099458685,19.099609375,0.10426063388631593,True,299.0,6581821.0,50.0,50.0,-20.74999999999997,-1037.499999999999,
C_20221216,DEVELOPMENT,2022-12-15,2022-12-16,2022-12-22,18319.099609375,4,F+4,2023-01-19,18300.0,EXECUTABLE,145.0,90.0,335.45,211.2,0.3,171.95,266.0,299.45,-69.25,-0.0037802076235537553,0.9858444357366771,19.099609375,0.10426063388631593,True,2.0,6581247.0,50.0,50.0,68.94999999999999,3447.499999999998,
C_20221216,DEVELOPMENT,2022-12-15,2022-12-16,2022-12-22,18319.099609375,1,F+1,2022-12-29,18300.0,ADAPTIVE_SELECTED,145.0,90.0,226.15,136.7,0.3,171.95,71.35,202.5,-34.45000000000002,,1.0268395429205661,,,True,,,50.0,50.0,6.0499999999999545,302.4999999999968,-0.001880550940526021
C_20221223,DEVELOPMENT,2022-12-22,2022-12-23,2022-12-29,17977.650390625,1,F+1,2023-01-05,18000.0,EXECUTABLE,152.0,105.0,269.7,150.05,179.7,0.3,255.95,48.25,-72.64999999999998,-0.0040411287582878775,1.2416255984847155,22.349609375,0.12431885640992826,True,84027.0,6178604.0,50.0,50.0,-44.349999999999966,-2217.499999999999,
C_20221223,DEVELOPMENT,2022-12-22,2022-12-23,2022-12-29,17977.650390625,2,F+2,2023-01-12,18000.0,EXECUTABLE,152.0,105.0,337.75,176.55,179.7,0.3,326.15,93.85,-114.19999999999999,-0.0063523317852233405,1.321518803380584,22.349609375,0.12431885640992826,True,3328.0,5988709.0,50.0,50.0,-61.29999999999998,-3065.0,
C_20221223,DEVELOPMENT,2022-12-22,2022-12-23,2022-12-29,17977.650390625,3,F+3,2023-01-19,18000.0,EXECUTABLE,152.0,105.0,403.0,211.0,179.7,0.3,395.0,136.1,-145.0,-0.008065570130099689,1.3193751558992266,22.349609375,0.12431885640992826,True,276.0,5980550.0,50.0,50.0,-65.49999999999997,-3274.9999999999995,
C_20221223,DEVELOPMENT,2022-12-22,2022-12-23,2022-12-29,17977.650390625,4,F+4,2023-01-25,18000.0,EXECUTABLE,152.0,105.0,440.0,213.85,179.7,0.3,451.8,164.3,-179.14999999999998,-0.009965150957292132,1.4213110517701784,22.349609375,0.12431885640992826,True,44656.0,6093353.0,50.0,50.0,-71.04999999999998,-3552.5,
C_20221223,DEVELOPMENT,2022-12-22,2022-12-23,2022-12-29,17977.650390625,1,F+1,2023-01-05,18000.0,ADAPTIVE_SELECTED,152.0,105.0,269.7,150.05,179.7,0.3,255.95,48.25,-72.64999999999998,,1.2416255984847155,,,True,,,50.0,50.0,-44.349999999999966,-2217.499999999999,-0.0040411287582878775
C_20221230,DEVELOPMENT,2022-12-29,2022-12-30,2023-01-05,18259.099609375,1,F+1,2023-01-12,18250.0,EXECUTABLE,110.2,126.5,207.8,157.55,0.15,260.85,37.5,269.0,-66.55000000000001,-0.003644758034280639,1.514035529296435,9.099609375,0.04983602461058853,True,8288.0,2751115.0,50.0,50.0,-37.349999999999966,-1867.499999999999,
C_20221230,DEVELOPMENT,2022-12-29,2022-12-30,2023-01-05,18259.099609375,2,F+2,2023-01-19,18250.0,EXECUTABLE,110.2,126.5,263.6,191.6,0.15,260.85,90.2,294.4,-88.30000000000001,-0.004835944920014732,1.579278896976081,9.099609375,0.04983602461058853,True,83.0,2732753.0,50.0,50.0,-31.799999999999983,-1590.000000000001,
C_20221230,DEVELOPMENT,2022-12-29,2022-12-30,2023-01-05,18259.099609375,3,F+3,2023-01-25,18250.0,EXECUTABLE,110.2,126.5,306.1,255.0,0.15,260.85,137.55,321.4,-67.40000000000003,-0.0036913101654472602,1.3779456247108643,9.099609375,0.04983602461058853,True,5698.0,2743940.0,50.0,50.0,9.450000000000045,472.5000000000009,
C_20221230,DEVELOPMENT,2022-12-29,2022-12-30,2023-01-05,18259.099609375,4,F+4,2023-02-02,18250.0,NO_ENTRY_LEG,,,,,,,,,,,,,,,,,,,,,
C_20221230,DEVELOPMENT,2022-12-29,2022-12-30,2023-01-05,18259.099609375,1,F+1,2023-01-12,18250.0,ADAPTIVE_SELECTED,110.2,126.5,207.8,157.55,0.15,260.85,37.5,269.0,-66.55000000000001,,1.514035529296435,,,True,,,50.0,50.0,-37.349999999999966,-1867.499999999999,-0.003644758034280639
C_20230106,DEVELOPMENT,2023-01-05,2023-01-06,2023-01-12,18008.05078125,1,F+1,2023-01-19,18000.0,EXECUTABLE,140.0,110.05,196.15,155.25,0.2,143.1,85.2,203.1,-10.950000000000017,-0.0006080613683853651,0.9931588451805843,8.05078125,0.0447065667894633,True,32146.0,6306042.0,50.0,50.0,14.050000000000026,702.5000000000005,
C_20230106,DEVELOPMENT,2023-01-05,2023-01-06,2023-01-12,18008.05078125,2,F+2,2023-01-25,18000.0,EXECUTABLE,140.0,110.05,252.05,190.45,0.2,143.1,146.75,229.9,-31.650000000000034,-0.0017575472428672872,1.0403218880096015,8.05078125,0.0447065667894633,True,144122.0,6530508.0,50.0,50.0,28.099999999999994,1404.9999999999982,
C_20230106,DEVELOPMENT,2023-01-05,2023-01-06,2023-01-12,18008.05078125,3,F+3,2023-02-02,18000.0,EXECUTABLE,140.0,110.05,340.1,245.05,0.2,143.1,239.5,288.45,-65.10000000000002,-0.0036150497791677823,1.0909728335325153,8.05078125,0.0447065667894633,True,528.0,6235813.0,50.0,50.0,28.850000000000023,1442.5,
C_20230106,DEVELOPMENT,2023-01-05,2023-01-06,2023-01-12,18008.05078125,4,F+4,2023-02-09,18000.0,EXECUTABLE,140.0,110.05,340.0,291.1,0.2,143.1,287.7,322.5,-18.94999999999999,-0.0010523071169774103,0.9181184668989545,8.05078125,0.0447065667894633,True,6.0,6234395.0,50.0,50.0,89.15000000000003,4457.500000000001,
C_20230106,DEVELOPMENT,2023-01-05,2023-01-06,2023-01-12,18008.05078125,1,F+1,2023-01-19,18000.0,ADAPTIVE_SELECTED,140.0,110.05,196.15,155.25,0.2,143.1,85.2,203.1,-10.950000000000017,,0.9931588451805843,,,True,,,50.0,50.0,14.050000000000026,702.5000000000005,-0.0006080613683853651
C_20230113,DEVELOPMENT,2023-01-12,2023-01-13,2023-01-19,17867.5,1,F+1,2023-01-25,17850.0,EXECUTABLE,154.95,124.25,219.8,154.95,262.05,0.15,292.85,30.55,-34.150000000000034,-0.001911291450958446,1.1374725486294441,17.5,0.0979431929480901,True,21555.0,2177995.0,50.0,50.0,-33.750000000000014,-1687.5,
C_20230113,DEVELOPMENT,2023-01-12,2023-01-13,2023-01-19,17867.5,2,F+2,2023-02-02,17850.0,EXECUTABLE,154.95,124.25,311.85,221.8,262.05,0.15,390.3,93.95,-59.35000000000002,-0.003321673429410943,1.127428537260485,17.5,0.0979431929480901,True,169.0,2127673.0,50.0,50.0,-24.90000000000002,-1245.0,
C_20230113,DEVELOPMENT,2023-01-12,2023-01-13,2023-01-19,17867.5,3,F+3,2023-02-09,17850.0,EXECUTABLE,154.95,124.25,354.1,260.0,262.05,0.15,449.1,124.5,-63.400000000000034,-0.0035483419616622377,1.0920873979199246,17.5,0.0979431929480901,True,5.0,2126731.0,50.0,50.0,-0.700000000000017,-35.0,
C_20230113,DEVELOPMENT,2023-01-12,2023-01-13,2023-01-19,17867.5,4,F+4,2023-02-16,17850.0,NO_ENTRY_LEG,,,,,,,,,,,,,,,,,,,,,
C_20230113,DEVELOPMENT,2023-01-12,2023-01-13,2023-01-19,17867.5,1,F+1,2023-01-25,17850.0,ADAPTIVE_SELECTED,154.95,124.25,219.8,154.95,262.05,0.15,292.85,30.55,-34.150000000000034,,1.1374725486294441,,,True,,,50.0,50.0,-33.750000000000014,-1687.5,-0.001911291450958446
C_20230120,DEVELOPMENT,2023-01-19,2023-01-20,2023-01-25,18115.599609375,1,F+1,2023-02-02,18100.0,EXECUTABLE,113.0,102.0,222.1,188.6,0.2,211.1,82.1,266.0,-22.5,-0.0012420234761843616,1.0629885790970262,15.599609375,0.08611147139135847,True,88823.0,7449346.0,50.0,50.0,4.499999999999972,224.99999999999955,
C_20230120,DEVELOPMENT,2023-01-19,2023-01-20,2023-01-25,18115.599609375,2,F+2,2023-02-09,18100.0,EXECUTABLE,113.0,102.0,276.95,206.3,0.2,211.1,146.0,295.95,-59.64999999999998,-0.0032927422379732062,1.211780249572107,15.599609375,0.08611147139135847,True,1355.0,7269226.0,50.0,50.0,1.3000000000000114,65.00000000000182,
C_20230120,DEVELOPMENT,2023-01-19,2023-01-20,2023-01-25,18115.599609375,3,F+3,2023-02-16,18100.0,EXECUTABLE,113.0,102.0,333.8,233.0,0.2,211.1,193.95,316.45,-89.80000000000001,-0.004957053696060252,1.2931596338638005,15.599609375,0.08611147139135847,True,146.0,7266438.0,50.0,50.0,-1.400000000000034,-70.0,
C_20230120,DEVELOPMENT,2023-01-19,2023-01-20,2023-01-25,18115.599609375,4,F+4,2023-02-23,18100.0,EXECUTABLE,113.0,102.0,359.7,253.8,0.2,211.1,231.0,346.25,-94.89999999999998,-0.005238579017328706,1.2792945459110023,15.599609375,0.08611147139135847,True,12332.0,7291300.0,50.0,50.0,0.75,37.50000000000182,
C_20230120,DEVELOPMENT,2023-01-19,2023-01-20,2023-01-25,18115.599609375,1,F+1,2023-02-02,18100.0,ADAPTIVE_SELECTED,113.0,102.0,222.1,188.6,0.2,211.1,82.1,266.0,-22.5,,1.0629885790970262,,,True,,,50.0,50.0,4.499999999999972,224.99999999999955,-0.0012420234761843616
C_20230127,DEVELOPMENT,2023-01-25,2023-01-27,2023-02-02,17877.19921875,1,F+1,2023-02-09,17900.0,EXECUTABLE,164.5,148.0,229.0,191.5,0.15,292.15,53.8,314.35,-21.0,-0.0011746806500861017,1.0758767370066742,22.80078125,0.12754112638676665,True,16598.0,1986386.0,50.0,50.0,10.449999999999989,522.4999999999991,
C_20230127,DEVELOPMENT,2023-01-25,2023-01-27,2023-02-02,17877.19921875,2,F+2,2023-02-16,17900.0,EXECUTABLE,164.5,148.0,293.05,237.1,0.15,292.15,109.1,342.75,-39.45000000000002,-0.0022067215069474636,1.1120030664347185,22.80078125,0.12754112638676665,True,450.0,1944282.0,50.0,50.0,18.899999999999977,945.0,
C_20230127,DEVELOPMENT,2023-01-25,2023-01-27,2023-02-02,17877.19921875,3,F+3,2023-02-23,17900.0,EXECUTABLE,164.5,148.0,335.0,250.55,0.15,292.15,150.45,368.55,-67.94999999999999,-0.003800930960635743,1.202946223475527,22.80078125,0.12754112638676665,True,40331.0,2032644.0,50.0,50.0,5.949999999999989,297.5,
C_20230127,DEVELOPMENT,2023-01-25,2023-01-27,2023-02-02,17877.19921875,4,F+4,2023-03-02,17900.0,NO_ENTRY_LEG,,,,,,,,,,,,,,,,,,,,,
C_20230127,DEVELOPMENT,2023-01-25,2023-01-27,2023-02-02,17877.19921875,1,F+1,2023-02-09,17900.0,ADAPTIVE_SELECTED,164.5,148.0,229.0,191.5,0.15,292.15,53.8,314.35,-21.0,,1.0758767370066742,,,True,,,50.0,50.0,10.449999999999989,522.4999999999991,-0.0011746806500861017
C_20230203,DEVELOPMENT,2023-02-02,2023-02-03,2023-02-09,17721.75,1,F+1,2023-02-16,17700.0,EXECUTABLE,170.0,149.2,230.85,194.15,188.2,0.1,258.7,38.2,-15.899999999999977,-0.0008972025900376643,1.043547893532896,21.75,0.12273054297685047,True,25035.0,5082172.0,50.0,50.0,16.5,824.9999999999991,
C_20230203,DEVELOPMENT,2023-02-02,2023-02-03,2023-02-09,17721.75,2,F+2,2023-02-23,17700.0,EXECUTABLE,170.0,149.2,299.75,260.4,188.2,0.1,317.65,74.5,-18.55000000000001,-0.0010467363550439438,1.010271527966025,21.75,0.12273054297685047,True,74747.0,5185312.0,50.0,50.0,36.49999999999997,1824.9999999999973,
C_20230203,DEVELOPMENT,2023-02-02,2023-02-03,2023-02-09,17721.75,3,F+3,2023-03-02,17700.0,EXECUTABLE,170.0,149.2,310.0,244.95,188.2,0.1,366.8,103.95,-44.25,-0.002496931736425579,1.1107188742000167,21.75,0.12273054297685047,True,300.0,5028623.0,50.0,50.0,30.50000000000003,1525.0,
C_20230203,DEVELOPMENT,2023-02-02,2023-02-03,2023-02-09,17721.75,4,F+4,2023-03-09,17700.0,EXECUTABLE,170.0,149.2,325.0,260.0,188.2,0.1,412.85,131.6,-44.19999999999999,-0.002494110344633007,1.0970588235294119,21.75,0.12273054297685047,True,1.0,5028094.0,50.0,50.0,48.950000000000045,2447.500000000001,
C_20230203,DEVELOPMENT,2023-02-02,2023-02-03,2023-02-09,17721.75,1,F+1,2023-02-16,17700.0,ADAPTIVE_SELECTED,170.0,149.2,230.85,194.15,188.2,0.1,258.7,38.2,-15.899999999999977,,1.043547893532896,,,True,,,50.0,50.0,16.5,824.9999999999991,-0.0008972025900376643
C_20230210,DEVELOPMENT,2023-02-09,2023-02-10,2023-02-16,17847.55078125,1,F+1,2023-02-23,17850.0,EXECUTABLE,145.0,89.55,188.05,150.0,198.75,0.15,250.0,34.9,17.399999999999977,0.0009749236863513955,0.7742472413793103,2.44921875,0.013722996393281377,True,33462.0,3347734.0,50.0,50.0,33.900000000000006,1694.9999999999995,
C_20230210,DEVELOPMENT,2023-02-09,2023-02-10,2023-02-16,17847.55078125,2,F+2,2023-03-02,17850.0,EXECUTABLE,145.0,89.55,221.0,149.45,198.75,0.15,302.25,70.85,-16.100000000000023,-0.0009020845603596269,0.9132589610179855,2.44921875,0.013722996393281377,True,745.0,3274474.0,50.0,50.0,16.700000000000017,834.9999999999995,
C_20230210,DEVELOPMENT,2023-02-09,2023-02-10,2023-02-16,17847.55078125,3,F+3,2023-03-09,17850.0,EXECUTABLE,145.0,89.55,265.05,183.25,198.75,0.15,413.95,100.0,-26.350000000000023,-0.001476393053756283,0.893267253140142,2.44921875,0.013722996393281377,True,34.0,3272626.0,50.0,50.0,89.0,4449.999999999999,
C_20230210,DEVELOPMENT,2023-02-09,2023-02-10,2023-02-16,17847.55078125,4,F+4,2023-03-16,17850.0,NO_ENTRY_LEG,,,,,,,,,,,,,,,,,,,,,
C_20230210,DEVELOPMENT,2023-02-09,2023-02-10,2023-02-16,17847.55078125,1,F+1,2023-02-23,17850.0,ADAPTIVE_SELECTED,145.0,89.55,188.05,150.0,198.75,0.15,250.0,34.9,17.399999999999977,,0.7742472413793103,,,True,,,50.0,50.0,33.900000000000006,1694.9999999999995,0.0009749236863513955
C_20230217,DEVELOPMENT,2023-02-16,2023-02-17,2023-02-23,17974.849609375,1,F+1,2023-03-02,17950.0,EXECUTABLE,130.05,79.9,187.2,138.45,0.1,438.8,12.7,416.25,1.4000000000000057,7.788660436245424e-05,0.8307097486882077,24.849609375,0.13824654956801077,True,22688.0,3006029.0,50.0,50.0,36.55000000000001,1827.5,
C_20230217,DEVELOPMENT,2023-02-16,2023-02-17,2023-02-23,17974.849609375,2,F+2,2023-03-09,17950.0,EXECUTABLE,130.05,79.9,231.45,168.9,0.1,438.8,38.7,415.15,-12.399999999999977,-0.0006898527814960192,0.8419066857056616,24.849609375,0.13824654956801077,True,567.0,2947656.0,50.0,50.0,49.85000000000005,2492.500000000002,
C_20230217,DEVELOPMENT,2023-02-16,2023-02-17,2023-02-23,17974.849609375,3,F+3,2023-03-16,17950.0,EXECUTABLE,130.05,79.9,271.4,185.3,0.1,438.8,69.45,449.75,-35.94999999999996,-0.0020000167334501538,0.8998515038323296,24.849609375,0.13824654956801077,True,32.0,2946425.0,50.0,50.0,22.450000000000045,1122.5,
C_20230217,DEVELOPMENT,2023-02-16,2023-02-17,2023-02-23,17974.849609375,4,F+4,2023-03-23,17950.0,NO_ENTRY_LEG,,,,,,,,,,,,,,,,,,,,,
C_20230217,DEVELOPMENT,2023-02-16,2023-02-17,2023-02-23,17974.849609375,1,F+1,2023-03-02,17950.0,ADAPTIVE_SELECTED,130.05,79.9,187.2,138.45,0.1,438.8,12.7,416.25,1.4000000000000057,,0.8307097486882077,,,True,,,50.0,50.0,36.55000000000001,1827.5,7.788660436245424e-05
C_20230224,DEVELOPMENT,2023-02-23,2023-02-24,2023-03-02,17591.349609375,1,F+1,2023-03-09,17600.0,EXECUTABLE,100.0,108.0,171.45,167.05,0.15,274.95,18.05,271.55,-12.399999999999977,-0.0007048919085430271,1.1084465728823705,8.650390625,0.04917411578466911,True,22280.0,4807545.0,50.0,50.0,8.899999999999977,445.0000000000009,
C_20230224,DEVELOPMENT,2023-02-23,2023-02-24,2023-03-02,17591.349609375,2,F+2,2023-03-16,17600.0,EXECUTABLE,100.0,108.0,224.95,195.0,0.15,274.95,54.65,286.75,-37.94999999999999,-0.002157310316871606,1.2458769230769229,8.650390625,0.04917411578466911,True,1215.0,4748908.0,50.0,50.0,4.749999999999972,237.5,
C_20230224,DEVELOPMENT,2023-02-23,2023-02-24,2023-03-02,17591.349609375,3,F+3,2023-03-23,17600.0,EXECUTABLE,100.0,108.0,271.0,212.7,0.15,274.95,92.9,305.4,-66.30000000000001,-0.0037688978658389346,1.3760225669957689,8.650390625,0.04917411578466911,True,339.0,4746425.0,50.0,50.0,-4.000000000000028,-199.9999999999991,
C_20230224,DEVELOPMENT,2023-02-23,2023-02-24,2023-03-02,17591.349609375,4,F+4,2023-03-29,17600.0,EXECUTABLE,100.0,108.0,305.1,235.5,0.15,274.95,119.75,321.65,-77.60000000000002,-0.004411259040559598,1.3991847133757964,8.650390625,0.04917411578466911,True,55031.0,4863727.0,50.0,50.0,-4.7000000000000455,-235.0000000000009,
C_20230224,DEVELOPMENT,2023-02-23,2023-02-24,2023-03-02,17591.349609375,1,F+1,2023-03-09,17600.0,ADAPTIVE_SELECTED,100.0,108.0,171.45,167.05,0.15,274.95,18.05,271.55,-12.399999999999977,,1.1084465728823705,,,True,,,50.0,50.0,8.899999999999977,445.0000000000009,-0.0007048919085430271
C_20230303,DEVELOPMENT,2023-03-02,2023-03-03,2023-03-09,17451.25,1,F+1,2023-03-16,17450.0,EXECUTABLE,84.9,89.05,148.3,140.6,148.55,0.15,208.3,49.85,-11.850000000000023,-0.0006790344531194054,1.1063233123396783,1.25,0.007162810686913545,True,8190.0,2414991.0,50.0,50.0,-1.8000000000000114,-90.0,
C_20230303,DEVELOPMENT,2023-03-02,2023-03-03,2023-03-09,17451.25,2,F+2,2023-03-23,17450.0,EXECUTABLE,84.9,89.05,190.0,165.0,148.55,0.15,264.65,87.1,-29.149999999999977,-0.0016703674521882375,1.2078024056822643,1.25,0.007162810686913545,True,285.0,2384233.0,50.0,50.0,-2.842170943040401e-14,-4.547473508864641e-13,
C_20230303,DEVELOPMENT,2023-03-02,2023-03-03,2023-03-09,17451.25,3,F+3,2023-03-29,17450.0,EXECUTABLE,84.9,89.05,218.95,193.35,148.55,0.15,309.5,117.45,-29.75,-0.0017047489434854238,1.1877553811463186,1.25,0.007162810686913545,True,7103.0,2401143.0,50.0,50.0,13.899999999999991,695.0000000000005,
C_20230303,DEVELOPMENT,2023-03-02,2023-03-03,2023-03-09,17451.25,4,F+4,2023-03-30,17450.0,NO_ENTRY_LEG,,,,,,,,,,,,,,,,,,,,,
C_20230303,DEVELOPMENT,2023-03-02,2023-03-03,2023-03-09,17451.25,1,F+1,2023-03-16,17450.0,ADAPTIVE_SELECTED,84.9,89.05,148.3,140.6,148.55,0.15,208.3,49.85,-11.850000000000023,,1.1063233123396783,,,True,,,50.0,50.0,-1.8000000000000114,-90.0,-0.0006790344531194054
C_20230310,DEVELOPMENT,2023-03-09,2023-03-10,2023-03-16,17443.80078125,1,F+1,2023-03-23,17450.0,EXECUTABLE,105.0,85.0,156.5,163.35,0.1,470.95,19.95,455.75,26.849999999999994,0.0015392287688162853,0.7755768361828969,6.19921875,0.03553823405655618,True,12170.0,2393146.0,50.0,50.0,61.900000000000034,3095.000000000002,
C_20230310,DEVELOPMENT,2023-03-09,2023-03-10,2023-03-16,17443.80078125,2,F+2,2023-03-29,17450.0,EXECUTABLE,105.0,85.0,182.05,134.9,0.1,470.95,50.3,449.7,-27.150000000000006,-0.0015564268556187027,1.0924670832009602,6.19921875,0.03553823405655618,True,13474.0,2390123.0,50.0,50.0,44.30000000000007,2215.000000000002,
C_20230310,DEVELOPMENT,2023-03-09,2023-03-10,2023-03-16,17443.80078125,3,F+3,2023-03-30,17450.0,NO_ENTRY_LEG,,,,,,,,,,,,,,,,,,,,,
C_20230310,DEVELOPMENT,2023-03-09,2023-03-10,2023-03-16,17443.80078125,4,F+4,2023-04-06,17450.0,EXECUTABLE,105.0,85.0,222.0,245.0,0.1,470.95,97.3,382.8,43.0,0.0024650591083463795,0.7335276967930029,6.19921875,0.03553823405655618,True,5577.0,2373544.0,50.0,50.0,228.35000000000002,11417.5,
C_20230310,DEVELOPMENT,2023-03-09,2023-03-10,2023-03-16,17443.80078125,4,F+4,2023-04-06,17450.0,ADAPTIVE_SELECTED,105.0,85.0,222.0,245.0,0.1,470.95,97.3,382.8,43.0,,0.7335276967930029,,,True,,,50.0,50.0,228.35000000000002,11417.5,0.0024650591083463795
C_20230317,DEVELOPMENT,2023-03-16,2023-03-17,2023-03-23,17111.80078125,1,F+1,2023-03-29,17100.0,EXECUTABLE,172.0,125.05,186.5,222.95,4.2,20.1,111.25,125.45,83.39999999999998,0.004873829532388215,0.6081722620047252,11.80078125,0.06896282513369681,True,159061.0,6602012.0,50.0,50.0,85.10000000000001,4255.0,
C_20230317,DEVELOPMENT,2023-03-16,2023-03-17,2023-03-23,17111.80078125,2,F+2,2023-03-30,17100.0,NO_ENTRY_LEG,,,,,,,,,,,,,,,,,,,,,
C_20230317,DEVELOPMENT,2023-03-16,2023-03-17,2023-03-23,17111.80078125,3,F+3,2023-04-06,17100.0,EXECUTABLE,172.0,125.05,290.0,191.1,4.2,20.1,186.05,169.85,-51.94999999999999,-0.003035916597213043,1.1032973117690725,11.80078125,0.06896282513369681,True,2897.0,6278956.0,50.0,50.0,-19.849999999999966,-992.4999999999982,
C_20230317,DEVELOPMENT,2023-03-16,2023-03-17,2023-03-23,17111.80078125,4,F+4,2023-04-13,17100.0,EXECUTABLE,172.0,125.05,329.9,204.9,4.2,20.1,237.7,202.7,-78.04999999999995,-0.004561179796197842,1.1705651934579544,11.80078125,0.06896282513369681,True,64.0,6272949.0,50.0,50.0,-27.14999999999995,-1357.4999999999973,
C_20230317,DEVELOPMENT,2023-03-16,2023-03-17,2023-03-23,17111.80078125,1,F+1,2023-03-29,17100.0,ADAPTIVE_SELECTED,172.0,125.05,186.5,222.95,4.2,20.1,111.25,125.45,83.39999999999998,,0.6081722620047252,,,True,,,50.0,50.0,85.10000000000001,4255.0,0.004873829532388215
C_20230324,DEVELOPMENT,2023-03-23,2023-03-24,2023-03-29,17076.19921875,1,F+1,2023-03-30,17100.0,NO_ENTRY_LEG,,,,,,,,,,,,,,,,,,,,,
C_20230324,DEVELOPMENT,2023-03-23,2023-03-24,2023-03-29,17076.19921875,2,F+2,2023-04-06,17100.0,EXECUTABLE,108.05,120.0,191.3,180.0,0.95,24.65,123.35,102.7,-23.25,-0.0013615441997462203,1.1803177541261762,23.80078125,0.13937985230264985,True,98983.0,6886930.0,50.0,50.0,21.09999999999998,1054.999999999999,
C_20230324,DEVELOPMENT,2023-03-23,2023-03-24,2023-03-29,17076.19921875,3,F+3,2023-04-13,17100.0,EXECUTABLE,108.05,120.0,237.95,198.85,0.95,24.65,188.6,142.4,-51.05000000000001,-0.0029895411353567554,1.3289743186673675,23.80078125,0.13937985230264985,True,3449.0,6672312.0,50.0,50.0,18.849999999999994,942.5,
C_20230324,DEVELOPMENT,2023-03-23,2023-03-24,2023-03-29,17076.19921875,4,F+4,2023-04-20,17100.0,EXECUTABLE,108.05,120.0,292.75,220.0,0.95,24.65,247.7,171.25,-84.69999999999999,-0.004960120159935692,1.4778511631820286,23.80078125,0.13937985230264985,True,55.0,6665188.0,50.0,50.0,15.449999999999989,772.4999999999995,
C_20230324,DEVELOPMENT,2023-03-23,2023-03-24,2023-03-29,17076.19921875,2,F+2,2023-04-06,17100.0,ADAPTIVE_SELECTED,108.05,120.0,191.3,180.0,0.95,24.65,123.35,102.7,-23.25,,1.1803177541261762,,,True,,,50.0,50.0,21.09999999999998,1054.999999999999,-0.0013615441997462203
C_20230331,DEVELOPMENT,2023-03-30,2023-03-31,2023-04-06,17210.349609375,1,F+1,2023-04-13,17200.0,EXECUTABLE,95.0,90.0,154.75,137.45,399.45,0.1,400.2,9.4,-12.300000000000011,-0.0007146862370128628,1.0666079531312824,10.349609375,0.060135962429038944,True,32288.0,4162038.0,50.0,50.0,-20.85000000000005,-1042.500000000001,
C_20230331,DEVELOPMENT,2023-03-30,2023-03-31,2023-04-06,17210.349609375,2,F+2,2023-04-20,17200.0,EXECUTABLE,95.0,90.0,225.0,185.0,399.45,0.1,436.95,29.85,-35.0,-0.002033660024020339,1.1522048364153628,10.349609375,0.060135962429038944,True,1440.0,4072252.0,50.0,50.0,-27.25000000000003,-1362.5,
C_20230331,DEVELOPMENT,2023-03-30,2023-03-31,2023-04-06,17210.349609375,3,F+3,2023-04-27,17200.0,EXECUTABLE,95.0,90.0,260.1,197.0,399.45,0.1,489.65,52.0,-58.10000000000002,-0.0033758756398737646,1.2508148543948703,10.349609375,0.060135962429038944,True,47535.0,4188265.0,50.0,50.0,-19.800000000000068,-990.0000000000018,
C_20230331,DEVELOPMENT,2023-03-30,2023-03-31,2023-04-06,17210.349609375,4,F+4,2023-05-04,17200.0,EXECUTABLE,95.0,90.0,354.6,394.45,399.45,0.1,526.7,72.75,44.849999999999966,0.0026059900593517755,0.8516588721137361,10.349609375,0.060135962429038944,True,205.0,4069671.0,50.0,50.0,99.44999999999999,4972.500000000002,
C_20230331,DEVELOPMENT,2023-03-30,2023-03-31,2023-04-06,17210.349609375,4,F+4,2023-05-04,17200.0,ADAPTIVE_SELECTED,95.0,90.0,354.6,394.45,399.45,0.1,526.7,72.75,44.849999999999966,,0.8516588721137361,,,True,,,50.0,50.0,99.44999999999999,4972.500000000002,0.0026059900593517755
C_20230410,DEVELOPMENT,2023-04-06,2023-04-10,2023-04-13,17634.900390625,1,F+1,2023-04-20,17650.0,EXECUTABLE,74.45,120.0,135.0,138.0,173.2,0.2,225.1,24.85,-42.55,-0.0024128290524748452,1.5767804479224459,15.099609375,0.08562344578383442,True,29127.0,5115185.0,50.0,50.0,-15.299999999999983,-765.0,
C_20230410,DEVELOPMENT,2023-04-06,2023-04-10,2023-04-13,17634.900390625,2,F+2,2023-04-27,17650.0,EXECUTABLE,74.45,120.0,186.35,150.05,173.2,0.2,286.4,57.7,-81.84999999999998,-0.004641364464043856,2.001750479860194,15.099609375,0.08562344578383442,True,18354.0,5092661.0,50.0,50.0,-26.14999999999999,-1307.500000000001,
C_20230410,DEVELOPMENT,2023-04-06,2023-04-10,2023-04-13,17634.900390625,3,F+3,2023-05-04,17650.0,EXECUTABLE,74.45,120.0,254.0,181.0,173.2,0.2,309.4,88.25,-118.55000000000001,-0.006722464962888201,2.261891068572849,15.099609375,0.08562344578383442,True,8.0,5054684.0,50.0,50.0,-70.4,-3520.000000000001,
C_20230410,DEVELOPMENT,2023-04-06,2023-04-10,2023-04-13,17634.900390625,4,F+4,2023-05-11,17650.0,NO_ENTRY_LEG,,,,,,,,,,,,,,,,,,,,,
C_20230410,DEVELOPMENT,2023-04-06,2023-04-10,2023-04-13,17634.900390625,1,F+1,2023-04-20,17650.0,ADAPTIVE_SELECTED,74.45,120.0,135.0,138.0,173.2,0.2,225.1,24.85,-42.55,,1.5767804479224459,,,True,,,50.0,50.0,-15.299999999999983,-765.0,-0.0024128290524748452
C_20230417,DEVELOPMENT,2023-04-13,2023-04-17,2023-04-20,17863.0,1,F+1,2023-04-27,17850.0,EXECUTABLE,84.9,90.0,140.0,140.0,0.1,226.5,21.6,217.5,-5.099999999999994,-0.0002855063539159153,1.0600706713780919,13.0,0.0727761294295471,True,14076.0,1900201.0,50.0,50.0,25.400000000000006,1270.0,
C_20230417,DEVELOPMENT,2023-04-13,2023-04-17,2023-04-20,17863.0,2,F+2,2023-05-04,17850.0,EXECUTABLE,84.9,90.0,125.0,151.75,0.1,226.5,61.1,238.2,21.650000000000006,0.0012120024631920732,0.8732048363905204,13.0,0.0727761294295471,True,253.0,1842391.0,50.0,50.0,70.95000000000002,3547.500000000001,
C_20230417,DEVELOPMENT,2023-04-13,2023-04-17,2023-04-20,17863.0,3,F+3,2023-05-11,17850.0,NO_ENTRY_LEG,,,,,,,,,,,,,,,,,,,,,
C_20230417,DEVELOPMENT,2023-04-13,2023-04-17,2023-04-20,17863.0,4,F+4,2023-05-18,17850.0,NO_ENTRY_LEG,,,,,,,,,,,,,,,,,,,,,
C_20230417,DEVELOPMENT,2023-04-13,2023-04-17,2023-04-20,17863.0,2,F+2,2023-05-04,17850.0,ADAPTIVE_SELECTED,84.9,90.0,125.0,151.75,0.1,226.5,61.1,238.2,21.650000000000006,,0.8732048363905204,,,True,,,50.0,50.0,70.95000000000002,3547.500000000001,0.0012120024631920732
C_20230421,DEVELOPMENT,2023-04-20,2023-04-21,2023-04-27,17639.75,1,F+1,2023-05-04,17650.0,EXECUTABLE,104.9,89.9,145.0,128.2,257.95,0.1,299.15,16.35,-1.8000000000000114,-0.00010204226250372093,0.969313319720587,10.25,0.05810739948128517,True,38350.0,4155243.0,50.0,50.0,23.149999999999977,1157.499999999999,
C_20230421,DEVELOPMENT,2023-04-20,2023-04-21,2023-04-27,17639.75,2,F+2,2023-05-11,17650.0,EXECUTABLE,104.9,89.9,206.35,155.2,257.95,0.1,342.9,40.85,-36.150000000000006,-0.0020493487719497163,1.1394544264051183,10.25,0.05810739948128517,True,1402.0,4074262.0,50.0,50.0,8.049999999999983,402.4999999999991,
C_20230421,DEVELOPMENT,2023-04-20,2023-04-21,2023-04-27,17639.75,3,F+3,2023-05-18,17650.0,NO_ENTRY_LEG,,,,,,,,,,,,,,,,,,,,,
C_20230421,DEVELOPMENT,2023-04-20,2023-04-21,2023-04-27,17639.75,4,F+4,2023-05-25,17650.0,EXECUTABLE,104.9,89.9,284.6,210.95,257.95,0.1,420.45,89.55,-58.650000000000034,-0.0033248770532462216,1.1562175830388248,10.25,0.05810739948128517,True,1237.0,4074308.0,50.0,50.0,14.399999999999963,719.9999999999982,
C_20230421,DEVELOPMENT,2023-04-20,2023-04-21,2023-04-27,17639.75,1,F+1,2023-05-04,17650.0,ADAPTIVE_SELECTED,104.9,89.9,145.0,128.2,257.95,0.1,299.15,16.35,-1.8000000000000114,,0.969313319720587,,,True,,,50.0,50.0,23.149999999999977,1157.499999999999,-0.00010204226250372093
C_20230428,DEVELOPMENT,2023-04-27,2023-04-28,2023-05-04,17950.400390625,1,F+1,2023-05-11,17950.0,EXECUTABLE,99.0,93.0,147.05,110.0,303.65,0.1,332.65,13.8,-31.05000000000001,-0.0017297664299575496,1.2557988980716253,0.400390625,0.002230538685973339,True,15967.0,4397254.0,50.0,50.0,-15.749999999999986,-787.5,
C_20230428,DEVELOPMENT,2023-04-27,2023-04-28,2023-05-04,17950.400390625,2,F+2,2023-05-18,17950.0,EXECUTABLE,99.0,93.0,192.35,154.75,303.65,0.1,370.8,39.35,-31.599999999999994,-0.0017604064150292605,1.1676408674793166,0.400390625,0.002230538685973339,True,242.0,4359450.0,50.0,50.0,-3.699999999999932,-184.99999999999818,
C_20230428,DEVELOPMENT,2023-04-27,2023-04-28,2023-05-04,17950.400390625,3,F+3,2023-05-25,17950.0,EXECUTABLE,99.0,93.0,246.0,165.0,303.65,0.1,410.2,63.3,-75.0,-0.004178179782506157,1.400550964187328,0.400390625,0.002230538685973339,True,10193.0,4380243.0,50.0,50.0,-31.649999999999963,-1582.4999999999982,
C_20230428,DEVELOPMENT,2023-04-27,2023-04-28,2023-05-04,17950.400390625,4,F+4,2023-06-01,17950.0,EXECUTABLE,99.0,93.0,265.9,197.85,303.65,0.1,434.35,197.85,-62.04999999999998,-0.0034567474067267595,1.262496075232997,0.400390625,0.002230538685973339,True,1.0,4358990.0,50.0,50.0,-129.0999999999999,-6454.999999999996,
C_20230428,DEVELOPMENT,2023-04-27,2023-04-28,2023-05-04,17950.400390625,1,F+1,2023-05-11,17950.0,ADAPTIVE_SELECTED,99.0,93.0,147.05,110.0,303.65,0.1,332.65,13.8,-31.05000000000001,,1.2557988980716253,,,True,,,50.0,50.0,-15.749999999999986,-787.5,-0.0017297664299575496
C_20230505,DEVELOPMENT,2023-05-04,2023-05-05,2023-05-11,18117.30078125,1,F+1,2023-05-18,18100.0,EXECUTABLE,135.0,48.0,200.0,109.15,193.95,0.15,261.0,32.9,-3.8499999999999943,-0.00021250406153130964,0.6514989565837023,17.30078125,0.09549315021531776,True,42911.0,6830565.0,50.0,50.0,30.450000000000017,1522.5,
C_20230505,DEVELOPMENT,2023-05-04,2023-05-05,2023-05-11,18117.30078125,2,F+2,2023-05-25,18100.0,EXECUTABLE,135.0,48.0,210.0,139.15,193.95,0.15,315.45,64.05,16.150000000000006,0.0008914131412287421,0.5365912085279675,17.30078125,0.09549315021531776,True,85473.0,6915397.0,50.0,50.0,73.75000000000001,3687.4999999999995,
C_20230505,DEVELOPMENT,2023-05-04,2023-05-05,2023-05-11,18117.30078125,3,F+3,2023-06-01,18100.0,EXECUTABLE,135.0,48.0,310.95,170.65,193.95,0.15,356.3,97.5,-53.30000000000001,-0.0029419393453555386,0.6478757691180779,17.30078125,0.09549315021531776,True,614.0,6714493.0,50.0,50.0,11.700000000000045,585.0000000000014,
C_20230505,DEVELOPMENT,2023-05-04,2023-05-05,2023-05-11,18117.30078125,4,F+4,2023-06-08,18100.0,EXECUTABLE,135.0,48.0,272.75,202.8,193.95,0.15,394.9,132.4,17.05000000000001,0.0009410894153529447,0.4781941705018627,17.30078125,0.09549315021531776,True,30.0,6713281.0,50.0,50.0,85.75,4287.5,
C_20230505,DEVELOPMENT,2023-05-04,2023-05-05,2023-05-11,18117.30078125,4,F+4,2023-06-08,18100.0,ADAPTIVE_SELECTED,135.0,48.0,272.75,202.8,193.95,0.15,394.9,132.4,17.05000000000001,,0.4781941705018627,,,True,,,50.0,50.0,85.75,4287.5,0.0009410894153529447
C_20230512,DEVELOPMENT,2023-05-11,2023-05-12,2023-05-18,18273.75,1,F+1,2023-05-25,18250.0,EXECUTABLE,132.05,84.85,208.0,140.75,0.25,116.45,62.6,139.2,-20.049999999999983,-0.0010972022710171686,0.9495730329824201,23.75,0.1299678500581435,True,38751.0,3479710.0,50.0,50.0,19.55000000000004,977.5000000000024,
C_20230512,DEVELOPMENT,2023-05-11,2023-05-12,2023-05-18,18273.75,2,F+2,2023-06-01,18250.0,EXECUTABLE,132.05,84.85,265.7,180.65,0.25,116.45,119.8,175.45,-37.849999999999966,-0.0020712771051371484,0.9450766422275233,23.75,0.1299678500581435,True,915.0,3393902.0,50.0,50.0,22.700000000000074,1135.0000000000036,
C_20230512,DEVELOPMENT,2023-05-11,2023-05-12,2023-05-18,18273.75,3,F+3,2023-06-08,18250.0,EXECUTABLE,132.05,84.85,235.8,207.55,0.25,116.45,164.35,203.3,18.950000000000017,0.001037006635200767,0.730019572570525,23.75,0.1299678500581435,True,8.0,3391154.0,50.0,50.0,96.20000000000002,4810.000000000001,
C_20230512,DEVELOPMENT,2023-05-11,2023-05-12,2023-05-18,18273.75,4,F+4,2023-06-15,18250.0,NO_ENTRY_LEG,,,,,,,,,,,,,,,,,,,,,
C_20230512,DEVELOPMENT,2023-05-11,2023-05-12,2023-05-18,18273.75,3,F+3,2023-06-08,18250.0,ADAPTIVE_SELECTED,132.05,84.85,235.8,207.55,0.25,116.45,164.35,203.3,18.950000000000017,,0.730019572570525,,,True,,,50.0,50.0,96.20000000000002,4810.000000000001,0.001037006635200767
C_20230519,DEVELOPMENT,2023-05-18,2023-05-19,2023-05-25,18186.150390625,1,F+1,2023-06-01,18200.0,EXECUTABLE,85.55,80.0,154.15,137.4,119.4,0.3,193.65,45.35,-11.200000000000017,-0.0006158532597296479,1.0491238726725012,13.849609375,0.07615470606764312,True,90892.0,7572560.0,50.0,50.0,18.0,900.0000000000009,
C_20230519,DEVELOPMENT,2023-05-18,2023-05-19,2023-05-25,18186.150390625,2,F+2,2023-06-08,18200.0,EXECUTABLE,85.55,80.0,199.0,176.4,119.4,0.3,249.1,81.55,-17.05000000000001,-0.0009375266141420079,1.0549320059214022,13.849609375,0.07615470606764312,True,5740.0,7383768.0,50.0,50.0,31.39999999999999,1569.9999999999995,
C_20230519,DEVELOPMENT,2023-05-18,2023-05-19,2023-05-25,18186.150390625,3,F+3,2023-06-15,18200.0,EXECUTABLE,85.55,80.0,240.0,208.65,119.4,0.3,294.1,107.0,-25.80000000000001,-0.0014186619733057948,1.075629800155546,13.849609375,0.07615470606764312,True,396.0,7373058.0,50.0,50.0,42.20000000000002,2110.000000000001,
C_20230519,DEVELOPMENT,2023-05-18,2023-05-19,2023-05-25,18186.150390625,4,F+4,2023-06-22,18200.0,NO_ENTRY_LEG,,,,,,,,,,,,,,,,,,,,,
C_20230519,DEVELOPMENT,2023-05-18,2023-05-19,2023-05-25,18186.150390625,1,F+1,2023-06-01,18200.0,ADAPTIVE_SELECTED,85.55,80.0,154.15,137.4,119.4,0.3,193.65,45.35,-11.200000000000017,,1.0491238726725012,,,True,,,50.0,50.0,18.0,900.0000000000009,-0.0006158532597296479
C_20230526,DEVELOPMENT,2023-05-25,2023-05-26,2023-06-01,18368.349609375,1,F+1,2023-06-08,18350.0,EXECUTABLE,115.0,80.0,162.05,121.0,146.55,0.15,212.8,44.05,-6.050000000000011,-0.00032937090858245417,0.9316564858066835,18.349609375,0.09989797540457616,True,17895.0,3299738.0,50.0,50.0,16.299999999999997,815.0,
C_20230526,DEVELOPMENT,2023-05-25,2023-05-26,2023-06-01,18368.349609375,2,F+2,2023-06-15,18350.0,EXECUTABLE,115.0,80.0,207.05,162.7,146.55,0.15,264.3,75.65,-9.350000000000023,-0.0005090277678092477,0.885278319660084,18.349609375,0.09989797540457616,True,491.0,3253467.0,50.0,50.0,32.89999999999998,1644.999999999999,
C_20230526,DEVELOPMENT,2023-05-25,2023-05-26,2023-06-01,18368.349609375,3,F+3,2023-06-22,18350.0,EXECUTABLE,115.0,80.0,280.95,184.6,146.55,0.15,306.45,100.65,-61.349999999999994,-0.0033399843374435577,1.0587404022799,18.349609375,0.09989797540457616,True,24.0,3252109.0,50.0,50.0,-1.950000000000017,-97.50000000000091,
C_20230526,DEVELOPMENT,2023-05-25,2023-05-26,2023-06-01,18368.349609375,4,F+4,2023-06-28,18350.0,NO_ENTRY_LEG,,,,,,,,,,,,,,,,,,,,,
C_20230526,DEVELOPMENT,2023-05-25,2023-05-26,2023-06-01,18368.349609375,1,F+1,2023-06-08,18350.0,ADAPTIVE_SELECTED,115.0,80.0,162.05,121.0,146.55,0.15,212.8,44.05,-6.050000000000011,,0.9316564858066835,,,True,,,50.0,50.0,16.299999999999997,815.0,-0.00032937090858245417
C_20230602,DEVELOPMENT,2023-06-01,2023-06-02,2023-06-08,18550.849609375,1,F+1,2023-06-15,18550.0,EXECUTABLE,100.0,85.4,164.0,126.0,85.7,0.2,166.5,48.7,-23.400000000000006,-0.0012613977522719175,1.1115555555555556,0.849609375,0.004579894683479267,True,22288.0,5515360.0,50.0,50.0,8.899999999999991,445.0,
C_20230602,DEVELOPMENT,2023-06-01,2023-06-02,2023-06-08,18550.849609375,2,F+2,2023-06-22,18550.0,EXECUTABLE,100.0,85.4,201.3,154.15,85.7,0.2,220.75,81.7,-32.55000000000001,-0.0017546366169423472,1.1152137528381447,0.849609375,0.004579894683479267,True,430.0,5467063.0,50.0,50.0,20.999999999999986,1049.9999999999995,
C_20230602,DEVELOPMENT,2023-06-01,2023-06-02,2023-06-08,18550.849609375,3,F+3,2023-06-28,18550.0,NO_ENTRY_LEG,,,,,,,,,,,,,,,,,,,,,
C_20230602,DEVELOPMENT,2023-06-01,2023-06-02,2023-06-08,18550.849609375,4,F+4,2023-06-29,18550.0,EXECUTABLE,100.0,85.4,234.0,166.0,85.7,0.2,273.35,108.1,-53.400000000000006,-0.0028785743577487348,1.2038313253012047,0.849609375,0.004579894683479267,True,11235.0,5489563.0,50.0,50.0,26.350000000000023,1317.5000000000016,
C_20230602,DEVELOPMENT,2023-06-01,2023-06-02,2023-06-08,18550.849609375,1,F+1,2023-06-15,18550.0,ADAPTIVE_SELECTED,100.0,85.4,164.0,126.0,85.7,0.2,166.5,48.7,-23.400000000000006,,1.1115555555555556,,,True,,,50.0,50.0,8.899999999999991,445.0,-0.0012613977522719175
C_20230609,DEVELOPMENT,2023-06-08,2023-06-09,2023-06-15,18655.900390625,1,F+1,2023-06-22,18650.0,EXECUTABLE,111.0,71.6,161.0,113.3,37.3,0.95,130.55,64.9,-8.300000000000011,-0.0004448994594852653,0.9166129942828972,5.900390625,0.031627477106197864,True,19602.0,5307652.0,50.0,50.0,21.000000000000014,1050.0000000000005,
C_20230609,DEVELOPMENT,2023-06-08,2023-06-09,2023-06-15,18655.900390625,2,F+2,2023-06-28,18650.0,NO_ENTRY_LEG,,,,,,,,,,,,,,,,,,,,,
C_20230609,DEVELOPMENT,2023-06-08,2023-06-09,2023-06-15,18655.900390625,3,F+3,2023-06-29,18650.0,EXECUTABLE,111.0,71.6,223.0,143.05,37.3,0.95,194.2,96.75,-40.54999999999998,-0.0021735750701358404,1.0055578122687523,5.900390625,0.031627477106197864,True,18444.0,5306859.0,50.0,50.0,20.55000000000001,1027.5000000000005,
C_20230609,DEVELOPMENT,2023-06-08,2023-06-09,2023-06-15,18655.900390625,4,F+4,2023-07-06,18650.0,EXECUTABLE,111.0,71.6,256.7,155.9,37.3,0.95,242.35,125.0,-61.39999999999998,-0.003291183953300631,1.0621107316424825,5.900390625,0.031627477106197864,True,88.0,5267503.0,50.0,50.0,19.600000000000023,980.0000000000009,
C_20230609,DEVELOPMENT,2023-06-08,2023-06-09,2023-06-15,18655.900390625,1,F+1,2023-06-22,18650.0,ADAPTIVE_SELECTED,111.0,71.6,161.0,113.3,37.3,0.95,130.55,64.9,-8.300000000000011,,0.9166129942828972,,,True,,,50.0,50.0,21.000000000000014,1050.0000000000005,-0.0004448994594852653
C_20230616,DEVELOPMENT,2023-06-15,2023-06-16,2023-06-22,18723.30078125,1,F+1,2023-06-28,18700.0,NO_ENTRY_LEG,,,,,,,,,,,,,,,,,,,,,
C_20230616,DEVELOPMENT,2023-06-15,2023-06-16,2023-06-22,18723.30078125,2,F+2,2023-06-29,18700.0,EXECUTABLE,110.0,70.0,163.0,111.0,74.4,0.3,176.6,44.0,-12.0,-0.0006409126328845346,0.9344799344799346,23.30078125,0.12444804216003413,True,106807.0,5093803.0,50.0,50.0,46.499999999999986,2324.9999999999995,
C_20230616,DEVELOPMENT,2023-06-15,2023-06-16,2023-06-22,18723.30078125,3,F+3,2023-07-06,18700.0,EXECUTABLE,110.0,70.0,233.55,110.1,74.4,0.3,240.15,81.7,-83.45000000000002,-0.004457013267851201,1.3498885310874416,23.30078125,0.12444804216003413,True,3133.0,4768526.0,50.0,50.0,0.8999999999999773,44.99999999999909,
C_20230616,DEVELOPMENT,2023-06-15,2023-06-16,2023-06-22,18723.30078125,4,F+4,2023-07-13,18700.0,EXECUTABLE,110.0,70.0,282.0,142.95,74.4,0.3,293.8,116.65,-99.05000000000001,-0.005290199690601096,1.2553658303920634,23.30078125,0.12444804216003413,True,178.0,4760676.0,50.0,50.0,3.999999999999986,199.99999999999955,
C_20230616,DEVELOPMENT,2023-06-15,2023-06-16,2023-06-22,18723.30078125,2,F+2,2023-06-29,18700.0,ADAPTIVE_SELECTED,110.0,70.0,163.0,111.0,74.4,0.3,176.6,44.0,-12.0,,0.9344799344799346,,,True,,,50.0,50.0,46.499999999999986,2324.9999999999995,-0.0006409126328845346
C_20230623,DEVELOPMENT,2023-06-22,2023-06-23,2023-06-28,18741.849609375,1,F+1,,,NO_VALID_NEAR_ATM,,,,,,,,,,,,,,,,,,,,,
C_20230623,DEVELOPMENT,2023-06-22,2023-06-23,2023-06-28,18741.849609375,2,F+2,,,NO_VALID_NEAR_ATM,,,,,,,,,,,,,,,,,,,,,
C_20230623,DEVELOPMENT,2023-06-22,2023-06-23,2023-06-28,18741.849609375,3,F+3,,,NO_VALID_NEAR_ATM,,,,,,,,,,,,,,,,,,,,,
C_20230623,DEVELOPMENT,2023-06-22,2023-06-23,2023-06-28,18741.849609375,4,F+4,,,NO_VALID_NEAR_ATM,,,,,,,,,,,,,,,,,,,,,
C_20230623,DEVELOPMENT,2023-06-22,2023-06-23,2023-06-28,18741.849609375,1,F+1,2023-06-29,,NO_ENTRY_LEG,,,,,,,,,,,,,,,,,,,,,
C_20230623,DEVELOPMENT,2023-06-22,2023-06-23,2023-06-28,18741.849609375,2,F+2,2023-07-06,,NO_ENTRY_LEG,,,,,,,,,,,,,,,,,,,,,
C_20230623,DEVELOPMENT,2023-06-22,2023-06-23,2023-06-28,18741.849609375,3,F+3,2023-07-13,,NO_ENTRY_LEG,,,,,,,,,,,,,,,,,,,,,
C_20230623,DEVELOPMENT,2023-06-22,2023-06-23,2023-06-28,18741.849609375,4,F+4,2023-07-20,,NO_ENTRY_LEG,,,,,,,,,,,,,,,,,,,,,
C_20230630,DEVELOPMENT,2023-06-29,2023-06-30,2023-07-06,19076.849609375,1,F+1,2023-07-13,19100.0,EXECUTABLE,61.6,111.1,126.65,138.95,398.2,0.15,396.75,15.5,-37.20000000000002,-0.0019500075097157916,1.6439173906338354,23.150390625,0.12135332142904312,True,57766.0,7010459.0,50.0,50.0,-53.99999999999994,-2699.999999999999,
C_20230630,DEVELOPMENT,2023-06-29,2023-06-30,2023-07-06,19076.849609375,2,F+2,2023-07-20,19100.0,EXECUTABLE,61.6,111.1,180.0,180.0,398.2,0.15,446.05,44.25,-49.5,-0.0025947680572831087,1.8035714285714284,23.150390625,0.12135332142904312,True,1650.0,6890882.0,50.0,50.0,-45.74999999999994,-2287.5,
C_20230630,DEVELOPMENT,2023-06-29,2023-06-30,2023-07-06,19076.849609375,3,F+3,2023-07-27,19100.0,EXECUTABLE,61.6,111.1,220.0,190.0,398.2,0.15,501.7,70.45,-79.5,-0.004167354758666811,2.088345864661654,23.150390625,0.12135332142904312,True,60155.0,7018090.0,50.0,50.0,-46.29999999999997,-2315.0,
C_20230630,DEVELOPMENT,2023-06-29,2023-06-30,2023-07-06,19076.849609375,4,F+4,2023-08-03,19100.0,EXECUTABLE,61.6,111.1,299.55,233.5,398.2,0.15,539.6,95.3,-115.55000000000001,-0.006057079778162893,2.3137465585806054,23.150390625,0.12135332142904312,True,72.0,6886945.0,50.0,50.0,-69.29999999999995,-3465.000000000001,
C_20230630,DEVELOPMENT,2023-06-29,2023-06-30,2023-07-06,19076.849609375,1,F+1,2023-07-13,19100.0,ADAPTIVE_SELECTED,61.6,111.1,126.65,138.95,398.2,0.15,396.75,15.5,-37.20000000000002,,1.6439173906338354,,,True,,,50.0,50.0,-53.99999999999994,-2699.999999999999,-0.0019500075097157916
C_20230707,DEVELOPMENT,2023-07-06,2023-07-07,2023-07-13,19422.80078125,1,F+1,2023-07-20,19400.0,EXECUTABLE,111.4,81.0,178.95,120.0,9.0,6.35,119.55,71.3,-28.549999999999983,-0.0014699218882768452,1.084302064631957,22.80078125,0.1173918298745615,True,53166.0,8524920.0,50.0,50.0,17.05000000000001,852.5,
C_20230707,DEVELOPMENT,2023-07-06,2023-07-07,2023-07-13,19422.80078125,2,F+2,2023-07-27,19400.0,EXECUTABLE,111.4,81.0,252.85,168.65,9.0,6.35,181.2,107.05,-53.79999999999998,-0.002769940370903478,1.0901253538901436,22.80078125,0.1173918298745615,True,99368.0,8646302.0,50.0,50.0,17.700000000000003,884.9999999999995,
C_20230707,DEVELOPMENT,2023-07-06,2023-07-07,2023-07-13,19422.80078125,3,F+3,2023-08-03,19400.0,EXECUTABLE,111.4,81.0,312.45,180.05,9.0,6.35,237.25,136.45,-101.99999999999997,-0.005251559811006594,1.2617904362293137,22.80078125,0.1173918298745615,True,445.0,8415080.0,50.0,50.0,-3.849999999999966,-192.4999999999991,
C_20230707,DEVELOPMENT,2023-07-06,2023-07-07,2023-07-13,19422.80078125,4,F+4,2023-08-10,19400.0,EXECUTABLE,111.4,81.0,346.85,185.15,9.0,6.35,281.25,165.05,-131.3,-0.00676009610965849,1.3621276552419286,22.80078125,0.1173918298745615,True,20.0,8413756.0,50.0,50.0,-17.75000000000003,-887.5000000000016,
C_20230707,DEVELOPMENT,2023-07-06,2023-07-07,2023-07-13,19422.80078125,1,F+1,2023-07-20,19400.0,ADAPTIVE_SELECTED,111.4,81.0,178.95,120.0,9.0,6.35,119.55,71.3,-28.549999999999983,,1.084302064631957,,,True,,,50.0,50.0,17.05000000000001,852.5,-0.0014699218882768452
C_20230714,DEVELOPMENT,2023-07-13,2023-07-14,2023-07-20,19493.44921875,1,F+1,2023-07-27,19500.0,EXECUTABLE,84.25,90.15,142.1,115.05,481.65,0.15,486.45,15.75,-32.95,-0.0016903114287391819,1.321609879332557,6.55078125,0.033605039192853854,True,225398.0,11504949.0,50.0,50.0,-43.74999999999996,-2187.5,
C_20230714,DEVELOPMENT,2023-07-13,2023-07-14,2023-07-20,19493.44921875,2,F+2,2023-08-03,19500.0,EXECUTABLE,84.25,90.15,208.95,155.0,481.65,0.15,530.8,36.15,-59.849999999999994,-0.003070262185433688,1.4424690341724897,6.55078125,0.033605039192853854,True,4843.0,10998509.0,50.0,50.0,-46.70000000000002,-2335.000000000002,
C_20230714,DEVELOPMENT,2023-07-13,2023-07-14,2023-07-20,19493.44921875,3,F+3,2023-08-10,19500.0,EXECUTABLE,84.25,90.15,258.25,174.7,481.65,0.15,565.05,59.15,-89.45000000000002,-0.004588721010644001,1.581769680622483,6.55078125,0.033605039192853854,True,218.0,10987127.0,50.0,50.0,-65.05000000000004,-3252.5000000000027,
C_20230714,DEVELOPMENT,2023-07-13,2023-07-14,2023-07-20,19493.44921875,4,F+4,2023-08-17,19500.0,NO_ENTRY_LEG,,,,,,,,,,,,,,,,,,,,,
C_20230714,DEVELOPMENT,2023-07-13,2023-07-14,2023-07-20,19493.44921875,1,F+1,2023-07-27,19500.0,ADAPTIVE_SELECTED,84.25,90.15,142.1,115.05,481.65,0.15,486.45,15.75,-32.95,,1.321609879332557,,,True,,,50.0,50.0,-43.74999999999996,-2187.5,-0.0016903114287391819
C_20230721,DEVELOPMENT,2023-07-20,2023-07-21,2023-07-27,19800.44921875,1,F+1,2023-08-03,19800.0,EXECUTABLE,130.05,70.0,216.2,150.0,0.3,156.9,80.7,154.6,-6.149999999999977,-0.0003105990137928914,0.7758041778803023,0.44921875,0.002268730093126438,True,125242.0,9539989.0,50.0,50.0,76.55000000000001,3827.5000000000005,
C_20230721,DEVELOPMENT,2023-07-20,2023-07-21,2023-07-27,19800.44921875,2,F+2,2023-08-10,19800.0,EXECUTABLE,130.05,70.0,280.35,155.0,0.3,156.9,138.1,186.7,-65.30000000000001,-0.0032979049757196565,0.973546154704766,0.44921875,0.002268730093126438,True,6453.0,9267754.0,50.0,50.0,42.69999999999999,2134.9999999999986,
C_20230721,DEVELOPMENT,2023-07-20,2023-07-21,2023-07-27,19800.44921875,3,F+3,2023-08-17,19800.0,EXECUTABLE,130.05,70.0,326.05,174.3,0.3,156.9,181.55,209.7,-91.69999999999999,-0.004631208059318413,1.0068725497916309,0.44921875,0.002268730093126438,True,281.0,9255006.0,50.0,50.0,36.75000000000003,1837.5000000000011,
C_20230721,DEVELOPMENT,2023-07-20,2023-07-21,2023-07-27,19800.44921875,4,F+4,2023-08-24,19800.0,NO_ENTRY_LEG,,,,,,,,,,,,,,,,,,,,,
C_20230721,DEVELOPMENT,2023-07-20,2023-07-21,2023-07-27,19800.44921875,1,F+1,2023-08-03,19800.0,ADAPTIVE_SELECTED,130.05,70.0,216.2,150.0,0.3,156.9,80.7,154.6,-6.149999999999977,,0.7758041778803023,,,True,,,50.0,50.0,76.55000000000001,3827.5000000000005,-0.0003105990137928914
C_20230728,DEVELOPMENT,2023-07-27,2023-07-28,2023-08-03,19659.75,1,F+1,2023-08-10,19650.0,EXECUTABLE,170.05,88.0,203.9,125.75,0.15,277.4,27.4,261.65,3.9000000000000057,0.0001983748521725864,0.8391029886543719,9.75,0.04959371304314653,True,17911.0,4541472.0,50.0,50.0,46.89999999999998,2345.000000000001,
C_20230728,DEVELOPMENT,2023-07-27,2023-07-28,2023-08-03,19659.75,2,F+2,2023-08-17,19650.0,EXECUTABLE,170.05,88.0,260.0,171.0,0.15,277.4,63.35,275.45,-6.949999999999989,-0.00035351415964089006,0.7868342816268349,9.75,0.04959371304314653,True,338.0,4503378.0,50.0,50.0,58.19999999999996,2910.000000000001,
C_20230728,DEVELOPMENT,2023-07-27,2023-07-28,2023-08-03,19659.75,3,F+3,2023-08-24,19650.0,EXECUTABLE,170.05,88.0,299.0,190.95,0.15,277.4,98.4,320.0,-26.0,-0.0013224990144839075,0.8103218721231583,9.75,0.04959371304314653,True,32.0,4502777.0,50.0,50.0,29.64999999999995,1482.499999999999,
C_20230728,DEVELOPMENT,2023-07-27,2023-07-28,2023-08-03,19659.75,4,F+4,2023-08-31,19650.0,EXECUTABLE,170.05,88.0,313.05,190.0,0.15,277.4,127.15,306.1,-41.0,-0.0020854792151477003,0.8526408641421253,9.75,0.04959371304314653,True,7657.0,4519830.0,50.0,50.0,57.299999999999926,2864.999999999999,
C_20230728,DEVELOPMENT,2023-07-27,2023-07-28,2023-08-03,19659.75,1,F+1,2023-08-10,19650.0,ADAPTIVE_SELECTED,170.05,88.0,203.9,125.75,0.15,277.4,27.4,261.65,3.9000000000000057,,0.8391029886543719,,,True,,,50.0,50.0,46.89999999999998,2345.000000000001,0.0001983748521725864
C_20230804,DEVELOPMENT,2023-08-03,2023-08-04,2023-08-10,19462.80078125,1,F+1,2023-08-17,19450.0,EXECUTABLE,101.2,80.0,163.3,137.3,87.3,0.25,172.05,50.0,-4.800000000000011,-0.0002466243195904372,0.9402105541945309,12.80078125,0.06577049929181811,True,22168.0,4735990.0,50.0,50.0,30.200000000000017,1510.000000000001,
C_20230804,DEVELOPMENT,2023-08-03,2023-08-04,2023-08-10,19462.80078125,2,F+2,2023-08-24,19450.0,EXECUTABLE,101.2,80.0,215.0,153.65,87.3,0.25,220.9,83.45,-40.14999999999998,-0.002062909673240839,1.10615342862545,12.80078125,0.06577049929181811,True,250.0,4691524.0,50.0,50.0,10.250000000000014,512.5000000000005,
C_20230804,DEVELOPMENT,2023-08-03,2023-08-04,2023-08-10,19462.80078125,3,F+3,2023-08-31,19450.0,EXECUTABLE,101.2,80.0,219.75,182.7,87.3,0.25,260.7,114.85,-15.850000000000023,-0.0008143740553142555,0.9508232896538744,12.80078125,0.06577049929181811,True,8882.0,4713505.0,50.0,50.0,42.94999999999999,2147.499999999999,
C_20230804,DEVELOPMENT,2023-08-03,2023-08-04,2023-08-10,19462.80078125,4,F+4,2023-09-07,19450.0,NO_ENTRY_LEG,,,,,,,,,,,,,,,,,,,,,
C_20230804,DEVELOPMENT,2023-08-03,2023-08-04,2023-08-10,19462.80078125,1,F+1,2023-08-17,19450.0,ADAPTIVE_SELECTED,101.2,80.0,163.3,137.3,87.3,0.25,172.05,50.0,-4.800000000000011,,0.9402105541945309,,,True,,,50.0,50.0,30.200000000000017,1510.000000000001,-0.0002466243195904372
C_20230811,DEVELOPMENT,2023-08-10,2023-08-11,2023-08-17,19554.25,1,F+1,2023-08-24,19550.0,EXECUTABLE,111.0,95.05,151.3,123.1,0.1,177.0,33.8,205.5,-12.25,-0.000626462278021402,1.0524707079134374,4.25,0.021734405564007825,True,10992.0,2910512.0,50.0,50.0,-7.049999999999997,-352.5000000000009,
C_20230811,DEVELOPMENT,2023-08-10,2023-08-11,2023-08-17,19554.25,2,F+2,2023-08-31,19550.0,EXECUTABLE,111.0,95.05,198.2,171.45,0.1,177.0,71.3,229.85,-10.800000000000011,-0.0005523096002147877,0.9899090691741611,4.25,0.021734405564007825,True,9341.0,2905788.0,50.0,50.0,7.550000000000026,377.49999999999955,
C_20230811,DEVELOPMENT,2023-08-10,2023-08-11,2023-08-17,19554.25,3,F+3,2023-09-07,19550.0,EXECUTABLE,111.0,95.05,230.25,209.55,0.1,177.0,121.25,242.2,-4.75,-0.000242913944538911,0.9408949034933285,4.25,0.021734405564007825,True,18.0,2882197.0,50.0,50.0,51.200000000000045,2560.000000000001,
C_20230811,DEVELOPMENT,2023-08-10,2023-08-11,2023-08-17,19554.25,4,F+4,2023-09-14,19550.0,NO_ENTRY_LEG,,,,,,,,,,,,,,,,,,,,,
C_20230811,DEVELOPMENT,2023-08-10,2023-08-11,2023-08-17,19554.25,3,F+3,2023-09-07,19550.0,ADAPTIVE_SELECTED,111.0,95.05,230.25,209.55,0.1,177.0,121.25,242.2,-4.75,,0.9408949034933285,,,True,,,50.0,50.0,51.200000000000045,2560.000000000001,-0.000242913944538911
C_20230818,DEVELOPMENT,2023-08-17,2023-08-18,2023-08-24,19301.75,1,F+1,2023-08-31,19300.0,EXECUTABLE,140.0,95.0,160.0,119.0,93.6,0.15,157.15,62.1,4.0,0.00020723509526338285,0.9123649459783914,1.75,0.009066535417773,True,209066.0,10466486.0,50.0,50.0,5.600000000000016,280.0000000000009,
C_20230818,DEVELOPMENT,2023-08-17,2023-08-18,2023-08-24,19301.75,2,F+2,2023-09-07,19300.0,EXECUTABLE,140.0,95.0,226.6,155.45,93.6,0.15,228.95,85.8,-26.150000000000006,-0.0013547994352843657,0.9891559068143179,1.75,0.009066535417773,True,4980.0,10009453.0,50.0,50.0,23.549999999999997,1177.4999999999995,
C_20230818,DEVELOPMENT,2023-08-17,2023-08-18,2023-08-24,19301.75,3,F+3,2023-09-14,19300.0,EXECUTABLE,140.0,95.0,276.1,186.25,93.6,0.15,282.5,112.15,-44.85000000000002,-0.0023236235056406816,1.0059252157238734,1.75,0.009066535417773,True,247.0,9998820.0,50.0,50.0,32.04999999999998,1602.4999999999986,
C_20230818,DEVELOPMENT,2023-08-17,2023-08-18,2023-08-24,19301.75,4,F+4,2023-09-21,19300.0,NO_ENTRY_LEG,,,,,,,,,,,,,,,,,,,,,
C_20230818,DEVELOPMENT,2023-08-17,2023-08-18,2023-08-24,19301.75,1,F+1,2023-08-31,19300.0,ADAPTIVE_SELECTED,140.0,95.0,160.0,119.0,93.6,0.15,157.15,62.1,4.0,,0.9123649459783914,,,True,,,50.0,50.0,5.600000000000016,280.0000000000009,0.00020723509526338285
C_20230825,DEVELOPMENT,2023-08-24,2023-08-25,2023-08-31,19297.400390625,1,F+1,2023-09-07,19300.0,EXECUTABLE,120.0,81.05,162.55,119.35,1.05,44.35,136.25,79.1,-4.25,-0.00022023691865069665,0.9198909021086441,2.599609375,0.013471293139893255,True,124367.0,10199024.0,50.0,50.0,96.19999999999999,4810.0,
C_20230825,DEVELOPMENT,2023-08-24,2023-08-25,2023-08-31,19297.400390625,2,F+2,2023-09-14,19300.0,EXECUTABLE,120.0,81.05,217.95,162.7,1.05,44.35,192.95,111.9,-16.30000000000001,-0.0008446733585897313,0.904776044867855,2.599609375,0.013471293139893255,True,3743.0,9911962.0,50.0,50.0,108.04999999999998,5402.499999999999,
C_20230825,DEVELOPMENT,2023-08-24,2023-08-25,2023-08-31,19297.400390625,3,F+3,2023-09-21,19300.0,EXECUTABLE,120.0,81.05,265.0,185.0,1.05,44.35,245.5,145.2,-41.05000000000001,-0.0021272295319084943,0.9674887387387388,2.599609375,0.013471293139893255,True,544.0,9904005.0,50.0,50.0,102.55000000000001,5127.5,
C_20230825,DEVELOPMENT,2023-08-24,2023-08-25,2023-08-31,19297.400390625,4,F+4,2023-09-28,19300.0,EXECUTABLE,120.0,81.05,334.3,209.4,1.05,44.35,297.1,173.8,-85.94999999999999,-0.004453967801888794,1.0782798073861828,2.599609375,0.013471293139893255,True,21652.0,9971761.0,50.0,50.0,80.65,4032.5,
C_20230825,DEVELOPMENT,2023-08-24,2023-08-25,2023-08-31,19297.400390625,1,F+1,2023-09-07,19300.0,ADAPTIVE_SELECTED,120.0,81.05,162.55,119.35,1.05,44.35,136.25,79.1,-4.25,,0.9198909021086441,,,True,,,50.0,50.0,96.19999999999999,4810.0,-0.00022023691865069665
C_20230901,DEVELOPMENT,2023-08-31,2023-09-01,2023-09-07,19258.150390625,1,F+1,2023-09-14,19250.0,EXECUTABLE,174.9,70.0,230.0,101.0,477.9,0.1,481.7,7.8,-24.099999999999994,-0.0012514182053398046,0.9114118959065718,8.150390625,0.0423217726504393,True,5451.0,2420710.0,50.0,50.0,-27.999999999999986,-1400.0,
C_20230901,DEVELOPMENT,2023-08-31,2023-09-01,2023-09-07,19258.150390625,2,F+2,2023-09-21,19250.0,EXECUTABLE,174.9,70.0,250.05,135.0,477.9,0.1,519.85,22.5,-10.150000000000006,-0.0005270495761078434,0.7413124960294771,8.150390625,0.0423217726504393,True,315.0,2389609.0,50.0,50.0,9.400000000000034,470.0,
C_20230901,DEVELOPMENT,2023-08-31,2023-09-01,2023-09-07,19258.150390625,3,F+3,2023-09-28,19250.0,EXECUTABLE,174.9,70.0,320.0,157.95,477.9,0.1,556.6,41.9,-57.14999999999998,-0.0029675747068535195,0.8108463733900492,8.150390625,0.0423217726504393,True,6594.0,2407079.0,50.0,50.0,-20.24999999999997,-1012.4999999999991,
C_20230901,DEVELOPMENT,2023-08-31,2023-09-01,2023-09-07,19258.150390625,4,F+4,2023-10-05,19250.0,EXECUTABLE,174.9,70.0,329.75,182.5,477.9,0.1,442.0,155.6,-42.35000000000002,-0.0021990689210016913,0.7231529562881333,8.150390625,0.0423217726504393,True,36.0,2389161.0,50.0,50.0,-233.74999999999997,-11687.5,
C_20230901,DEVELOPMENT,2023-08-31,2023-09-01,2023-09-07,19258.150390625,2,F+2,2023-09-21,19250.0,ADAPTIVE_SELECTED,174.9,70.0,250.05,135.0,477.9,0.1,519.85,22.5,-10.150000000000006,,0.7413124960294771,,,True,,,50.0,50.0,9.400000000000034,470.0,-0.0005270495761078434
C_20230908,DEVELOPMENT,2023-09-07,2023-09-08,2023-09-14,19774.80078125,1,F+1,2023-09-21,19750.0,EXECUTABLE,86.95,90.0,141.95,141.9,352.0,0.1,415.85,14.2,-3.099999999999966,-0.00015676516968703486,1.0354423516224605,24.80078125,0.12541608648475244,True,19460.0,4476166.0,50.0,50.0,46.64999999999999,2332.500000000002,
C_20230908,DEVELOPMENT,2023-09-07,2023-09-08,2023-09-14,19774.80078125,2,F+2,2023-09-28,19750.0,EXECUTABLE,86.95,90.0,195.15,161.55,352.0,0.1,465.6,39.1,-36.650000000000006,-0.0018533688609773844,1.2503584008354942,24.80078125,0.12541608648475244,True,20454.0,4478139.0,50.0,50.0,37.95000000000002,1897.5000000000027,
C_20230908,DEVELOPMENT,2023-09-07,2023-09-08,2023-09-14,19774.80078125,3,F+3,2023-10-05,19750.0,NO_ENTRY_LEG,,,,,,,,,,,,,,,,,,,,,
C_20230908,DEVELOPMENT,2023-09-07,2023-09-08,2023-09-14,19774.80078125,4,F+4,2023-10-12,19750.0,NO_ENTRY_LEG,,,,,,,,,,,,,,,,,,,,,
C_20230908,DEVELOPMENT,2023-09-07,2023-09-08,2023-09-14,19774.80078125,1,F+1,2023-09-21,19750.0,ADAPTIVE_SELECTED,86.95,90.0,141.95,141.9,352.0,0.1,415.85,14.2,-3.099999999999966,,1.0354423516224605,,,True,,,50.0,50.0,46.64999999999999,2332.500000000002,-0.00015676516968703486
C_20230915,DEVELOPMENT,2023-09-14,2023-09-15,2023-09-21,20156.44921875,1,F+1,2023-09-28,20150.0,EXECUTABLE,105.0,85.0,180.0,118.0,0.05,408.55,8.5,380.0,-42.0,-0.0020837003355199395,1.234866828087167,6.44921875,0.031995807793372584,True,41504.0,4686242.0,50.0,50.0,-5.0,-250.0,
C_20230915,DEVELOPMENT,2023-09-14,2023-09-15,2023-09-21,20156.44921875,2,F+2,2023-10-05,20150.0,EXECUTABLE,105.0,85.0,236.1,154.9,0.05,408.55,37.55,352.45,-61.19999999999999,-0.0030362490603290542,1.2338836115466199,6.44921875,0.031995807793372584,True,650.0,4589675.0,50.0,50.0,32.400000000000006,1620.0,
C_20230915,DEVELOPMENT,2023-09-14,2023-09-15,2023-09-21,20156.44921875,3,F+3,2023-10-12,20150.0,EXECUTABLE,105.0,85.0,300.85,163.75,0.05,408.55,72.6,364.0,-117.10000000000002,-0.005809554983080595,1.4872991639403854,6.44921875,0.031995807793372584,True,55.0,4587530.0,50.0,50.0,-2.842170943040401e-14,-1.8189894035458565e-12,
C_20230915,DEVELOPMENT,2023-09-14,2023-09-15,2023-09-21,20156.44921875,4,F+4,2023-10-19,20150.0,NO_ENTRY_LEG,,,,,,,,,,,,,,,,,,,,,
C_20230915,DEVELOPMENT,2023-09-14,2023-09-15,2023-09-21,20156.44921875,1,F+1,2023-09-28,20150.0,ADAPTIVE_SELECTED,105.0,85.0,180.0,118.0,0.05,408.55,8.5,380.0,-42.0,,1.234866828087167,,,True,,,50.0,50.0,-5.0,-250.0,-0.0020837003355199395
C_20230922,DEVELOPMENT,2023-09-21,2023-09-22,2023-09-28,19744.849609375,1,F+1,2023-10-05,19750.0,EXECUTABLE,121.0,103.0,199.9,120.0,0.2,227.45,48.55,214.15,-61.900000000000006,-0.0031349947568407627,1.4180234159779617,5.150390625,0.02608472957198193,True,43184.0,5009409.0,50.0,50.0,-0.2500000000000284,-12.50000000000091,
C_20230922,DEVELOPMENT,2023-09-21,2023-09-22,2023-09-28,19744.849609375,2,F+2,2023-10-12,19750.0,EXECUTABLE,121.0,103.0,235.9,157.05,0.2,227.45,109.25,251.6,-60.849999999999994,-0.0030818163320478252,1.2786210634608655,5.150390625,0.02608472957198193,True,1021.0,4899077.0,50.0,50.0,24.05000000000001,1202.500000000001,
C_20230922,DEVELOPMENT,2023-09-21,2023-09-22,2023-09-28,19744.849609375,3,F+3,2023-10-19,19750.0,EXECUTABLE,121.0,103.0,294.0,170.6,0.2,227.45,160.75,293.05,-105.4,-0.005338100926833867,1.466966370515342,5.150390625,0.02608472957198193,True,119.0,4897196.0,50.0,50.0,-10.450000000000017,-522.5000000000009,
C_20230922,DEVELOPMENT,2023-09-21,2023-09-22,2023-09-28,19744.849609375,4,F+4,2023-10-26,19750.0,EXECUTABLE,121.0,103.0,321.0,188.95,0.2,227.45,201.6,310.5,-114.05000000000001,-0.005776189854889967,1.4461388403508735,5.150390625,0.02608472957198193,True,3187.0,4904083.0,50.0,50.0,4.299999999999983,214.9999999999991,
C_20230922,DEVELOPMENT,2023-09-21,2023-09-22,2023-09-28,19744.849609375,2,F+2,2023-10-12,19750.0,ADAPTIVE_SELECTED,121.0,103.0,235.9,157.05,0.2,227.45,109.25,251.6,-60.849999999999994,,1.2786210634608655,,,True,,,50.0,50.0,24.05000000000001,1202.500000000001,-0.0030818163320478252
C_20230929,DEVELOPMENT,2023-09-28,2023-09-29,2023-10-05,19581.19921875,1,F+1,2023-10-12,19600.0,EXECUTABLE,119.0,130.0,192.65,157.75,0.15,54.05,75.45,126.5,-45.900000000000006,-0.002344085236416389,1.3341235067719641,18.80078125,0.09601445263882148,True,38065.0,6623775.0,50.0,50.0,-43.05000000000001,-2152.5,
C_20230929,DEVELOPMENT,2023-09-28,2023-09-29,2023-10-05,19581.19921875,2,F+2,2023-10-19,19600.0,EXECUTABLE,119.0,130.0,246.85,182.65,0.15,54.05,124.7,169.0,-75.19999999999999,-0.0038404185136930807,1.4764197493944196,18.80078125,0.09601445263882148,True,1190.0,6535488.0,50.0,50.0,-65.6,-3280.0,
C_20230929,DEVELOPMENT,2023-09-28,2023-09-29,2023-10-05,19581.19921875,3,F+3,2023-10-26,19600.0,EXECUTABLE,119.0,130.0,282.6,224.55,0.15,54.05,169.7,206.05,-69.05000000000001,-0.0035263417336503632,1.3748505414189722,18.80078125,0.09601445263882148,True,70874.0,6693597.0,50.0,50.0,-51.50000000000004,-2575.000000000002,
C_20230929,DEVELOPMENT,2023-09-28,2023-09-29,2023-10-05,19581.19921875,4,F+4,2023-11-02,19600.0,EXECUTABLE,119.0,130.0,349.0,221.25,0.15,54.05,231.1,210.95,-138.75,-0.0070858785741345085,1.7232113184256752,18.80078125,0.09601445263882148,True,59.0,6532613.0,50.0,50.0,-64.7,-3234.9999999999995,
C_20230929,DEVELOPMENT,2023-09-28,2023-09-29,2023-10-05,19581.19921875,1,F+1,2023-10-12,19600.0,ADAPTIVE_SELECTED,119.0,130.0,192.65,157.75,0.15,54.05,75.45,126.5,-45.900000000000006,,1.3341235067719641,,,True,,,50.0,50.0,-43.05000000000001,-2152.5,-0.002344085236416389
C_20231006,DEVELOPMENT,2023-10-05,2023-10-06,2023-10-12,19621.19921875,1,F+1,2023-10-19,19600.0,EXECUTABLE,87.65,110.0,150.15,136.3,196.2,0.1,269.35,35.75,-36.19999999999999,-0.0018449432981347696,1.3825162524028611,21.19921875,0.10804242143233553,True,44177.0,7334122.0,50.0,50.0,1.3000000000000398,65.00000000000182,
C_20231006,DEVELOPMENT,2023-10-05,2023-10-06,2023-10-12,19621.19921875,2,F+2,2023-10-26,19600.0,EXECUTABLE,87.65,110.0,193.0,156.6,196.2,0.1,314.7,69.8,-58.75,-0.0029942104631330868,1.5467008208515378,21.19921875,0.10804242143233553,True,127073.0,7499542.0,50.0,50.0,-9.950000000000003,-497.5000000000009,
C_20231006,DEVELOPMENT,2023-10-05,2023-10-06,2023-10-12,19621.19921875,3,F+3,2023-11-02,19600.0,EXECUTABLE,87.65,110.0,257.45,180.0,196.2,0.1,384.75,90.85,-99.79999999999998,-0.005086335390990332,1.7949863725676616,21.19921875,0.10804242143233553,True,609.0,7243046.0,50.0,50.0,-1.9999999999999716,-99.99999999999909,
C_20231006,DEVELOPMENT,2023-10-05,2023-10-06,2023-10-12,19621.19921875,4,F+4,2023-11-09,19600.0,EXECUTABLE,87.65,110.0,318.15,191.75,196.2,0.1,424.8,112.0,-148.74999999999997,-0.00758108606623058,2.082271330726763,21.19921875,0.10804242143233553,True,3.0,7241751.0,50.0,50.0,-32.049999999999955,-1602.4999999999982,
C_20231006,DEVELOPMENT,2023-10-05,2023-10-06,2023-10-12,19621.19921875,1,F+1,2023-10-19,19600.0,ADAPTIVE_SELECTED,87.65,110.0,150.15,136.3,196.2,0.1,269.35,35.75,-36.19999999999999,,1.3825162524028611,,,True,,,50.0,50.0,1.3000000000000398,65.00000000000182,-0.0018449432981347696
C_20231013,DEVELOPMENT,2023-10-12,2023-10-13,2023-10-19,19654.55078125,1,F+1,2023-10-26,19650.0,EXECUTABLE,131.0,70.0,260.0,131.05,0.75,16.9,93.55,120.55,-67.94999999999999,-0.0034572146042036616,1.060139623883431,4.55078125,0.023153829872017948,True,26383.0,2434200.0,50.0,50.0,-78.79999999999997,-3939.999999999999,
C_20231013,DEVELOPMENT,2023-10-12,2023-10-13,2023-10-19,19654.55078125,2,F+2,2023-11-02,19650.0,EXECUTABLE,131.0,70.0,260.2,132.0,0.75,16.9,170.55,141.45,-67.19999999999999,-0.00341905550261201,1.0533194540828128,4.55078125,0.023153829872017948,True,254.0,2376335.0,50.0,50.0,-21.94999999999996,-1097.4999999999986,
C_20231013,DEVELOPMENT,2023-10-12,2023-10-13,2023-10-19,19654.55078125,3,F+3,2023-11-09,19650.0,EXECUTABLE,131.0,70.0,303.35,178.6,0.75,16.9,222.05,169.5,-63.75000000000003,-0.003243523635290413,0.9075891368831371,4.55078125,0.023153829872017948,True,4.0,2375531.0,50.0,50.0,4.949999999999989,247.49999999999926,
C_20231013,DEVELOPMENT,2023-10-12,2023-10-13,2023-10-19,19654.55078125,4,F+4,2023-11-16,19650.0,NO_ENTRY_LEG,,,,,,,,,,,,,,,,,,,,,
C_20231013,DEVELOPMENT,2023-10-12,2023-10-13,2023-10-19,19654.55078125,3,F+3,2023-11-09,19650.0,ADAPTIVE_SELECTED,131.0,70.0,303.35,178.6,0.75,16.9,222.05,169.5,-63.75000000000003,,0.9075891368831371,,,True,,,50.0,50.0,4.949999999999989,247.49999999999926,-0.003243523635290413
C_20231020,DEVELOPMENT,2023-10-19,2023-10-20,2023-10-26,19542.150390625,1,F+1,2023-11-02,19550.0,EXECUTABLE,125.0,91.55,190.15,135.0,0.1,695.25,5.05,653.3,-21.700000000000017,-0.0011104202744448332,1.031598962962963,7.849609375,0.040167582472222255,True,40511.0,4256454.0,50.0,50.0,25.200000000000045,1260.0000000000036,
C_20231020,DEVELOPMENT,2023-10-19,2023-10-20,2023-10-26,19542.150390625,2,F+2,2023-11-09,19550.0,EXECUTABLE,125.0,91.55,284.1,160.0,0.1,695.25,18.45,639.9,-90.65000000000003,-0.004638691146471156,1.3004677500000001,7.849609375,0.040167582472222255,True,882.0,4171128.0,50.0,50.0,-16.94999999999999,-847.5,
C_20231020,DEVELOPMENT,2023-10-19,2023-10-20,2023-10-26,19542.150390625,3,F+3,2023-11-16,19550.0,EXECUTABLE,125.0,91.55,274.3,177.45,0.1,695.25,33.9,637.0,-63.400000000000034,-0.0032442693732627837,1.1321347985347985,7.849609375,0.040167582472222255,True,31.0,4169084.0,50.0,50.0,28.650000000000034,1432.5,
C_20231020,DEVELOPMENT,2023-10-19,2023-10-20,2023-10-26,19542.150390625,4,F+4,2023-11-23,19550.0,NO_ENTRY_LEG,,,,,,,,,,,,,,,,,,,,,
C_20231020,DEVELOPMENT,2023-10-19,2023-10-20,2023-10-26,19542.150390625,1,F+1,2023-11-02,19550.0,ADAPTIVE_SELECTED,125.0,91.55,190.15,135.0,0.1,695.25,5.05,653.3,-21.700000000000017,,1.031598962962963,,,True,,,50.0,50.0,25.200000000000045,1260.0000000000036,-0.0011104202744448332
C_20231027,DEVELOPMENT,2023-10-26,2023-10-27,2023-11-02,18928.75,1,F+1,2023-11-09,18950.0,EXECUTABLE,116.0,148.0,190.85,156.95,184.05,0.1,271.1,34.45,-65.9,-0.0034814765898434925,1.551438520943415,21.25,0.112263091857624,True,7389.0,2019852.0,50.0,50.0,-13.200000000000003,-659.9999999999991,
C_20231027,DEVELOPMENT,2023-10-26,2023-10-27,2023-11-02,18928.75,2,F+2,2023-11-16,18950.0,EXECUTABLE,116.0,148.0,244.75,193.3,184.05,0.1,318.9,63.55,-83.44999999999999,-0.0044086376543617505,1.6154539129814296,21.25,0.112263091857624,True,348.0,2000912.0,50.0,50.0,-12.05000000000004,-602.5000000000009,
C_20231027,DEVELOPMENT,2023-10-26,2023-10-27,2023-11-02,18928.75,3,F+3,2023-11-23,18950.0,EXECUTABLE,116.0,148.0,299.35,213.45,184.05,0.1,372.7,90.25,-117.90000000000003,-0.00622862048471241,1.7893151105403027,21.25,0.112263091857624,True,41.0,2000263.0,50.0,50.0,-19.400000000000063,-970.0000000000027,
C_20231027,DEVELOPMENT,2023-10-26,2023-10-27,2023-11-02,18928.75,4,F+4,2023-11-30,18950.0,EXECUTABLE,116.0,148.0,315.35,240.0,184.05,0.1,398.2,107.7,-107.35000000000002,-0.0056712672521957355,1.6764295977011496,21.25,0.112263091857624,True,4238.0,2011481.0,50.0,50.0,-0.8000000000000398,-40.00000000000091,
C_20231027,DEVELOPMENT,2023-10-26,2023-10-27,2023-11-02,18928.75,1,F+1,2023-11-09,18950.0,ADAPTIVE_SELECTED,116.0,148.0,190.85,156.95,184.05,0.1,271.1,34.45,-65.9,,1.551438520943415,,,True,,,50.0,50.0,-13.200000000000003,-659.9999999999991,-0.0034814765898434925
C_20231103,DEVELOPMENT,2023-11-02,2023-11-03,2023-11-09,19241.0,1,F+1,2023-11-16,19250.0,EXECUTABLE,110.1,77.8,169.25,119.75,145.95,0.1,228.6,32.1,-17.19999999999999,-0.0008939244322020679,0.9987238778942658,9.0,0.04677511563848033,True,19411.0,4132857.0,50.0,50.0,33.45,1672.4999999999995,
C_20231103,DEVELOPMENT,2023-11-02,2023-11-03,2023-11-09,19241.0,2,F+2,2023-11-23,19250.0,EXECUTABLE,110.1,77.8,212.05,147.15,145.95,0.1,278.25,60.95,-32.60000000000002,-0.0016942986331271775,1.0182872087062607,9.0,0.04677511563848033,True,533.0,4091939.0,50.0,50.0,38.849999999999994,1942.4999999999995,
C_20231103,DEVELOPMENT,2023-11-02,2023-11-03,2023-11-09,19241.0,3,F+3,2023-11-30,19250.0,EXECUTABLE,110.1,77.8,261.4,163.0,145.95,0.1,323.35,85.4,-66.09999999999997,-0.003435372381892831,1.1332096309545698,9.0,0.04677511563848033,True,12219.0,4120772.0,50.0,50.0,26.000000000000043,1300.0000000000018,
C_20231103,DEVELOPMENT,2023-11-02,2023-11-03,2023-11-09,19241.0,4,F+4,2023-12-07,19250.0,NO_ENTRY_LEG,,,,,,,,,,,,,,,,,,,,,
C_20231103,DEVELOPMENT,2023-11-02,2023-11-03,2023-11-09,19241.0,1,F+1,2023-11-16,19250.0,ADAPTIVE_SELECTED,110.1,77.8,169.25,119.75,145.95,0.1,228.6,32.1,-17.19999999999999,,0.9987238778942658,,,True,,,50.0,50.0,33.45,1672.4999999999995,-0.0008939244322020679
C_20231110,DEVELOPMENT,2023-11-09,2023-11-10,2023-11-16,19351.849609375,1,F+1,2023-11-23,19350.0,EXECUTABLE,139.0,75.95,163.75,110.2,433.45,0.1,469.6,9.75,9.5,0.0004909091477952437,0.8119189766154409,1.849609375,0.009557791179319403,True,14278.0,3756877.0,50.0,50.0,36.000000000000014,1800.0000000000018,
C_20231110,DEVELOPMENT,2023-11-09,2023-11-10,2023-11-16,19351.849609375,2,F+2,2023-11-30,19350.0,EXECUTABLE,139.0,75.95,216.05,137.1,433.45,0.1,500.85,24.8,-15.900000000000034,-0.0008216268894678307,0.8610528207630832,1.849609375,0.009557791179319403,True,9819.0,3748475.0,50.0,50.0,26.799999999999997,1340.0,
C_20231110,DEVELOPMENT,2023-11-09,2023-11-10,2023-11-16,19351.849609375,3,F+3,2023-12-07,19350.0,EXECUTABLE,139.0,75.95,244.8,170.2,433.45,0.1,503.5,41.6,-11.550000000000011,-0.0005968421744247442,0.7858955608721016,1.849609375,0.009557791179319403,True,65.0,3723823.0,50.0,50.0,16.99999999999997,850.0,
C_20231110,DEVELOPMENT,2023-11-09,2023-11-10,2023-11-16,19351.849609375,4,F+4,2023-12-14,19350.0,NO_ENTRY_LEG,,,,,,,,,,,,,,,,,,,,,
C_20231110,DEVELOPMENT,2023-11-09,2023-11-10,2023-11-16,19351.849609375,1,F+1,2023-11-23,19350.0,ADAPTIVE_SELECTED,139.0,75.95,163.75,110.2,433.45,0.1,469.6,9.75,9.5,,0.8119189766154409,,,True,,,50.0,50.0,36.000000000000014,1800.0000000000018,0.0004909091477952437
C_20231117,DEVELOPMENT,2023-11-16,2023-11-17,2023-11-23,19674.75,1,F+1,2023-11-30,19650.0,EXECUTABLE,181.0,49.9,203.95,87.95,151.1,0.1,248.1,25.65,15.100000000000023,0.0007674811624035895,0.639307554832448,24.75,0.12579575344032326,True,7441.0,1649604.0,50.0,50.0,86.55000000000001,4327.500000000001,
C_20231117,DEVELOPMENT,2023-11-16,2023-11-17,2023-11-23,19674.75,2,F+2,2023-12-07,19650.0,EXECUTABLE,181.0,49.9,278.8,106.2,151.1,0.1,326.25,56.05,-41.5,-0.002109302532433703,0.7237527442228258,24.75,0.12579575344032326,True,187.0,1618563.0,50.0,50.0,77.7,3885.0,
C_20231117,DEVELOPMENT,2023-11-16,2023-11-17,2023-11-23,19674.75,3,F+3,2023-12-14,19650.0,EXECUTABLE,181.0,49.9,330.0,138.4,151.1,0.1,373.1,80.9,-60.5,-0.003075007306319013,0.6573547727780794,24.75,0.12579575344032326,True,11.0,1617815.0,50.0,50.0,80.70000000000003,4035.000000000001,
C_20231117,DEVELOPMENT,2023-11-16,2023-11-17,2023-11-23,19674.75,4,F+4,2023-12-21,19650.0,NO_ENTRY_LEG,,,,,,,,,,,,,,,,,,,,,
C_20231117,DEVELOPMENT,2023-11-16,2023-11-17,2023-11-23,19674.75,1,F+1,2023-11-30,19650.0,ADAPTIVE_SELECTED,181.0,49.9,203.95,87.95,151.1,0.1,248.1,25.65,15.100000000000023,,0.639307554832448,,,True,,,50.0,50.0,86.55000000000001,4327.500000000001,0.0007674811624035895
C_20231124,DEVELOPMENT,2023-11-23,2023-11-24,2023-11-30,19809.599609375,1,F+1,2023-12-07,19800.0,EXECUTABLE,138.0,57.8,223.0,94.7,329.65,0.15,433.35,29.95,-48.099999999999994,-0.002428115708973563,0.9862877431400455,9.599609375,0.048459381129828255,True,72207.0,6356570.0,50.0,50.0,25.80000000000004,1290.0000000000036,
C_20231124,DEVELOPMENT,2023-11-23,2023-11-24,2023-11-30,19809.599609375,2,F+2,2023-12-14,19800.0,EXECUTABLE,138.0,57.8,264.3,127.2,329.65,0.15,485.05,58.9,-56.900000000000006,-0.0028723447783907644,0.870279600765655,9.599609375,0.048459381129828255,True,2779.0,6163849.0,50.0,50.0,39.75000000000003,1987.5000000000023,
C_20231124,DEVELOPMENT,2023-11-23,2023-11-24,2023-11-30,19809.599609375,3,F+3,2023-12-21,19800.0,EXECUTABLE,138.0,57.8,303.0,154.75,329.65,0.15,530.85,82.75,-68.05000000000001,-0.003435203201572786,0.8200885017911077,9.599609375,0.048459381129828255,True,154.0,6156342.0,50.0,50.0,50.55000000000004,2527.5000000000036,
C_20231124,DEVELOPMENT,2023-11-23,2023-11-24,2023-11-30,19809.599609375,4,F+4,2023-12-28,19800.0,EXECUTABLE,138.0,57.8,349.0,155.15,329.65,0.15,565.7,98.15,-113.64999999999998,-0.005737117470371007,0.9421550906789596,9.599609375,0.048459381129828255,True,14292.0,6191262.0,50.0,50.0,24.400000000000063,1220.0000000000036,
C_20231124,DEVELOPMENT,2023-11-23,2023-11-24,2023-11-30,19809.599609375,1,F+1,2023-12-07,19800.0,ADAPTIVE_SELECTED,138.0,57.8,223.0,94.7,329.65,0.15,433.35,29.95,-48.099999999999994,,0.9862877431400455,,,True,,,50.0,50.0,25.80000000000004,1290.0000000000036,-0.002428115708973563
C_20231201,DEVELOPMENT,2023-11-30,2023-12-01,2023-12-07,20194.099609375,1,F+1,2023-12-14,20200.0,EXECUTABLE,154.25,99.2,190.8,161.0,701.1,0.05,776.45,6.0,25.25,0.0012503652298653527,0.7621474375106959,5.900390625,0.02921838922821187,True,26727.0,3203436.0,50.0,50.0,94.65000000000009,4732.500000000004,
C_20231201,DEVELOPMENT,2023-11-30,2023-12-01,2023-12-07,20194.099609375,2,F+2,2023-12-21,20200.0,EXECUTABLE,154.25,99.2,234.0,190.25,701.1,0.05,820.25,15.6,11.300000000000011,0.0005595693899991485,0.7910022000396135,5.900390625,0.02921838922821187,True,1189.0,3136103.0,50.0,50.0,114.9,5745.0,
C_20231201,DEVELOPMENT,2023-11-30,2023-12-01,2023-12-07,20194.099609375,3,F+3,2023-12-28,20200.0,EXECUTABLE,154.25,99.2,325.0,203.65,701.1,0.05,855.8,26.4,-66.30000000000001,-0.0032831372174286296,1.0263262716366346,5.900390625,0.02921838922821187,True,68711.0,3295509.0,50.0,50.0,62.049999999999955,3102.4999999999964,
C_20231201,DEVELOPMENT,2023-11-30,2023-12-01,2023-12-07,20194.099609375,4,F+4,2024-01-04,20200.0,EXECUTABLE,154.25,99.2,328.5,231.25,701.1,0.05,900.0,43.45,-42.19999999999999,-0.002089719314864074,0.9135664286652943,5.900390625,0.02921838922821187,True,169.0,3134091.0,50.0,50.0,113.30000000000001,5665.0,
C_20231201,DEVELOPMENT,2023-11-30,2023-12-01,2023-12-07,20194.099609375,1,F+1,2023-12-14,20200.0,ADAPTIVE_SELECTED,154.25,99.2,190.8,161.0,701.1,0.05,776.45,6.0,25.25,,0.7621474375106959,,,True,,,50.0,50.0,94.65000000000009,4732.500000000004,0.0012503652298653527
C_20231208,DEVELOPMENT,2023-12-07,2023-12-08,2023-12-14,20934.099609375,1,F+1,2023-12-21,20950.0,EXECUTABLE,150.4,90.2,215.0,136.1,223.55,0.1,352.85,24.15,-18.69999999999999,-0.0008932794029328825,0.947412337611581,15.900390625,0.07595449969999793,True,18000.0,4046334.0,50.0,50.0,86.55000000000001,4327.5,
C_20231208,DEVELOPMENT,2023-12-07,2023-12-08,2023-12-14,20934.099609375,2,F+2,2023-12-28,20950.0,EXECUTABLE,150.4,90.2,266.85,172.25,223.55,0.1,435.6,50.3,-34.400000000000034,-0.0016432519497802784,0.9291090232529414,15.900390625,0.07595449969999793,True,13994.0,4036540.0,50.0,50.0,127.45,6372.5,
C_20231208,DEVELOPMENT,2023-12-07,2023-12-08,2023-12-14,20934.099609375,3,F+3,2024-01-04,20950.0,EXECUTABLE,150.4,90.2,338.9,195.1,223.55,0.1,489.65,78.15,-83.59999999999997,-0.003993484389582299,1.0417727679204338,15.900390625,0.07595449969999793,True,102.0,4008693.0,50.0,50.0,104.44999999999999,5222.499999999999,
C_20231208,DEVELOPMENT,2023-12-07,2023-12-08,2023-12-14,20934.099609375,4,F+4,2024-01-11,20950.0,NO_ENTRY_LEG,,,,,,,,,,,,,,,,,,,,,
C_20231208,DEVELOPMENT,2023-12-07,2023-12-08,2023-12-14,20934.099609375,1,F+1,2023-12-21,20950.0,ADAPTIVE_SELECTED,150.4,90.2,215.0,136.1,223.55,0.1,352.85,24.15,-18.69999999999999,,0.947412337611581,,,True,,,50.0,50.0,86.55000000000001,4327.5,-0.0008932794029328825
C_20231215,DEVELOPMENT,2023-12-14,2023-12-15,2023-12-21,21287.44921875,1,F+1,2023-12-28,21300.0,EXECUTABLE,135.6,90.05,217.7,125.0,0.45,52.35,168.9,117.85,-47.14999999999998,-0.0022149201398197686,1.1565713864306784,12.55078125,0.058958596311977404,True,175283.0,6717551.0,50.0,50.0,55.80000000000004,2790.0000000000014,
C_20231215,DEVELOPMENT,2023-12-14,2023-12-15,2023-12-21,21287.44921875,2,F+2,2024-01-04,21300.0,EXECUTABLE,135.6,90.05,275.85,158.15,0.45,52.35,271.1,160.7,-72.15000000000003,-0.003389321062311696,1.1583180384926375,12.55078125,0.058958596311977404,True,4224.0,6340881.0,50.0,50.0,90.15000000000003,4507.500000000001,
C_20231215,DEVELOPMENT,2023-12-14,2023-12-15,2023-12-21,21287.44921875,3,F+3,2024-01-11,21300.0,EXECUTABLE,135.6,90.05,344.95,194.9,0.45,52.35,337.05,201.9,-104.5,-0.004908995856016245,1.1753530477016425,12.55078125,0.058958596311977404,True,191.0,6330930.0,50.0,50.0,82.55000000000004,4127.500000000001,
C_20231215,DEVELOPMENT,2023-12-14,2023-12-15,2023-12-21,21287.44921875,4,F+4,2024-01-18,21300.0,EXECUTABLE,135.6,90.05,419.55,207.2,0.45,52.35,397.85,232.3,-166.8,-0.00783560295486612,1.344677078706393,12.55078125,0.058958596311977404,True,4.0,6329482.0,50.0,50.0,50.650000000000006,2532.499999999999,
C_20231215,DEVELOPMENT,2023-12-14,2023-12-15,2023-12-21,21287.44921875,1,F+1,2023-12-28,21300.0,ADAPTIVE_SELECTED,135.6,90.05,217.7,125.0,0.45,52.35,168.9,117.85,-47.14999999999998,,1.1565713864306784,,,True,,,50.0,50.0,55.80000000000004,2790.0000000000014,-0.0022149201398197686
C_20231222,DEVELOPMENT,2023-12-21,2023-12-22,2023-12-28,21295.849609375,1,F+1,2024-01-04,21300.0,EXECUTABLE,185.0,115.0,284.65,153.85,474.55,0.15,566.35,24.4,-60.79999999999998,-0.0028550164053203213,1.1501111120870626,4.150390625,0.019489199544182018,True,60092.0,6312507.0,50.0,50.0,6.750000000000057,337.5000000000009,
C_20231222,DEVELOPMENT,2023-12-21,2023-12-22,2023-12-28,21295.849609375,2,F+2,2024-01-11,21300.0,EXECUTABLE,185.0,115.0,345.5,200.5,474.55,0.15,644.65,69.1,-75.0,-0.0035218129999839503,1.0711734178068344,4.150390625,0.019489199544182018,True,3915.0,6159240.0,50.0,50.0,26.150000000000006,1307.4999999999982,
C_20231222,DEVELOPMENT,2023-12-21,2023-12-22,2023-12-28,21295.849609375,3,F+3,2024-01-18,21300.0,EXECUTABLE,185.0,115.0,394.2,226.15,474.55,0.15,726.75,111.9,-98.05000000000001,-0.004604183528645685,1.0835429725546903,4.150390625,0.019489199544182018,True,132.0,6151106.0,50.0,50.0,42.400000000000034,2120.0,
C_20231222,DEVELOPMENT,2023-12-21,2023-12-22,2023-12-28,21295.849609375,4,F+4,2024-01-25,21300.0,EXECUTABLE,185.0,115.0,463.05,243.85,474.55,0.15,777.4,137.35,-149.2,-0.007006059994634738,1.1804055439487058,4.150390625,0.019489199544182018,True,21237.0,6205927.0,50.0,50.0,16.44999999999999,822.4999999999982,
C_20231222,DEVELOPMENT,2023-12-21,2023-12-22,2023-12-28,21295.849609375,1,F+1,2024-01-04,21300.0,ADAPTIVE_SELECTED,185.0,115.0,284.65,153.85,474.55,0.15,566.35,24.4,-60.79999999999998,,1.1501111120870626,,,True,,,50.0,50.0,6.750000000000057,337.5000000000009,-0.0028550164053203213
C_20231229,DEVELOPMENT,2023-12-28,2023-12-29,2024-01-04,21737.650390625,1,F+1,2024-01-11,21750.0,EXECUTABLE,249.75,135.0,273.05,203.45,0.1,98.35,105.25,147.15,45.14999999999998,0.0020770414091981276,0.7254588085259012,12.349609375,0.05681207100619362,True,12715.0,3038845.0,50.0,50.0,101.49999999999997,5074.999999999999,
C_20231229,DEVELOPMENT,2023-12-28,2023-12-29,2024-01-04,21737.650390625,2,F+2,2024-01-18,21750.0,EXECUTABLE,249.75,135.0,421.1,273.35,0.1,98.35,189.35,193.8,-33.0,-0.001518103355560094,0.8327112552464666,12.349609375,0.05681207100619362,True,258.0,3013229.0,50.0,50.0,60.79999999999998,3039.9999999999986,
C_20231229,DEVELOPMENT,2023-12-28,2023-12-29,2024-01-04,21737.650390625,3,F+3,2024-01-25,21750.0,EXECUTABLE,249.75,135.0,496.0,274.95,0.1,98.35,271.35,240.5,-106.30000000000001,-0.00489013293018297,0.97511586873289,12.349609375,0.05681207100619362,True,6894.0,3028974.0,50.0,50.0,22.80000000000001,1140.0000000000014,
C_20231229,DEVELOPMENT,2023-12-28,2023-12-29,2024-01-04,21737.650390625,4,F+4,2024-02-01,21750.0,NO_ENTRY_LEG,,,,,,,,,,,,,,,,,,,,,
C_20231229,DEVELOPMENT,2023-12-28,2023-12-29,2024-01-04,21737.650390625,1,F+1,2024-01-11,21750.0,ADAPTIVE_SELECTED,249.75,135.0,273.05,203.45,0.1,98.35,105.25,147.15,45.14999999999998,,0.7254588085259012,,,True,,,50.0,50.0,101.49999999999997,5074.999999999999,0.0020770414091981276
C_20240105,DEVELOPMENT,2024-01-04,2024-01-05,2024-01-11,21705.75,1,F+1,2024-01-18,21700.0,EXECUTABLE,148.95,111.05,250.0,172.85,0.25,55.95,114.6,159.4,-39.25,-0.0018082766087327091,1.0783225321440617,5.75,0.026490676433663894,True,49269.0,7005568.0,50.0,50.0,-28.350000000000023,-1417.5000000000005,
C_20240105,DEVELOPMENT,2024-01-04,2024-01-05,2024-01-11,21705.75,2,F+2,2024-01-25,21700.0,EXECUTABLE,148.95,111.05,316.0,214.65,0.25,55.95,194.1,215.4,-63.44999999999999,-0.00292318855602778,1.0975750980522325,5.75,0.026490676433663894,True,87490.0,7088190.0,50.0,50.0,-29.05000000000001,-1452.5,
C_20240105,DEVELOPMENT,2024-01-04,2024-01-05,2024-01-11,21705.75,3,F+3,2024-02-01,21700.0,EXECUTABLE,148.95,111.05,401.95,237.9,0.25,55.95,282.55,260.7,-126.14999999999998,-0.005811824055837737,1.2596666930528553,5.75,0.026490676433663894,True,256.0,6900487.0,50.0,50.0,-48.599999999999966,-2429.999999999998,
C_20240105,DEVELOPMENT,2024-01-04,2024-01-05,2024-01-11,21705.75,4,F+4,2024-02-08,21700.0,EXECUTABLE,148.95,111.05,404.2,294.6,0.25,55.95,341.05,287.6,-71.69999999999999,-0.0033032721744238273,1.0229198870482152,5.75,0.026490676433663894,True,2.0,6899846.0,50.0,50.0,37.45000000000002,1872.500000000001,
C_20240105,DEVELOPMENT,2024-01-04,2024-01-05,2024-01-11,21705.75,1,F+1,2024-01-18,21700.0,ADAPTIVE_SELECTED,148.95,111.05,250.0,172.85,0.25,55.95,114.6,159.4,-39.25,,1.0783225321440617,,,True,,,50.0,50.0,-28.350000000000023,-1417.5000000000005,-0.0018082766087327091
C_20240112,DEVELOPMENT,2024-01-11,2024-01-12,2024-01-18,21773.55078125,1,F+1,2024-01-25,21750.0,EXECUTABLE,115.0,165.0,220.2,190.4,0.1,292.3,78.2,292.75,-79.79999999999998,-0.0036649970784149123,1.6593441724515892,23.55078125,0.10816233643563748,True,30184.0,2378368.0,50.0,50.0,-2.1499999999999773,-107.5,
C_20240112,DEVELOPMENT,2024-01-11,2024-01-12,2024-01-18,21773.55078125,2,F+2,2024-02-01,21750.0,EXECUTABLE,115.0,165.0,293.8,268.0,0.1,292.3,172.25,332.8,-75.80000000000001,-0.003481287951677324,1.5729072031148605,23.55078125,0.10816233643563748,True,1629.0,2320769.0,50.0,50.0,55.849999999999994,2792.4999999999986,
C_20240112,DEVELOPMENT,2024-01-11,2024-01-12,2024-01-18,21773.55078125,3,F+3,2024-02-08,21750.0,EXECUTABLE,115.0,165.0,348.85,282.55,0.1,292.3,242.35,388.1,-116.30000000000001,-0.005341342859895419,1.7714525324490473,23.55078125,0.10816233643563748,True,52.0,2317085.0,50.0,50.0,30.149999999999977,1507.4999999999973,
C_20240112,DEVELOPMENT,2024-01-11,2024-01-12,2024-01-18,21773.55078125,4,F+4,2024-02-15,21750.0,NO_ENTRY_LEG,,,,,,,,,,,,,,,,,,,,,
C_20240112,DEVELOPMENT,2024-01-11,2024-01-12,2024-01-18,21773.55078125,2,F+2,2024-02-01,21750.0,ADAPTIVE_SELECTED,115.0,165.0,293.8,268.0,0.1,292.3,172.25,332.8,-75.80000000000001,,1.5729072031148605,,,True,,,50.0,50.0,55.849999999999994,2792.4999999999986,-0.003481287951677324
C_20240119,DEVELOPMENT,2024-01-18,2024-01-19,2024-01-25,21615.19921875,1,F+1,2024-02-01,21600.0,EXECUTABLE,168.0,154.65,300.05,205.9,0.2,271.4,102.65,278.5,-80.80000000000001,-0.0037381103538435324,1.341460617151183,15.19921875,0.0703172734897373,True,54245.0,5391289.0,50.0,50.0,14.549999999999955,727.4999999999986,
C_20240119,DEVELOPMENT,2024-01-18,2024-01-19,2024-01-25,21615.19921875,2,F+2,2024-02-08,21600.0,EXECUTABLE,168.0,154.65,357.25,240.0,0.2,271.4,175.75,328.7,-103.9,-0.004806802794113156,1.3702557663690478,15.19921875,0.0703172734897373,True,3310.0,5279683.0,50.0,50.0,14.349999999999966,717.4999999999991,
C_20240119,DEVELOPMENT,2024-01-18,2024-01-19,2024-01-25,21615.19921875,3,F+3,2024-02-15,21600.0,EXECUTABLE,168.0,154.65,405.0,258.7,0.2,271.4,225.15,363.5,-132.95000000000005,-0.006150764499300715,1.4411169860290465,15.19921875,0.0703172734897373,True,238.0,5271199.0,50.0,50.0,-0.10000000000005116,-5.0000000000027285,
C_20240119,DEVELOPMENT,2024-01-18,2024-01-19,2024-01-25,21615.19921875,4,F+4,2024-02-22,21600.0,EXECUTABLE,168.0,154.65,473.7,315.65,0.2,271.4,270.1,381.2,-144.7,-0.006694363467836127,1.3814597429340818,15.19921875,0.0703172734897373,True,9.0,5270761.0,50.0,50.0,15.399999999999977,769.9999999999995,
C_20240119,DEVELOPMENT,2024-01-18,2024-01-19,2024-01-25,21615.19921875,1,F+1,2024-02-01,21600.0,ADAPTIVE_SELECTED,168.0,154.65,300.05,205.9,0.2,271.4,102.65,278.5,-80.80000000000001,,1.341460617151183,,,True,,,50.0,50.0,14.549999999999955,727.4999999999986,-0.0037381103538435324
C_20240129,DEVELOPMENT,2024-01-25,2024-01-29,2024-02-01,21433.099609375,1,F+1,2024-02-08,21450.0,EXECUTABLE,171.0,194.0,220.0,208.3,251.5,0.2,324.75,74.4,-34.69999999999999,-0.0016189912160358712,1.1982268040079396,16.900390625,0.07885182700129682,True,5967.0,740305.0,50.0,50.0,-35.650000000000006,-1782.5,
C_20240129,DEVELOPMENT,2024-01-25,2024-01-29,2024-02-01,21433.099609375,2,F+2,2024-02-15,21450.0,EXECUTABLE,171.0,194.0,341.65,239.95,251.5,0.2,402.15,133.5,-124.69999999999999,-0.005818103880105856,1.615348714217996,16.900390625,0.07885182700129682,True,225.0,725877.0,50.0,50.0,-107.35000000000002,-5367.500000000001,
C_20240129,DEVELOPMENT,2024-01-25,2024-01-29,2024-02-01,21433.099609375,3,F+3,2024-02-22,21450.0,EXECUTABLE,171.0,194.0,360.0,279.55,251.5,0.2,532.6,168.15,-103.44999999999999,-0.004826646723311553,1.460994643647215,16.900390625,0.07885182700129682,True,43.0,725472.0,50.0,50.0,9.700000000000017,485.0000000000018,
C_20240129,DEVELOPMENT,2024-01-25,2024-01-29,2024-02-01,21433.099609375,4,F+4,2024-02-29,21450.0,EXECUTABLE,171.0,194.0,446.55,281.5,251.5,0.2,509.7,205.65,-188.05,-0.00877381262753734,1.7996883861518809,16.900390625,0.07885182700129682,True,2537.0,732153.0,50.0,50.0,-135.30000000000004,-6765.0,
C_20240129,DEVELOPMENT,2024-01-25,2024-01-29,2024-02-01,21433.099609375,1,F+1,2024-02-08,21450.0,ADAPTIVE_SELECTED,171.0,194.0,220.0,208.3,251.5,0.2,324.75,74.4,-34.69999999999999,,1.1982268040079396,,,True,,,50.0,50.0,-35.650000000000006,-1782.5,-0.0016189912160358712
C_20240202,DEVELOPMENT,2024-02-01,2024-02-02,2024-02-08,21812.75,1,F+1,2024-02-15,21800.0,EXECUTABLE,165.6,151.15,205.2,214.75,0.25,99.0,165.35,191.55,24.0,0.0011002739223619214,0.8721516424558384,12.75,0.05845205212547707,True,16509.0,3102720.0,50.0,50.0,96.54999999999998,4827.5,
C_20240202,DEVELOPMENT,2024-02-01,2024-02-02,2024-02-08,21812.75,2,F+2,2024-02-22,21800.0,EXECUTABLE,165.6,151.15,305.0,270.55,0.25,99.0,248.1,254.65,-20.0,-0.0009168949353016012,1.0289638569491204,12.75,0.05845205212547707,True,941.0,3049559.0,50.0,50.0,72.19999999999999,3610.0,
C_20240202,DEVELOPMENT,2024-02-01,2024-02-02,2024-02-08,21812.75,3,F+3,2024-02-29,21800.0,EXECUTABLE,165.6,151.15,360.0,275.0,0.25,99.0,312.65,299.25,-70.55000000000001,-0.0032343468842763986,1.1948616600790514,12.75,0.05845205212547707,True,72937.0,3208313.0,50.0,50.0,41.599999999999966,2079.999999999999,
C_20240202,DEVELOPMENT,2024-02-01,2024-02-02,2024-02-08,21812.75,4,F+4,2024-03-07,21800.0,EXECUTABLE,165.6,151.15,497.65,264.8,0.25,99.0,393.25,318.55,-218.39999999999998,-0.010012492693493483,1.7153543440861392,12.75,0.05845205212547707,True,16.0,3046916.0,50.0,50.0,-44.94999999999999,-2247.499999999999,
C_20240202,DEVELOPMENT,2024-02-01,2024-02-02,2024-02-08,21812.75,1,F+1,2024-02-15,21800.0,ADAPTIVE_SELECTED,165.6,151.15,205.2,214.75,0.25,99.0,165.35,191.55,24.0,,0.8721516424558384,,,True,,,50.0,50.0,96.54999999999998,4827.5,0.0011002739223619214
C_20240209,DEVELOPMENT,2024-02-08,2024-02-09,2024-02-15,21727.0,1,F+1,2024-02-22,21750.0,EXECUTABLE,176.35,171.2,270.0,248.85,156.55,0.2,300.7,73.2,-16.0,-0.0007364109172918489,1.0533056539810943,23.0,0.10585906936070327,True,11700.0,2558925.0,50.0,50.0,55.14999999999995,2757.4999999999964,
C_20240209,DEVELOPMENT,2024-02-08,2024-02-09,2024-02-15,21727.0,2,F+2,2024-02-29,21750.0,EXECUTABLE,176.35,171.2,318.95,275.0,156.55,0.2,387.7,134.9,-38.80000000000001,-0.001785796474432734,1.1259476763667293,23.0,0.10585906936070327,True,10582.0,2554891.0,50.0,50.0,57.64999999999998,2882.499999999999,
C_20240209,DEVELOPMENT,2024-02-08,2024-02-09,2024-02-15,21727.0,3,F+3,2024-03-07,21750.0,NO_ENTRY_LEG,,,,,,,,,,,,,,,,,,,,,
C_20240209,DEVELOPMENT,2024-02-08,2024-02-09,2024-02-15,21727.0,4,F+4,2024-03-14,21750.0,NO_ENTRY_LEG,,,,,,,,,,,,,,,,,,,,,
C_20240209,DEVELOPMENT,2024-02-08,2024-02-09,2024-02-15,21727.0,1,F+1,2024-02-22,21750.0,ADAPTIVE_SELECTED,176.35,171.2,270.0,248.85,156.55,0.2,300.7,73.2,-16.0,,1.0533056539810943,,,True,,,50.0,50.0,55.14999999999995,2757.4999999999964,-0.0007364109172918489
C_20240216,DEVELOPMENT,2024-02-15,2024-02-16,2024-02-22,22020.30078125,1,F+1,2024-02-29,22000.0,EXECUTABLE,169.0,132.9,277.8,181.8,207.7,0.3,317.9,76.65,-59.900000000000006,-0.0027202171575696223,1.2016462593004862,20.30078125,0.09219120779351866,True,152347.0,4602583.0,50.0,50.0,-26.05000000000001,-1302.5000000000018,
C_20240216,DEVELOPMENT,2024-02-15,2024-02-16,2024-02-22,22020.30078125,2,F+2,2024-03-07,22000.0,EXECUTABLE,169.0,132.9,374.65,253.45,207.7,0.3,425.25,128.75,-85.10000000000002,-0.0038646156946439882,1.162443136783395,20.30078125,0.09219120779351866,True,7106.0,4283521.0,50.0,50.0,4.000000000000028,200.0,
C_20240216,DEVELOPMENT,2024-02-15,2024-02-16,2024-02-22,22020.30078125,3,F+3,2024-03-14,22000.0,EXECUTABLE,169.0,132.9,410.55,280.0,207.7,0.3,493.65,170.1,-94.44999999999999,-0.0042892238820108645,1.1530451183431956,20.30078125,0.09219120779351866,True,341.0,4269416.0,50.0,50.0,21.69999999999999,1084.9999999999982,
C_20240216,DEVELOPMENT,2024-02-15,2024-02-16,2024-02-22,22020.30078125,4,F+4,2024-03-21,22000.0,EXECUTABLE,169.0,132.9,508.85,290.1,207.7,0.3,557.55,201.25,-182.64999999999998,-0.008294618761771141,1.3793685711313586,20.30078125,0.09219120779351866,True,6.0,4268003.0,50.0,50.0,-33.75000000000003,-1687.5000000000027,
C_20240216,DEVELOPMENT,2024-02-15,2024-02-16,2024-02-22,22020.30078125,1,F+1,2024-02-29,22000.0,ADAPTIVE_SELECTED,169.0,132.9,277.8,181.8,207.7,0.3,317.9,76.65,-59.900000000000006,,1.2016462593004862,,,True,,,50.0,50.0,-26.05000000000001,-1302.5000000000018,-0.0027202171575696223
C_20240223,DEVELOPMENT,2024-02-22,2024-02-23,2024-02-29,22290.0,1,F+1,2024-03-07,22300.0,EXECUTABLE,150.5,168.0,264.5,229.75,0.15,328.95,71.75,281.35,-52.25,-0.002344100493494841,1.2851177974036492,10.0,0.04486316733961417,True,76927.0,3516151.0,50.0,50.0,66.94999999999993,3347.499999999999,
C_20240223,DEVELOPMENT,2024-02-22,2024-02-23,2024-02-29,22290.0,2,F+2,2024-03-14,22300.0,EXECUTABLE,150.5,168.0,330.1,280.2,0.15,328.95,151.1,325.95,-67.40000000000003,-0.003023777478689997,1.3150739505004734,10.0,0.04486316733961417,True,2190.0,3368676.0,50.0,50.0,86.54999999999993,4327.499999999998,
C_20240223,DEVELOPMENT,2024-02-22,2024-02-23,2024-02-29,22290.0,3,F+3,2024-03-21,22300.0,EXECUTABLE,150.5,168.0,402.75,301.7,0.15,328.95,215.55,372.25,-118.55000000000001,-0.005318528488111261,1.4901604088459968,10.0,0.04486316733961417,True,120.0,3359996.0,50.0,50.0,53.549999999999955,2677.4999999999995,
C_20240223,DEVELOPMENT,2024-02-22,2024-02-23,2024-02-29,22290.0,4,F+4,2024-03-28,22300.0,EXECUTABLE,150.5,168.0,451.45,323.05,0.15,328.95,285.0,409.4,-145.89999999999998,-0.006545536114849707,1.5599572389614969,10.0,0.04486316733961417,True,5663.0,3374369.0,50.0,50.0,58.5,2925.000000000002,
C_20240223,DEVELOPMENT,2024-02-22,2024-02-23,2024-02-29,22290.0,1,F+1,2024-03-07,22300.0,ADAPTIVE_SELECTED,150.5,168.0,264.5,229.75,0.15,328.95,71.75,281.35,-52.25,,1.2851177974036492,,,True,,,50.0,50.0,66.94999999999993,3347.499999999999,-0.002344100493494841
C_20240301,DEVELOPMENT,2024-02-29,2024-03-01,2024-03-07,22048.30078125,1,F+1,2024-03-14,22050.0,EXECUTABLE,197.65,132.0,323.5,180.0,446.45,0.1,459.45,19.8,-77.85,-0.0035308843421713513,1.200269837254406,1.69921875,0.007706801385098235,True,2183.0,578247.0,50.0,50.0,-84.55000000000001,-4227.500000000001,
C_20240301,DEVELOPMENT,2024-02-29,2024-03-01,2024-03-07,22048.30078125,2,F+2,2024-03-21,22050.0,EXECUTABLE,197.65,132.0,356.8,230.95,446.45,0.1,420.0,56.6,-60.19999999999999,-0.002730369138069561,1.0317726028179015,1.69921875,0.007706801385098235,True,156.0,572995.0,50.0,50.0,-143.15,-7157.5,
C_20240301,DEVELOPMENT,2024-02-29,2024-03-01,2024-03-07,22048.30078125,3,F+3,2024-03-28,22050.0,EXECUTABLE,197.65,132.0,405.0,296.45,446.45,0.1,595.2,95.5,-42.89999999999998,-0.0019457281731425934,0.912390345370722,1.69921875,0.007706801385098235,True,2280.0,577725.0,50.0,50.0,10.450000000000045,522.5000000000018,
C_20240301,DEVELOPMENT,2024-02-29,2024-03-01,2024-03-07,22048.30078125,4,F+4,2024-04-04,22050.0,NO_ENTRY_LEG,,,,,,,,,,,,,,,,,,,,,
C_20240301,DEVELOPMENT,2024-02-29,2024-03-01,2024-03-07,22048.30078125,3,F+3,2024-03-28,22050.0,ADAPTIVE_SELECTED,197.65,132.0,405.0,296.45,446.45,0.1,595.2,95.5,-42.89999999999998,,0.912390345370722,,,True,,,50.0,50.0,10.450000000000045,522.5000000000018,-0.0019457281731425934
C_20240311,DEVELOPMENT,2024-03-07,2024-03-11,2024-03-14,22517.5,1,F+1,2024-03-21,22500.0,EXECUTABLE,125.75,125.0,229.45,168.85,0.1,354.4,44.2,321.85,-59.849999999999994,-0.002657932718996336,1.3507936685483781,17.5,0.07771733096480515,True,44948.0,4921926.0,50.0,50.0,16.799999999999926,839.9999999999982,
C_20240311,DEVELOPMENT,2024-03-07,2024-03-11,2024-03-14,22517.5,2,F+2,2024-03-28,22500.0,EXECUTABLE,125.75,125.0,309.95,210.9,0.1,354.4,114.4,347.3,-98.29999999999998,-0.004365493505051625,1.4608885331915569,17.5,0.07771733096480515,True,100106.0,5047738.0,50.0,50.0,23.099999999999966,1155.0,
C_20240311,DEVELOPMENT,2024-03-07,2024-03-11,2024-03-14,22517.5,3,F+3,2024-04-04,22500.0,EXECUTABLE,125.75,125.0,380.0,259.4,0.1,354.4,187.25,361.25,-119.85000000000002,-0.005322526923503943,1.4561819522341666,17.5,0.07771733096480515,True,5971.0,4840997.0,50.0,50.0,60.44999999999993,3022.499999999999,
C_20240311,DEVELOPMENT,2024-03-07,2024-03-11,2024-03-14,22517.5,4,F+4,2024-04-10,22500.0,EXECUTABLE,125.75,125.0,457.85,288.15,0.1,354.4,244.75,498.0,-168.95000000000005,-0.0075030531808593336,1.579452661093995,17.5,0.07771733096480515,True,6.0,4828958.0,50.0,50.0,-67.90000000000009,-3395.0000000000036,
C_20240311,DEVELOPMENT,2024-03-07,2024-03-11,2024-03-14,22517.5,1,F+1,2024-03-21,22500.0,ADAPTIVE_SELECTED,125.75,125.0,229.45,168.85,0.1,354.4,44.2,321.85,-59.849999999999994,,1.3507936685483781,,,True,,,50.0,50.0,16.799999999999926,839.9999999999982,-0.002657932718996336
C_20240315,DEVELOPMENT,2024-03-14,2024-03-15,2024-03-21,22064.849609375,1,F+1,2024-03-28,22050.0,EXECUTABLE,239.65,116.45,312.7,168.0,0.25,42.95,162.4,104.9,-21.5,-0.0009744004777111644,0.904441869591567,14.849609375,0.06729984404104272,True,18558.0,2107133.0,50.0,50.0,78.70000000000002,3935.0000000000005,
C_20240315,DEVELOPMENT,2024-03-14,2024-03-15,2024-03-21,22064.849609375,2,F+2,2024-04-04,22050.0,EXECUTABLE,239.65,116.45,383.9,194.55,0.25,42.95,264.95,134.85,-66.14999999999998,-0.0029979810046787676,0.9588461670656839,14.849609375,0.06729984404104272,True,263.0,2068365.0,50.0,50.0,106.65000000000003,5332.500000000002,
C_20240315,DEVELOPMENT,2024-03-14,2024-03-15,2024-03-21,22064.849609375,3,F+3,2024-04-10,22050.0,NO_ENTRY_LEG,,,,,,,,,,,,,,,,,,,,,
C_20240315,DEVELOPMENT,2024-03-14,2024-03-15,2024-03-21,22064.849609375,4,F+4,2024-04-18,22050.0,NO_ENTRY_LEG,,,,,,,,,,,,,,,,,,,,,
C_20240315,DEVELOPMENT,2024-03-14,2024-03-15,2024-03-21,22064.849609375,1,F+1,2024-03-28,22050.0,ADAPTIVE_SELECTED,239.65,116.45,312.7,168.0,0.25,42.95,162.4,104.9,-21.5,,0.904441869591567,,,True,,,50.0,50.0,78.70000000000002,3935.0000000000005,-0.0009744004777111644
C_20240322,DEVELOPMENT,2024-03-21,2024-03-22,2024-03-28,21932.19921875,1,F+1,2024-04-04,21950.0,EXECUTABLE,225.6,89.8,298.95,115.0,384.8,0.55,469.55,26.0,-48.14999999999998,-0.002195402272237076,1.0347560129509712,17.80078125,0.08116277383976149,True,6280.0,1697661.0,50.0,50.0,11.150000000000006,557.5000000000018,
C_20240322,DEVELOPMENT,2024-03-21,2024-03-22,2024-03-28,21932.19921875,2,F+2,2024-04-10,21950.0,EXECUTABLE,225.6,89.8,383.0,166.55,384.8,0.55,522.45,57.75,-80.64999999999998,-0.0036772418121686443,0.9153588362917872,17.80078125,0.08116277383976149,True,456.0,1665424.0,50.0,50.0,-0.1999999999999602,-9.999999999997272,
C_20240322,DEVELOPMENT,2024-03-21,2024-03-22,2024-03-28,21932.19921875,3,F+3,2024-04-18,21950.0,EXECUTABLE,225.6,89.8,393.05,177.45,384.8,0.55,650.0,96.0,-79.80000000000001,-0.0036384860088165896,0.8816760390000979,17.80078125,0.08116277383976149,True,17.0,1664426.0,50.0,50.0,89.94999999999996,4497.5,
C_20240322,DEVELOPMENT,2024-03-21,2024-03-22,2024-03-28,21932.19921875,4,F+4,2024-04-25,21950.0,EXECUTABLE,225.6,89.8,503.1,221.0,384.8,0.55,638.0,123.15,-146.3,-0.0066705576828304134,0.906148310387985,17.80078125,0.08116277383976149,True,501.0,1666435.0,50.0,50.0,-15.700000000000045,-785.0000000000009,
C_20240322,DEVELOPMENT,2024-03-21,2024-03-22,2024-03-28,21932.19921875,1,F+1,2024-04-04,21950.0,ADAPTIVE_SELECTED,225.6,89.8,298.95,115.0,384.8,0.55,469.55,26.0,-48.14999999999998,,1.0347560129509712,,,True,,,50.0,50.0,11.150000000000006,557.5000000000018,-0.002195402272237076
C_20240401,DEVELOPMENT,2024-03-28,2024-04-01,2024-04-04,22455.0,1,F+1,2024-04-10,22450.0,EXECUTABLE,102.0,123.9,203.0,169.75,54.75,2.5,185.25,83.45,-55.150000000000006,-0.002456023157425963,1.4526379624014554,5.0,0.0222667557336896,True,12134.0,2780303.0,50.0,50.0,-5.6000000000000085,-280.0,
C_20240401,DEVELOPMENT,2024-03-28,2024-04-01,2024-04-04,22455.0,2,F+2,2024-04-18,22450.0,EXECUTABLE,102.0,123.9,294.9,207.5,54.75,2.5,266.15,128.6,-109.29999999999998,-0.0048675128033845464,1.7263458540042524,5.0,0.0222667557336896,True,258.0,2752825.0,50.0,50.0,-24.0,-1199.9999999999995,
C_20240401,DEVELOPMENT,2024-03-28,2024-04-01,2024-04-04,22455.0,3,F+3,2024-04-25,22450.0,EXECUTABLE,102.0,123.9,360.0,260.05,54.75,2.5,331.65,163.5,-121.85,-0.005426408372300156,1.6815770722824794,5.0,0.0222667557336896,True,4670.0,2764342.0,50.0,50.0,-5.950000000000017,-297.5,
C_20240401,DEVELOPMENT,2024-03-28,2024-04-01,2024-04-04,22455.0,4,F+4,2024-05-02,22450.0,EXECUTABLE,102.0,123.9,406.25,265.2,54.75,2.5,415.35,151.95,-162.95000000000002,-0.007256735693609442,1.8607626874279126,5.0,0.0222667557336896,True,2.0,2751988.0,50.0,25.0,48.20000000000002,-648.7499999999995,
C_20240401,DEVELOPMENT,2024-03-28,2024-04-01,2024-04-04,22455.0,1,F+1,2024-04-10,22450.0,ADAPTIVE_SELECTED,102.0,123.9,203.0,169.75,54.75,2.5,185.25,83.45,-55.150000000000006,,1.4526379624014554,,,True,,,50.0,50.0,-5.6000000000000085,-280.0,-0.002456023157425963
C_20240405,DEVELOPMENT,2024-04-04,2024-04-05,2024-04-10,22486.400390625,1,F+1,2024-04-18,22500.0,EXECUTABLE,140.0,116.4,203.45,165.0,251.7,0.15,313.6,46.1,-14.849999999999994,-0.0006603991631400122,1.0251766233766233,13.599609375,0.060479263638256356,True,38665.0,5562455.0,50.0,50.0,1.1000000000000512,55.00000000000182,
C_20240405,DEVELOPMENT,2024-04-04,2024-04-05,2024-04-10,22486.400390625,2,F+2,2024-04-25,22500.0,EXECUTABLE,140.0,116.4,298.0,205.0,251.7,0.15,394.95,84.45,-69.4,-0.003086309893731776,1.2086132404181185,13.599609375,0.060479263638256356,True,112961.0,5708912.0,50.0,50.0,-10.450000000000003,-522.5000000000009,
C_20240405,DEVELOPMENT,2024-04-04,2024-04-05,2024-04-10,22486.400390625,3,F+3,2024-05-02,22500.0,EXECUTABLE,140.0,116.4,325.25,207.85,251.7,0.15,470.2,111.45,-93.80000000000001,-0.004171410202190786,1.301044709440187,13.599609375,0.060479263638256356,True,644.0,5479887.0,50.0,25.0,13.399999999999991,-5363.75,
C_20240405,DEVELOPMENT,2024-04-04,2024-04-05,2024-04-10,22486.400390625,4,F+4,2024-05-09,22500.0,NO_ENTRY_LEG,,,,,,,,,,,,,,,,,,,,,
C_20240405,DEVELOPMENT,2024-04-04,2024-04-05,2024-04-10,22486.400390625,1,F+1,2024-04-18,22500.0,ADAPTIVE_SELECTED,140.0,116.4,203.45,165.0,251.7,0.15,313.6,46.1,-14.849999999999994,,1.0251766233766233,,,True,,,50.0,50.0,1.1000000000000512,55.00000000000182,-0.0006603991631400122
C_20240412,DEVELOPMENT,2024-04-10,2024-04-12,2024-04-18,22677.400390625,1,F+1,2024-04-25,22700.0,EXECUTABLE,145.0,147.65,184.95,165.0,0.1,707.9,8.75,646.0,-22.599999999999994,-0.0009965868931494897,1.141394670846395,22.599609375,0.09965696678505903,True,140261.0,5325357.0,50.0,50.0,47.950000000000045,2397.5,
C_20240412,DEVELOPMENT,2024-04-10,2024-04-12,2024-04-18,22677.400390625,2,F+2,2024-05-02,22700.0,EXECUTABLE,145.0,147.65,293.05,190.0,0.1,707.9,38.45,611.5,-105.70000000000002,-0.004661028079907129,1.5705565335753178,22.599609375,0.09965696678505903,True,4514.0,5039038.0,50.0,25.0,29.049999999999955,18355.0,
C_20240412,DEVELOPMENT,2024-04-10,2024-04-12,2024-04-18,22677.400390625,3,F+3,2024-05-09,22700.0,EXECUTABLE,145.0,147.65,345.75,224.0,0.1,707.9,80.0,618.85,-124.4,-0.005485637588840556,1.5717360683497537,22.599609375,0.09965696678505903,True,450.0,5030371.0,50.0,25.0,44.549999999999955,18742.5,
C_20240412,DEVELOPMENT,2024-04-10,2024-04-12,2024-04-18,22677.400390625,4,F+4,2024-05-16,22700.0,EXECUTABLE,145.0,147.65,379.75,255.35,0.1,707.9,108.95,243.6,-127.05000000000001,-0.005602494016577112,1.5143538618393957,22.599609375,0.09965696678505903,True,2.0,5029324.0,50.0,25.0,446.09999999999997,28781.25,
C_20240412,DEVELOPMENT,2024-04-10,2024-04-12,2024-04-18,22677.400390625,1,F+1,2024-04-25,22700.0,ADAPTIVE_SELECTED,145.0,147.65,184.95,165.0,0.1,707.9,8.75,646.0,-22.599999999999994,,1.141394670846395,,,True,,,50.0,50.0,47.950000000000045,2397.5,-0.0009965868931494897
C_20240419,DEVELOPMENT,2024-04-18,2024-04-19,2024-04-25,21861.5,1,F+1,2024-05-02,21850.0,EXECUTABLE,295.9,149.95,277.45,191.1,735.65,0.15,731.55,11.5,59.599999999999966,0.0027262539167028778,0.7357419974254813,11.5,0.052603892688058915,True,9855.0,1674762.0,50.0,25.0,44.150000000000006,-13635.0,
C_20240419,DEVELOPMENT,2024-04-18,2024-04-19,2024-04-25,21861.5,2,F+2,2024-05-09,21850.0,EXECUTABLE,295.9,149.95,377.55,213.55,735.65,0.15,813.1,31.8,-18.05000000000001,-0.000825652402625621,0.8959347957558418,11.5,0.052603892688058915,True,72.0,1645324.0,50.0,25.0,27.750000000000057,-14045.0,
C_20240419,DEVELOPMENT,2024-04-18,2024-04-19,2024-04-25,21861.5,3,F+3,2024-05-16,21850.0,NO_ENTRY_LEG,,,,,,,,,,,,,,,,,,,,,
C_20240419,DEVELOPMENT,2024-04-18,2024-04-19,2024-04-25,21861.5,4,F+4,2024-05-23,21850.0,NO_ENTRY_LEG,,,,,,,,,,,,,,,,,,,,,
C_20240419,DEVELOPMENT,2024-04-18,2024-04-19,2024-04-25,21861.5,1,F+1,2024-05-02,21850.0,ADAPTIVE_SELECTED,295.9,149.95,277.45,191.1,735.65,0.15,731.55,11.5,59.599999999999966,,0.7357419974254813,,,True,,,50.0,25.0,44.150000000000006,-13635.0,0.0027262539167028778
C_20240426,DEVELOPMENT,2024-04-25,2024-04-26,2024-05-02,22620.400390625,1,F+1,2024-05-09,22600.0,EXECUTABLE,150.0,131.05,210.05,195.25,55.4,0.5,213.4,89.95,4.149999999999977,0.00018346271190318718,0.9398908237302606,20.400390625,0.09018580693847894,True,57372.0,8232973.0,25.0,25.0,72.69999999999997,1817.4999999999995,
C_20240426,DEVELOPMENT,2024-04-25,2024-04-26,2024-05-02,22620.400390625,2,F+2,2024-05-16,22600.0,EXECUTABLE,150.0,131.05,265.0,240.05,55.4,0.5,287.15,145.0,-6.0,-0.00026524729431786243,0.964472679302923,20.400390625,0.09018580693847894,True,3490.0,8114463.0,25.0,25.0,81.24999999999997,2031.2499999999995,
C_20240426,DEVELOPMENT,2024-04-25,2024-04-26,2024-05-02,22620.400390625,3,F+3,2024-05-23,22600.0,EXECUTABLE,150.0,131.05,331.65,269.75,55.4,0.5,344.35,193.9,-42.94999999999999,-0.0018987285484920314,1.0741484708063023,20.400390625,0.09018580693847894,True,925.0,8108245.0,25.0,25.0,52.60000000000002,1315.0000000000005,
C_20240426,DEVELOPMENT,2024-04-25,2024-04-26,2024-05-02,22620.400390625,4,F+4,2024-05-30,22600.0,EXECUTABLE,150.0,131.05,353.4,290.0,55.4,0.5,401.0,226.2,-44.44999999999999,-0.0019650403720714972,1.0646682758620691,20.400390625,0.09018580693847894,True,108430.0,8324040.0,25.0,25.0,75.45000000000002,1886.2500000000002,
C_20240426,DEVELOPMENT,2024-04-25,2024-04-26,2024-05-02,22620.400390625,1,F+1,2024-05-09,22600.0,ADAPTIVE_SELECTED,150.0,131.05,210.05,195.25,55.4,0.5,213.4,89.95,4.149999999999977,,0.9398908237302606,,,True,,,25.0,25.0,72.69999999999997,1817.4999999999995,0.00018346271190318718
C_20240503,DEVELOPMENT,2024-05-02,2024-05-03,2024-05-09,22766.349609375,1,F+1,2024-05-16,22750.0,EXECUTABLE,151.05,105.15,239.4,189.0,0.1,791.35,8.4,733.55,-4.5,-0.0001976601465413206,0.8817610062893081,16.349609375,0.07181480411013,True,13381.0,3406201.0,25.0,25.0,61.600000000000136,1540.0000000000018,
C_20240503,DEVELOPMENT,2024-05-02,2024-05-03,2024-05-09,22766.349609375,2,F+2,2024-05-23,22750.0,EXECUTABLE,151.05,105.15,290.0,240.0,0.1,791.35,32.05,719.9,-4.100000000000023,-0.00018009035573764867,0.8411535915259848,16.349609375,0.07181480411013,True,834.0,3367929.0,25.0,25.0,99.30000000000007,2482.5,
C_20240503,DEVELOPMENT,2024-05-02,2024-05-03,2024-05-09,22766.349609375,3,F+3,2024-05-30,22750.0,EXECUTABLE,151.05,105.15,334.0,250.0,0.1,791.35,63.25,739.9,-38.10000000000002,-0.0016735225740498489,0.9300258192651439,16.349609375,0.07181480411013,True,12964.0,3399695.0,25.0,25.0,76.50000000000011,1912.5,
C_20240503,DEVELOPMENT,2024-05-02,2024-05-03,2024-05-09,22766.349609375,4,F+4,2024-06-06,22750.0,NO_ENTRY_LEG,,,,,,,,,,,,,,,,,,,,,
C_20240503,DEVELOPMENT,2024-05-02,2024-05-03,2024-05-09,22766.349609375,2,F+2,2024-05-23,22750.0,ADAPTIVE_SELECTED,151.05,105.15,290.0,240.0,0.1,791.35,32.05,719.9,-4.100000000000023,,0.8411535915259848,,,True,,,25.0,25.0,99.30000000000007,2482.5,-0.00018009035573764867
C_20240510,DEVELOPMENT,2024-05-09,2024-05-10,2024-05-16,21990.94921875,1,F+1,2024-05-23,22000.0,EXECUTABLE,182.0,159.9,276.8,201.7,399.8,0.35,456.65,37.95,-53.00000000000003,-0.00241008241494237,1.205694454281465,9.05078125,0.041156846664368134,True,39326.0,8588984.0,25.0,25.0,-33.75000000000006,-843.7500000000009,
C_20240510,DEVELOPMENT,2024-05-09,2024-05-10,2024-05-16,21990.94921875,2,F+2,2024-05-30,22000.0,EXECUTABLE,182.0,159.9,374.85,264.0,399.8,0.35,528.85,77.8,-88.75,-0.0040357512137006646,1.2474715909090912,9.05078125,0.041156846664368134,True,177875.0,8942784.0,25.0,25.0,-37.150000000000034,-928.75,
C_20240510,DEVELOPMENT,2024-05-09,2024-05-10,2024-05-16,21990.94921875,3,F+3,2024-06-06,22000.0,EXECUTABLE,182.0,159.9,567.15,435.0,399.8,0.35,777.95,286.05,-110.04999999999995,-0.005004331504988822,1.1454753694581281,9.05078125,0.041156846664368134,True,2971.0,8486530.0,25.0,25.0,-17.599999999999966,-439.99999999999864,
C_20240510,DEVELOPMENT,2024-05-09,2024-05-10,2024-05-16,21990.94921875,4,F+4,2024-06-13,22000.0,NO_ENTRY_LEG,,,,,,,,,,,,,,,,,,,,,
C_20240510,DEVELOPMENT,2024-05-09,2024-05-10,2024-05-16,21990.94921875,1,F+1,2024-05-23,22000.0,ADAPTIVE_SELECTED,182.0,159.9,276.8,201.7,399.8,0.35,456.65,37.95,-53.00000000000003,,1.205694454281465,,,True,,,25.0,25.0,-33.75000000000006,-843.7500000000009,-0.00241008241494237
C_20240517,DEVELOPMENT,2024-05-16,2024-05-17,2024-05-23,22415.25,1,F+1,2024-05-30,22400.0,EXECUTABLE,171.0,140.5,249.95,186.0,562.7,0.2,626.1,28.7,-33.44999999999999,-0.00149228761668953,1.104130509966673,15.25,0.06803403932590535,True,205159.0,7920085.0,25.0,25.0,1.4500000000000455,36.249999999998636,
C_20240517,DEVELOPMENT,2024-05-16,2024-05-17,2024-05-23,22415.25,2,F+2,2024-06-06,22400.0,EXECUTABLE,171.0,140.5,531.0,439.85,562.7,0.2,838.2,203.75,-60.64999999999998,-0.002705747203354858,0.9919051351238161,15.25,0.06803403932590535,True,3972.0,7466641.0,25.0,25.0,11.300000000000068,282.5,
C_20240517,DEVELOPMENT,2024-05-16,2024-05-17,2024-05-23,22415.25,3,F+3,2024-06-13,22400.0,NO_ENTRY_LEG,,,,,,,,,,,,,,,,,,,,,
C_20240517,DEVELOPMENT,2024-05-16,2024-05-17,2024-05-23,22415.25,4,F+4,2024-06-20,22400.0,NO_ENTRY_LEG,,,,,,,,,,,,,,,,,,,,,
C_20240517,DEVELOPMENT,2024-05-16,2024-05-17,2024-05-23,22415.25,1,F+1,2024-05-30,22400.0,ADAPTIVE_SELECTED,171.0,140.5,249.95,186.0,562.7,0.2,626.1,28.7,-33.44999999999999,,1.104130509966673,,,True,,,25.0,25.0,1.4500000000000455,36.249999999998636,-0.00149228761668953
C_20240524,DEVELOPMENT,2024-05-23,2024-05-24,2024-05-30,22930.75,1,F+1,2024-06-06,22950.0,EXECUTABLE,190.0,148.0,488.25,371.0,0.15,468.8,259.4,646.6,-75.25,-0.0032816196591912605,1.025124131082423,19.25,0.08394840988628806,True,10987.0,3670722.0,25.0,25.0,6.199999999999932,154.99999999999818,
C_20240524,DEVELOPMENT,2024-05-23,2024-05-24,2024-05-30,22930.75,2,F+2,2024-06-13,22950.0,NO_ENTRY_LEG,,,,,,,,,,,,,,,,,,,,,
C_20240524,DEVELOPMENT,2024-05-23,2024-05-24,2024-05-30,22930.75,3,F+3,2024-06-20,22950.0,NO_ENTRY_LEG,,,,,,,,,,,,,,,,,,,,,
C_20240524,DEVELOPMENT,2024-05-23,2024-05-24,2024-05-30,22930.75,4,F+4,2024-06-27,22950.0,EXECUTABLE,190.0,148.0,616.0,485.05,0.15,468.8,408.0,717.6,-88.95000000000005,-0.0038790706802001697,0.9892414780896163,19.25,0.08394840988628806,True,975.0,3649211.0,25.0,25.0,70.09999999999997,1752.5,
C_20240524,DEVELOPMENT,2024-05-23,2024-05-24,2024-05-30,22930.75,1,F+1,2024-06-06,22950.0,ADAPTIVE_SELECTED,190.0,148.0,488.25,371.0,0.15,468.8,259.4,646.6,-75.25,,1.025124131082423,,,True,,,25.0,25.0,6.199999999999932,154.99999999999818,-0.0032816196591912605
C_20240531,DEVELOPMENT,2024-05-30,2024-05-31,2024-06-06,22568.099609375,1,F+1,2024-06-13,22550.0,EXECUTABLE,557.0,500.0,549.95,465.2,256.45,0.25,422.25,108.75,-27.75,-0.0012296117298450948,1.0612026101010976,18.099609375,0.08019997114635764,True,6837.0,1349557.0,25.0,25.0,29.549999999999955,738.7499999999991,
C_20240531,DEVELOPMENT,2024-05-30,2024-05-31,2024-06-06,22568.099609375,2,F+2,2024-06-20,22550.0,EXECUTABLE,557.0,500.0,499.1,343.65,256.45,0.25,503.75,165.05,-98.45000000000005,-0.004362352245162149,1.3037251117413364,18.099609375,0.08019997114635764,True,437.0,1336773.0,25.0,25.0,-15.950000000000045,-398.7500000000018,
C_20240531,DEVELOPMENT,2024-05-30,2024-05-31,2024-06-06,22568.099609375,3,F+3,2024-06-27,22550.0,EXECUTABLE,557.0,500.0,629.15,482.45,256.45,0.25,576.25,207.3,-89.69999999999993,-0.003974636834850627,1.1706220475122024,18.099609375,0.08019997114635764,True,7172.0,1351548.0,25.0,25.0,23.05000000000001,576.2499999999991,
C_20240531,DEVELOPMENT,2024-05-30,2024-05-31,2024-06-06,22568.099609375,4,F+4,2024-07-04,22550.0,NO_ENTRY_LEG,,,,,,,,,,,,,,,,,,,,,
C_20240531,DEVELOPMENT,2024-05-30,2024-05-31,2024-06-06,22568.099609375,1,F+1,2024-06-13,22550.0,ADAPTIVE_SELECTED,557.0,500.0,549.95,465.2,256.45,0.25,422.25,108.75,-27.75,,1.0612026101010976,,,True,,,25.0,25.0,29.549999999999955,738.7499999999991,-0.0012296117298450948
C_20240607,DEVELOPMENT,2024-06-06,2024-06-07,2024-06-13,22821.849609375,1,F+1,2024-06-20,22800.0,EXECUTABLE,294.35,216.5,369.25,258.8,597.4,0.1,595.3,15.4,-32.599999999999966,-0.0014284556492129453,1.0494218261545556,21.849609375,0.09573987099636476,True,14177.0,2885678.0,25.0,25.0,-49.99999999999997,-1250.000000000001,
C_20240607,DEVELOPMENT,2024-06-06,2024-06-07,2024-06-13,22821.849609375,2,F+2,2024-06-27,22800.0,EXECUTABLE,294.35,216.5,419.0,301.95,597.4,0.1,641.75,43.2,-39.19999999999999,-0.001717652191691641,1.0206406222078432,21.849609375,0.09573987099636476,True,66015.0,3005023.0,25.0,25.0,-37.94999999999993,-948.75,
C_20240607,DEVELOPMENT,2024-06-06,2024-06-07,2024-06-13,22821.849609375,3,F+3,2024-07-04,22800.0,EXECUTABLE,294.35,216.5,479.85,347.25,597.4,0.1,720.15,80.65,-54.75,-0.002399016772834627,1.0163823279393296,21.849609375,0.09573987099636476,True,1724.0,2842198.0,25.0,25.0,-12.549999999999955,-313.75,
C_20240607,DEVELOPMENT,2024-06-06,2024-06-07,2024-06-13,22821.849609375,4,F+4,2024-07-11,22800.0,NO_ENTRY_LEG,,,,,,,,,,,,,,,,,,,,,
C_20240607,DEVELOPMENT,2024-06-06,2024-06-07,2024-06-13,22821.849609375,1,F+1,2024-06-20,22800.0,ADAPTIVE_SELECTED,294.35,216.5,369.25,258.8,597.4,0.1,595.3,15.4,-32.599999999999966,,1.0494218261545556,,,True,,,25.0,25.0,-49.99999999999997,-1250.000000000001,-0.0014284556492129453
C_20240614,DEVELOPMENT,2024-06-13,2024-06-14,2024-06-20,23464.94921875,1,F+1,2024-06-27,23450.0,EXECUTABLE,109.55,170.0,190.0,225.0,114.75,0.25,222.1,87.9,-25.44999999999999,-0.0010845964234886903,1.3104112784623967,14.94921875,0.06370871980432251,True,40968.0,4240242.0,25.0,25.0,-5.75,-143.75,
C_20240614,DEVELOPMENT,2024-06-13,2024-06-14,2024-06-20,23464.94921875,2,F+2,2024-07-04,23450.0,EXECUTABLE,109.55,170.0,277.35,285.1,114.75,0.25,320.55,140.55,-52.69999999999999,-0.0022459030065954417,1.5096194838071182,14.94921875,0.06370871980432251,True,2007.0,4154859.0,25.0,25.0,12.800000000000011,320.00000000000045,
C_20240614,DEVELOPMENT,2024-06-13,2024-06-14,2024-06-20,23464.94921875,3,F+3,2024-07-11,23450.0,EXECUTABLE,109.55,170.0,373.55,333.0,114.75,0.25,396.25,187.2,-101.0,-0.004304292289680069,1.7407686097781945,14.94921875,0.06370871980432251,True,26.0,4150558.0,25.0,25.0,-6.449999999999989,-161.24999999999955,
C_20240614,DEVELOPMENT,2024-06-13,2024-06-14,2024-06-20,23464.94921875,4,F+4,2024-07-18,23450.0,NO_ENTRY_LEG,,,,,,,,,,,,,,,,,,,,,
C_20240614,DEVELOPMENT,2024-06-13,2024-06-14,2024-06-20,23464.94921875,1,F+1,2024-06-27,23450.0,ADAPTIVE_SELECTED,109.55,170.0,190.0,225.0,114.75,0.25,222.1,87.9,-25.44999999999999,,1.3104112784623967,,,True,,,25.0,25.0,-5.75,-143.75,-0.0010845964234886903
C_20240621,DEVELOPMENT,2024-06-20,2024-06-21,2024-06-27,23661.150390625,1,F+1,2024-07-04,23650.0,EXECUTABLE,116.2,154.95,210.0,225.0,389.75,0.2,438.0,51.1,-23.75,-0.0010037550840896648,1.244578313253012,11.150390625,0.04712531065022941,True,16239.0,2895484.0,25.0,25.0,-26.400000000000006,-660.0,
C_20240621,DEVELOPMENT,2024-06-20,2024-06-21,2024-06-27,23661.150390625,2,F+2,2024-07-11,23650.0,EXECUTABLE,116.2,154.95,288.4,278.0,389.75,0.2,500.9,107.3,-49.14999999999998,-0.002077244731916084,1.383362225881945,11.150390625,0.04712531065022941,True,716.0,2852975.0,25.0,25.0,-45.10000000000002,-1127.5,
C_20240621,DEVELOPMENT,2024-06-20,2024-06-21,2024-06-27,23661.150390625,3,F+3,2024-07-18,23650.0,EXECUTABLE,116.2,154.95,356.45,400.0,389.75,0.2,568.3,154.1,4.800000000000011,0.00020286418541601693,1.1882944814974181,11.150390625,0.04712531065022941,True,67.0,2851265.0,25.0,25.0,29.44999999999996,736.2499999999991,
C_20240621,DEVELOPMENT,2024-06-20,2024-06-21,2024-06-27,23661.150390625,4,F+4,2024-07-25,23650.0,EXECUTABLE,116.2,154.95,398.35,338.45,389.75,0.2,641.7,194.2,-98.65000000000003,-0.004169281644018756,1.5694798907340313,11.150390625,0.04712531065022941,True,962.0,2853434.0,25.0,25.0,-40.69999999999999,-1017.4999999999991,
C_20240621,DEVELOPMENT,2024-06-20,2024-06-21,2024-06-27,23661.150390625,3,F+3,2024-07-18,23650.0,ADAPTIVE_SELECTED,116.2,154.95,356.45,400.0,389.75,0.2,568.3,154.1,4.800000000000011,,1.1882944814974181,,,True,,,25.0,25.0,29.44999999999996,736.2499999999991,0.00020286418541601693
C_20240628,DEVELOPMENT,2024-06-27,2024-06-28,2024-07-04,24085.900390625,1,F+1,2024-07-11,24100.0,EXECUTABLE,145.6,192.7,234.95,250.05,199.6,0.15,271.9,62.4,-31.99999999999997,-0.0013285781092267322,1.2435662592756174,14.099609375,0.05853885113835319,True,61010.0,7940850.0,25.0,25.0,-21.94999999999999,-548.75,
C_20240628,DEVELOPMENT,2024-06-27,2024-06-28,2024-07-04,24085.900390625,2,F+2,2024-07-18,24100.0,EXECUTABLE,145.6,192.7,311.45,300.0,199.6,0.15,337.95,110.95,-58.54999999999998,-0.002430882759225788,1.3740021749084246,14.099609375,0.05853885113835319,True,1988.0,7802376.0,25.0,25.0,-30.99999999999997,-775.0,
C_20240628,DEVELOPMENT,2024-06-27,2024-06-28,2024-07-04,24085.900390625,3,F+3,2024-07-25,24100.0,EXECUTABLE,145.6,192.7,387.75,347.65,199.6,0.15,433.0,173.2,-87.20000000000005,-0.00362037534764285,1.4761480339737927,14.099609375,0.05853885113835319,True,60671.0,7927938.0,25.0,25.0,-26.849999999999994,-671.25,
C_20240628,DEVELOPMENT,2024-06-27,2024-06-28,2024-07-04,24085.900390625,4,F+4,2024-08-01,24100.0,EXECUTABLE,145.6,192.7,428.85,385.6,199.6,0.15,503.25,220.85,-90.35000000000002,-0.003751157255269856,1.4719353277039349,14.099609375,0.05853885113835319,True,73.0,7798482.0,25.0,25.0,-7.399999999999977,-184.9999999999991,
C_20240628,DEVELOPMENT,2024-06-27,2024-06-28,2024-07-04,24085.900390625,1,F+1,2024-07-11,24100.0,ADAPTIVE_SELECTED,145.6,192.7,234.95,250.05,199.6,0.15,271.9,62.4,-31.99999999999997,,1.2435662592756174,,,True,,,25.0,25.0,-21.94999999999999,-548.75,-0.0013285781092267322
C_20240705,DEVELOPMENT,2024-07-04,2024-07-05,2024-07-11,24213.349609375,1,F+1,2024-07-18,24200.0,EXECUTABLE,200.5,93.25,270.0,154.0,113.45,0.2,235.45,58.0,-8.75,-0.00036137090246333157,0.8154127667843379,13.349609375,0.055133261570019444,True,44162.0,8036479.0,25.0,25.0,55.44999999999999,1386.2499999999998,
C_20240705,DEVELOPMENT,2024-07-04,2024-07-05,2024-07-11,24213.349609375,2,F+2,2024-07-25,24200.0,EXECUTABLE,200.5,93.25,321.05,216.35,113.45,0.2,364.5,181.5,2.5500000000000114,0.0001053138058607428,0.6901607202239376,13.349609375,0.055133261570019444,True,76720.0,8108704.0,25.0,25.0,72.29999999999998,1807.4999999999995,
C_20240705,DEVELOPMENT,2024-07-04,2024-07-05,2024-07-11,24213.349609375,3,F+3,2024-08-01,24200.0,EXECUTABLE,200.5,93.25,390.65,287.15,113.45,0.2,461.85,226.75,3.75,0.00015487324391285636,0.6327227812412205,13.349609375,0.055133261570019444,True,383.0,7929203.0,25.0,25.0,125.60000000000002,3140.000000000001,
C_20240705,DEVELOPMENT,2024-07-04,2024-07-05,2024-07-11,24213.349609375,4,F+4,2024-08-08,24200.0,NO_ENTRY_LEG,,,,,,,,,,,,,,,,,,,,,
C_20240705,DEVELOPMENT,2024-07-04,2024-07-05,2024-07-11,24213.349609375,3,F+3,2024-08-01,24200.0,ADAPTIVE_SELECTED,200.5,93.25,390.65,287.15,113.45,0.2,461.85,226.75,3.75,,0.6327227812412205,,,True,,,25.0,25.0,125.60000000000002,3140.000000000001,0.00015487324391285636
C_20240712,DEVELOPMENT,2024-07-11,2024-07-12,2024-07-18,24387.94921875,1,F+1,2024-07-25,24400.0,EXECUTABLE,130.25,109.9,279.3,250.0,405.05,0.2,496.65,91.25,-8.949999999999989,-0.00036698452664970404,0.9426509021113244,12.05078125,0.04941285198648474,True,172385.0,7181306.0,25.0,25.0,-8.400000000000034,-210.0000000000009,
C_20240712,DEVELOPMENT,2024-07-11,2024-07-12,2024-07-18,24387.94921875,2,F+2,2024-08-01,24400.0,EXECUTABLE,130.25,109.9,365.0,265.05,405.05,0.2,576.3,132.85,-79.60000000000002,-0.003263907075007429,1.161943514804182,12.05078125,0.04941285198648474,True,3247.0,6810393.0,25.0,25.0,-41.00000000000003,-1025.0000000000005,
C_20240712,DEVELOPMENT,2024-07-11,2024-07-12,2024-07-18,24387.94921875,3,F+3,2024-08-08,24400.0,EXECUTABLE,130.25,109.9,410.0,347.5,405.05,0.2,634.05,166.4,-42.14999999999998,-0.0017283126031603395,0.9955177508664854,12.05078125,0.04941285198648474,True,341.0,6804529.0,25.0,25.0,20.64999999999995,516.2499999999991,
C_20240712,DEVELOPMENT,2024-07-11,2024-07-12,2024-07-18,24387.94921875,4,F+4,2024-08-14,24400.0,NO_ENTRY_LEG,,,,,,,,,,,,,,,,,,,,,
C_20240712,DEVELOPMENT,2024-07-11,2024-07-12,2024-07-18,24387.94921875,1,F+1,2024-07-25,24400.0,ADAPTIVE_SELECTED,130.25,109.9,279.3,250.0,405.05,0.2,496.65,91.25,-8.949999999999989,,0.9426509021113244,,,True,,,25.0,25.0,-8.400000000000034,-210.0000000000009,-0.00036698452664970404
C_20240719,DEVELOPMENT,2024-07-18,2024-07-19,2024-07-25,24853.80078125,1,F+1,2024-08-01,24850.0,EXECUTABLE,199.7,270.0,300.0,298.85,0.1,446.7,20.25,460.25,-71.44999999999999,-0.0028748118096248165,1.3572307599763371,3.80078125,0.015292555386005002,True,4078.0,761116.0,25.0,25.0,-64.85000000000002,-1621.2499999999995,
C_20240719,DEVELOPMENT,2024-07-18,2024-07-19,2024-07-25,24853.80078125,2,F+2,2024-08-08,24850.0,EXECUTABLE,199.7,270.0,346.15,350.0,0.1,446.7,64.35,494.3,-66.44999999999999,-0.002673635335893199,1.3371557336004007,3.80078125,0.015292555386005002,True,134.0,746697.0,25.0,25.0,-49.80000000000001,-1244.9999999999995,
C_20240719,DEVELOPMENT,2024-07-18,2024-07-19,2024-07-25,24853.80078125,3,F+3,2024-08-14,24850.0,NO_ENTRY_LEG,,,,,,,,,,,,,,,,,,,,,
C_20240719,DEVELOPMENT,2024-07-18,2024-07-19,2024-07-25,24853.80078125,4,F+4,2024-08-22,24850.0,NO_ENTRY_LEG,,,,,,,,,,,,,,,,,,,,,
C_20240719,DEVELOPMENT,2024-07-18,2024-07-19,2024-07-25,24853.80078125,2,F+2,2024-08-08,24850.0,ADAPTIVE_SELECTED,199.7,270.0,346.15,350.0,0.1,446.7,64.35,494.3,-66.44999999999999,,1.3371557336004007,,,True,,,25.0,25.0,-49.80000000000001,-1244.9999999999995,-0.002673635335893199
C_20240726,DEVELOPMENT,2024-07-25,2024-07-26,2024-08-01,24423.349609375,1,F+1,2024-08-08,24400.0,EXECUTABLE,165.0,155.0,229.95,208.0,608.7,0.1,607.8,18.85,-11.949999999999989,-0.0004892858756529012,1.0385270979020977,23.349609375,0.0956036323782433,True,32232.0,3173878.0,25.0,25.0,-31.60000000000005,-790.0000000000018,
C_20240726,DEVELOPMENT,2024-07-25,2024-07-26,2024-08-01,24423.349609375,2,F+2,2024-08-14,24400.0,EXECUTABLE,165.0,155.0,297.0,248.3,608.7,0.1,642.2,47.5,-38.69999999999999,-0.001584549237470066,1.1236407571486104,23.349609375,0.0956036323782433,True,1039.0,3073248.0,25.0,25.0,-52.599999999999966,-1315.0,
C_20240726,DEVELOPMENT,2024-07-25,2024-07-26,2024-08-01,24423.349609375,3,F+3,2024-08-22,24400.0,EXECUTABLE,165.0,155.0,375.0,279.0,608.7,0.1,696.05,86.0,-86.0,-0.0035212205277112586,1.2626262626262628,23.349609375,0.0956036323782433,True,214.0,3069024.0,25.0,25.0,-84.55000000000007,-2113.7500000000027,
C_20240726,DEVELOPMENT,2024-07-25,2024-07-26,2024-08-01,24423.349609375,4,F+4,2024-08-29,24400.0,EXECUTABLE,165.0,155.0,418.8,345.0,608.7,0.1,749.15,122.3,-63.80000000000001,-0.0026122542984648644,1.14034255599473,23.349609375,0.0956036323782433,True,38872.0,3189973.0,25.0,25.0,-45.55000000000007,-1138.7500000000018,
C_20240726,DEVELOPMENT,2024-07-25,2024-07-26,2024-08-01,24423.349609375,1,F+1,2024-08-08,24400.0,ADAPTIVE_SELECTED,165.0,155.0,229.95,208.0,608.7,0.1,607.8,18.85,-11.949999999999989,,1.0385270979020977,,,True,,,25.0,25.0,-31.60000000000005,-790.0000000000018,-0.0004892858756529012
C_20240802,DEVELOPMENT,2024-08-01,2024-08-02,2024-08-08,24789.0,1,F+1,2024-08-14,24800.0,EXECUTABLE,172.0,125.15,210.65,200.0,0.1,674.5,12.1,687.65,36.19999999999999,0.0014603251442171926,0.7663618459302327,11.0,0.04437452095687604,True,74550.0,8345697.0,25.0,25.0,35.05000000000007,876.25,
C_20240802,DEVELOPMENT,2024-08-01,2024-08-02,2024-08-08,24789.0,2,F+2,2024-08-22,24800.0,EXECUTABLE,172.0,125.15,300.0,237.0,0.1,674.5,47.45,707.4,-16.149999999999977,-0.0006514986485941336,0.9210332646452752,11.0,0.04437452095687604,True,3236.0,8195707.0,25.0,25.0,-1.6999999999999886,-42.5,
C_20240802,DEVELOPMENT,2024-08-01,2024-08-02,2024-08-08,24789.0,3,F+3,2024-08-29,24800.0,EXECUTABLE,172.0,125.15,400.0,345.0,0.1,674.5,85.3,744.05,-8.149999999999977,-0.00032877485981685334,0.8436130771823391,11.0,0.04437452095687604,True,120530.0,8458701.0,25.0,25.0,7.500000000000057,187.50000000000182,
C_20240802,DEVELOPMENT,2024-08-01,2024-08-02,2024-08-08,24789.0,4,F+4,2024-09-05,24800.0,NO_ENTRY_LEG,,,,,,,,,,,,,,,,,,,,,
C_20240802,DEVELOPMENT,2024-08-01,2024-08-02,2024-08-08,24789.0,1,F+1,2024-08-14,24800.0,ADAPTIVE_SELECTED,172.0,125.15,210.65,200.0,0.1,674.5,12.1,687.65,36.19999999999999,,0.7663618459302327,,,True,,,25.0,25.0,35.05000000000007,876.25,0.0014603251442171926
C_20240809,DEVELOPMENT,2024-08-08,2024-08-09,2024-08-14,24386.849609375,1,F+1,2024-08-22,24400.0,EXECUTABLE,130.1,186.15,253.7,286.7,0.15,256.05,75.65,305.45,-23.05000000000001,-0.0009451815371485677,1.266130638689297,13.150390625,0.05392410596547335,True,41190.0,6882080.0,25.0,25.0,3.0500000000000114,76.25,
C_20240809,DEVELOPMENT,2024-08-08,2024-08-09,2024-08-14,24386.849609375,2,F+2,2024-08-29,24400.0,EXECUTABLE,130.1,186.15,280.0,385.0,0.15,256.05,151.1,373.4,48.94999999999999,0.00200722933810943,1.040598141289917,13.150390625,0.05392410596547335,True,80737.0,6943967.0,25.0,25.0,82.55000000000001,2063.7500000000005,
C_20240809,DEVELOPMENT,2024-08-08,2024-08-09,2024-08-14,24386.849609375,3,F+3,2024-09-05,24400.0,EXECUTABLE,130.1,186.15,365.45,368.85,0.15,256.05,230.7,409.45,-52.64999999999998,-0.0021589504525324097,1.4176333530155893,13.150390625,0.05392410596547335,True,451.0,6781570.0,25.0,25.0,24.50000000000003,612.5000000000009,
C_20240809,DEVELOPMENT,2024-08-08,2024-08-09,2024-08-14,24386.849609375,4,F+4,2024-09-12,24400.0,EXECUTABLE,130.1,186.15,500.0,409.85,0.15,256.05,286.4,435.2,-146.2,-0.0059950343050377665,1.7455440335166958,13.150390625,0.05392410596547335,True,8.0,6780646.0,25.0,25.0,-39.099999999999994,-977.5,
C_20240809,DEVELOPMENT,2024-08-08,2024-08-09,2024-08-14,24386.849609375,2,F+2,2024-08-29,24400.0,ADAPTIVE_SELECTED,130.1,186.15,280.0,385.0,0.15,256.05,151.1,373.4,48.94999999999999,,1.040598141289917,,,True,,,25.0,25.0,82.55000000000001,2063.7500000000005,0.00200722933810943
C_20240816,DEVELOPMENT,2024-08-14,2024-08-16,2024-08-22,24334.849609375,1,F+1,2024-08-29,24350.0,EXECUTABLE,145.0,189.5,225.0,280.0,458.8,0.1,513.85,20.0,10.5,0.0004314799626275428,1.0501847290640394,15.150390625,0.06225799981588261,True,35348.0,3927616.0,25.0,25.0,45.64999999999998,1141.250000000001,
C_20240816,DEVELOPMENT,2024-08-14,2024-08-16,2024-08-22,24334.849609375,2,F+2,2024-09-05,24350.0,EXECUTABLE,145.0,189.5,322.05,290.8,458.8,0.1,579.3,49.0,-75.75,-0.003112819730384416,1.447338495470284,15.150390625,0.06225799981588261,True,807.0,3855101.0,25.0,25.0,-4.150000000000091,-103.75000000000182,
C_20240816,DEVELOPMENT,2024-08-14,2024-08-16,2024-08-22,24334.849609375,3,F+3,2024-09-12,24350.0,EXECUTABLE,145.0,189.5,392.6,316.6,458.8,0.1,626.35,80.7,-120.5,-0.00495174623777323,1.6206177707103493,15.150390625,0.06225799981588261,True,95.0,3853644.0,25.0,25.0,-33.55000000000001,-838.7499999999991,
C_20240816,DEVELOPMENT,2024-08-14,2024-08-16,2024-08-22,24334.849609375,4,F+4,2024-09-19,24350.0,NO_ENTRY_LEG,,,,,,,,,,,,,,,,,,,,,
C_20240816,DEVELOPMENT,2024-08-14,2024-08-16,2024-08-22,24334.849609375,1,F+1,2024-08-29,24350.0,ADAPTIVE_SELECTED,145.0,189.5,225.0,280.0,458.8,0.1,513.85,20.0,10.5,,1.0501847290640394,,,True,,,25.0,25.0,45.64999999999998,1141.250000000001,0.0004314799626275428
C_20240823,DEVELOPMENT,2024-08-22,2024-08-23,2024-08-29,24845.400390625,1,F+1,2024-09-05,24850.0,EXECUTABLE,146.3,137.45,222.0,191.05,318.8,0.45,380.95,38.15,-22.099999999999966,-0.0008895006581716846,1.0917076422110925,4.599609375,0.018512921114910215,True,28006.0,3913292.0,25.0,25.0,2.3499999999999943,58.749999999999545,
C_20240823,DEVELOPMENT,2024-08-22,2024-08-23,2024-08-29,24845.400390625,2,F+2,2024-09-12,24850.0,EXECUTABLE,146.3,137.45,294.3,237.9,318.8,0.45,456.65,85.1,-47.54999999999998,-0.0019138351265187172,1.1622411238459553,4.599609375,0.018512921114910215,True,712.0,3858507.0,25.0,25.0,5.649999999999977,141.24999999999955,
C_20240823,DEVELOPMENT,2024-08-22,2024-08-23,2024-08-29,24845.400390625,3,F+3,2024-09-19,24850.0,EXECUTABLE,146.3,137.45,331.25,276.0,318.8,0.45,520.6,135.25,-46.39999999999998,-0.0018675488931749415,1.1275796333719672,4.599609375,0.018512921114910215,True,26.0,3857039.0,25.0,25.0,20.600000000000023,515.0000000000009,
C_20240823,DEVELOPMENT,2024-08-22,2024-08-23,2024-08-29,24845.400390625,4,F+4,2024-09-26,24850.0,EXECUTABLE,146.3,137.45,426.5,294.05,318.8,0.45,597.95,184.95,-123.59999999999997,-0.004974763861991871,1.3626937681654474,4.599609375,0.018512921114910215,True,2197.0,3861753.0,25.0,25.0,-28.949999999999932,-723.7499999999986,
C_20240823,DEVELOPMENT,2024-08-22,2024-08-23,2024-08-29,24845.400390625,1,F+1,2024-09-05,24850.0,ADAPTIVE_SELECTED,146.3,137.45,222.0,191.05,318.8,0.45,380.95,38.15,-22.099999999999966,,1.0917076422110925,,,True,,,25.0,25.0,2.3499999999999943,58.749999999999545,-0.0008895006581716846
C_20240830,DEVELOPMENT,2024-08-29,2024-08-30,2024-09-05,25249.69921875,1,F+1,2024-09-12,25250.0,EXECUTABLE,130.0,155.45,208.0,200.0,0.25,103.6,111.75,169.8,-33.44999999999999,-0.001324768256057505,1.2436,0.30078125,0.0011912270613372096,True,26390.0,5024950.0,25.0,25.0,11.849999999999994,296.25,
C_20240830,DEVELOPMENT,2024-08-29,2024-08-30,2024-09-05,25249.69921875,2,F+2,2024-09-19,25250.0,EXECUTABLE,130.0,155.45,290.0,262.55,0.25,103.6,202.6,239.25,-52.89999999999998,-0.0020950744617471454,1.320788714237581,0.30078125,0.0011912270613372096,True,762.0,4964439.0,25.0,25.0,13.800000000000011,345.00000000000045,
C_20240830,DEVELOPMENT,2024-08-29,2024-08-30,2024-09-05,25249.69921875,3,F+3,2024-09-26,25250.0,EXECUTABLE,130.0,155.45,360.0,329.95,0.25,103.6,292.7,305.55,-55.5,-0.0021980459853868928,1.3046732022334386,0.30078125,0.0011912270613372096,True,11709.0,4990502.0,25.0,25.0,34.99999999999997,874.9999999999994,
C_20240830,DEVELOPMENT,2024-08-29,2024-08-30,2024-09-05,25249.69921875,4,F+4,2024-10-03,25250.0,EXECUTABLE,130.0,155.45,378.4,501.95,0.25,103.6,380.25,348.7,98.10000000000002,0.003885194795791968,0.9014425279870044,0.30078125,0.0011912270613372096,True,40.0,4962968.0,25.0,25.0,233.00000000000003,5825.000000000001,
C_20240830,DEVELOPMENT,2024-08-29,2024-08-30,2024-09-05,25249.69921875,4,F+4,2024-10-03,25250.0,ADAPTIVE_SELECTED,130.0,155.45,378.4,501.95,0.25,103.6,380.25,348.7,98.10000000000002,,0.9014425279870044,,,True,,,25.0,25.0,233.00000000000003,5825.000000000001,0.003885194795791968
C_20240906,DEVELOPMENT,2024-09-05,2024-09-06,2024-09-12,25093.69921875,1,F+1,2024-09-19,25100.0,EXECUTABLE,174.6,125.15,241.75,181.25,295.0,0.7,315.3,73.15,-11.050000000000011,-0.0004403495835218849,0.956037840186436,6.30078125,0.02510901718823528,True,35780.0,5353419.0,25.0,25.0,-63.20000000000002,-1580.0,
C_20240906,DEVELOPMENT,2024-09-05,2024-09-06,2024-09-12,25093.69921875,2,F+2,2024-09-26,25100.0,EXECUTABLE,174.6,125.15,360.0,265.0,295.0,0.7,404.25,144.85,-45.55000000000001,-0.0018151966994951892,0.9737405174090645,6.30078125,0.02510901718823528,True,107486.0,5477220.0,25.0,25.0,-80.45000000000002,-2011.25,
C_20240906,DEVELOPMENT,2024-09-05,2024-09-06,2024-09-12,25093.69921875,3,F+3,2024-10-03,25100.0,EXECUTABLE,174.6,125.15,429.35,325.2,295.0,0.7,487.7,186.05,-54.700000000000045,-0.0021798300650359365,0.9463407574367841,6.30078125,0.02510901718823528,True,450.0,5245079.0,25.0,25.0,-47.35000000000008,-1183.7500000000014,
C_20240906,DEVELOPMENT,2024-09-05,2024-09-06,2024-09-12,25093.69921875,4,F+4,2024-10-10,25100.0,EXECUTABLE,174.6,125.15,445.0,376.0,295.0,0.7,533.85,226.7,-19.55000000000001,-0.0007790800323848729,0.8483181923423754,6.30078125,0.02510901718823528,True,9.0,5243818.0,25.0,25.0,-6.699999999999989,-167.4999999999991,
C_20240906,DEVELOPMENT,2024-09-05,2024-09-06,2024-09-12,25093.69921875,1,F+1,2024-09-19,25100.0,ADAPTIVE_SELECTED,174.6,125.15,241.75,181.25,295.0,0.7,315.3,73.15,-11.050000000000011,,0.956037840186436,,,True,,,25.0,25.0,-63.20000000000002,-1580.0,-0.0004403495835218849
C_20240913,DEVELOPMENT,2024-09-12,2024-09-13,2024-09-19,25430.44921875,1,F+1,2024-09-26,25450.0,EXECUTABLE,99.0,211.0,190.4,291.7,0.55,41.15,179.65,140.0,-10.700000000000017,-0.00042075544588142204,1.391162222152966,19.55078125,0.07687941759041013,True,7967.0,2071802.0,25.0,25.0,69.55,1738.7499999999995,
C_20240913,DEVELOPMENT,2024-09-12,2024-09-13,2024-09-19,25430.44921875,2,F+2,2024-10-03,25450.0,EXECUTABLE,99.0,211.0,287.85,326.1,0.55,41.15,265.7,183.4,-73.75,-0.0029000667414724136,1.8813201007313243,19.55078125,0.07687941759041013,True,329.0,2048199.0,25.0,25.0,49.14999999999999,1228.7499999999995,
C_20240913,DEVELOPMENT,2024-09-12,2024-09-13,2024-09-19,25430.44921875,3,F+3,2024-10-10,25450.0,EXECUTABLE,99.0,211.0,341.3,377.0,0.55,41.15,345.85,234.45,-76.30000000000001,-0.0030003402355843417,1.9294885191436917,19.55078125,0.07687941759041013,True,18.0,2047502.0,25.0,25.0,75.70000000000003,1892.5000000000007,
C_20240913,DEVELOPMENT,2024-09-12,2024-09-13,2024-09-19,25430.44921875,4,F+4,2024-10-17,25450.0,NO_ENTRY_LEG,,,,,,,,,,,,,,,,,,,,,
C_20240913,DEVELOPMENT,2024-09-12,2024-09-13,2024-09-19,25430.44921875,1,F+1,2024-09-26,25450.0,ADAPTIVE_SELECTED,99.0,211.0,190.4,291.7,0.55,41.15,179.65,140.0,-10.700000000000017,,1.391162222152966,,,True,,,25.0,25.0,69.55,1738.7499999999995,-0.00042075544588142204
C_20240920,DEVELOPMENT,2024-09-19,2024-09-20,2024-09-26,25525.94921875,1,F+1,2024-10-03,25550.0,EXECUTABLE,150.05,147.95,233.05,202.75,674.2,0.2,672.55,21.65,-28.19999999999999,-0.0011047581329232518,1.1333582599470542,24.05078125,0.09422090847197008,True,28519.0,3600728.0,25.0,25.0,-51.30000000000015,-1282.5000000000018,
C_20240920,DEVELOPMENT,2024-09-19,2024-09-20,2024-09-26,25525.94921875,2,F+2,2024-10-10,25550.0,EXECUTABLE,150.05,147.95,288.95,252.25,674.2,0.2,698.1,53.8,-34.599999999999966,-0.001355483382948386,1.1294590603924888,24.05078125,0.09422090847197008,True,1840.0,3541939.0,25.0,25.0,-64.30000000000007,-1607.5,
C_20240920,DEVELOPMENT,2024-09-19,2024-09-20,2024-09-26,25525.94921875,3,F+3,2024-10-17,25550.0,EXECUTABLE,150.05,147.95,357.0,309.95,674.2,0.2,677.4,87.75,-44.94999999999999,-0.0017609531232234106,1.1356788689945205,24.05078125,0.09422090847197008,True,69.0,3538505.0,25.0,25.0,-129.30000000000013,-3232.5,
C_20240920,DEVELOPMENT,2024-09-19,2024-09-20,2024-09-26,25525.94921875,4,F+4,2024-10-24,25550.0,NO_ENTRY_LEG,,,,,,,,,,,,,,,,,,,,,
C_20240920,DEVELOPMENT,2024-09-19,2024-09-20,2024-09-26,25525.94921875,1,F+1,2024-10-03,25550.0,ADAPTIVE_SELECTED,150.05,147.95,233.05,202.75,674.2,0.2,672.55,21.65,-28.19999999999999,,1.1333582599470542,,,True,,,25.0,25.0,-51.30000000000015,-1282.5000000000018,-0.0011047581329232518
C_20240927,DEVELOPMENT,2024-09-26,2024-09-27,2024-10-03,26248.25,1,F+1,2024-10-10,26250.0,EXECUTABLE,135.0,167.75,219.0,230.45,0.15,998.15,8.8,906.65,-21.30000000000001,-0.0008114826702732567,1.180853884911164,1.75,0.006667111140742716,True,22289.0,4741797.0,25.0,25.0,78.84999999999991,1971.25,
C_20240927,DEVELOPMENT,2024-09-26,2024-09-27,2024-10-03,26248.25,2,F+2,2024-10-17,26250.0,EXECUTABLE,135.0,167.75,267.6,270.4,0.15,998.15,25.2,880.0,-29.950000000000045,-0.0011410284495156837,1.229725509533202,1.75,0.006667111140742716,True,923.0,4693140.0,25.0,25.0,113.24999999999989,2831.25,
C_20240927,DEVELOPMENT,2024-09-26,2024-09-27,2024-10-03,26248.25,3,F+3,2024-10-24,26250.0,EXECUTABLE,135.0,167.75,422.25,319.4,0.15,998.15,47.25,627.35,-135.60000000000002,-0.005166058689626929,1.6427198566757115,1.75,0.006667111140742716,True,78.0,4691412.0,25.0,25.0,282.29999999999995,7057.499999999999,
C_20240927,DEVELOPMENT,2024-09-26,2024-09-27,2024-10-03,26248.25,4,F+4,2024-10-31,26250.0,EXECUTABLE,135.0,167.75,409.0,337.95,0.15,998.15,67.15,832.1,-103.80000000000001,-0.003954549350909109,1.5038330237324171,1.75,0.006667111140742716,True,9344.0,4712032.0,25.0,25.0,129.24999999999994,3231.25,
C_20240927,DEVELOPMENT,2024-09-26,2024-09-27,2024-10-03,26248.25,1,F+1,2024-10-10,26250.0,ADAPTIVE_SELECTED,135.0,167.75,219.0,230.45,0.15,998.15,8.8,906.65,-21.30000000000001,,1.180853884911164,,,True,,,25.0,25.0,78.84999999999991,1971.25,-0.0008114826702732567
C_20241004,DEVELOPMENT,2024-10-03,2024-10-04,2024-10-10,25181.900390625,1,F+1,2024-10-17,25200.0,EXECUTABLE,245.8,135.1,333.05,198.0,0.2,201.2,97.95,260.5,-24.349999999999966,-0.0009669643522641069,0.9245229964412226,18.099609375,0.07187547045392303,True,55868.0,6507261.0,25.0,25.0,14.100000000000023,352.5,
C_20241004,DEVELOPMENT,2024-10-03,2024-10-04,2024-10-10,25181.900390625,2,F+2,2024-10-24,25200.0,EXECUTABLE,245.8,135.1,439.3,206.85,0.2,201.2,177.8,299.65,-121.75,-0.004834821761320542,1.1672910307721325,18.099609375,0.07187547045392303,True,3619.0,6378047.0,25.0,25.0,-42.59999999999994,-1064.9999999999986,
C_20241004,DEVELOPMENT,2024-10-03,2024-10-04,2024-10-10,25181.900390625,3,F+3,2024-10-31,25200.0,EXECUTABLE,245.8,135.1,486.0,250.0,0.2,201.2,250.75,323.0,-125.29999999999995,-0.0049757960303364575,1.0684882017900732,18.099609375,0.07187547045392303,True,85412.0,6596735.0,25.0,25.0,3.4500000000000455,86.25000000000091,
C_20241004,DEVELOPMENT,2024-10-03,2024-10-04,2024-10-10,25181.900390625,4,F+4,2024-11-07,25200.0,EXECUTABLE,245.8,135.1,626.7,421.1,0.2,201.2,342.1,365.8,-94.89999999999998,-0.003768579754819871,0.8179898669048227,18.099609375,0.07187547045392303,True,7.0,6370814.0,25.0,25.0,82.40000000000003,2060.0,
C_20241004,DEVELOPMENT,2024-10-03,2024-10-04,2024-10-10,25181.900390625,1,F+1,2024-10-17,25200.0,ADAPTIVE_SELECTED,245.8,135.1,333.05,198.0,0.2,201.2,97.95,260.5,-24.349999999999966,,0.9245229964412226,,,True,,,25.0,25.0,14.100000000000023,352.5,-0.0009669643522641069
C_20241011,DEVELOPMENT,2024-10-10,2024-10-11,2024-10-17,24985.30078125,1,F+1,2024-10-24,25000.0,EXECUTABLE,180.0,155.35,280.0,216.35,0.2,248.6,75.95,268.95,-39.0,-0.0015609177708705915,1.1169658218421796,14.69921875,0.05883146606356206,True,67854.0,6760900.0,25.0,25.0,16.400000000000006,410.0000000000002,
C_20241011,DEVELOPMENT,2024-10-10,2024-10-11,2024-10-17,24985.30078125,2,F+2,2024-10-31,25000.0,EXECUTABLE,180.0,155.35,360.0,235.95,0.2,248.6,154.3,307.8,-99.39999999999998,-0.003978339139090686,1.3168044077134986,14.69921875,0.05883146606356206,True,152277.0,6974300.0,25.0,25.0,-4.5,-112.50000000000045,
C_20241011,DEVELOPMENT,2024-10-10,2024-10-11,2024-10-17,24985.30078125,3,F+3,2024-11-07,25000.0,EXECUTABLE,180.0,155.35,440.05,291.0,0.2,248.6,245.75,359.4,-124.40000000000003,-0.004978927453751324,1.305112017945781,14.69921875,0.05883146606356206,True,642.0,6613517.0,25.0,25.0,10.350000000000023,258.75000000000045,
C_20241011,DEVELOPMENT,2024-10-10,2024-10-11,2024-10-17,24985.30078125,4,F+4,2024-11-14,25000.0,EXECUTABLE,180.0,155.35,502.65,349.9,0.2,248.6,322.85,402.05,-128.10000000000002,-0.005127014524321098,1.2398253072306373,14.69921875,0.05883146606356206,True,27.0,6612141.0,25.0,25.0,41.10000000000002,1027.5,
C_20241011,DEVELOPMENT,2024-10-10,2024-10-11,2024-10-17,24985.30078125,1,F+1,2024-10-24,25000.0,ADAPTIVE_SELECTED,180.0,155.35,280.0,216.35,0.2,248.6,75.95,268.95,-39.0,,1.1169658218421796,,,True,,,25.0,25.0,16.400000000000006,410.0000000000002,-0.0015609177708705915
C_20241018,DEVELOPMENT,2024-10-17,2024-10-18,2024-10-24,24664.94921875,1,F+1,2024-10-31,24650.0,EXECUTABLE,243.65,136.0,343.3,190.0,0.1,248.45,72.15,274.8,-45.650000000000034,-0.0018508045402865637,1.0085389957553437,14.94921875,0.060609160867989065,True,13151.0,2220258.0,25.0,25.0,0.05000000000001137,1.2500000000004547,
C_20241018,DEVELOPMENT,2024-10-17,2024-10-18,2024-10-24,24664.94921875,2,F+2,2024-11-07,24650.0,EXECUTABLE,243.65,136.0,368.0,285.25,0.1,248.45,176.4,324.2,24.899999999999977,0.001009529749247215,0.7201030630243054,14.94921875,0.060609160867989065,True,157.0,2172864.0,25.0,25.0,125.45000000000002,3136.25,
C_20241018,DEVELOPMENT,2024-10-17,2024-10-18,2024-10-24,24664.94921875,3,F+3,2024-11-14,24650.0,NO_ENTRY_LEG,,,,,,,,,,,,,,,,,,,,,
C_20241018,DEVELOPMENT,2024-10-17,2024-10-18,2024-10-24,24664.94921875,4,F+4,2024-11-21,24650.0,NO_ENTRY_LEG,,,,,,,,,,,,,,,,,,,,,
C_20241018,DEVELOPMENT,2024-10-17,2024-10-18,2024-10-24,24664.94921875,2,F+2,2024-11-07,24650.0,ADAPTIVE_SELECTED,243.65,136.0,368.0,285.25,0.1,248.45,176.4,324.2,24.899999999999977,,0.7201030630243054,,,True,,,25.0,25.0,125.45000000000002,3136.25,0.001009529749247215
C_20241025,DEVELOPMENT,2024-10-24,2024-10-25,2024-10-31,24418.05078125,1,F+1,2024-11-07,24400.0,EXECUTABLE,198.95,137.35,314.75,203.0,0.15,196.85,156.1,271.95,-50.14999999999998,-0.002053808489845098,1.0704205081604532,18.05078125,0.07392392378781001,True,78410.0,4461198.0,25.0,25.0,30.69999999999996,767.5000000000002,
C_20241025,DEVELOPMENT,2024-10-24,2024-10-25,2024-10-31,24418.05078125,2,F+2,2024-11-14,24400.0,EXECUTABLE,198.95,137.35,408.35,275.15,0.15,196.85,246.2,323.6,-71.60000000000002,-0.0029322569864986864,1.0245844563661204,18.05078125,0.07392392378781001,True,5209.0,4315558.0,25.0,25.0,47.699999999999875,1192.499999999998,
C_20241025,DEVELOPMENT,2024-10-24,2024-10-25,2024-10-31,24418.05078125,3,F+3,2024-11-21,24400.0,EXECUTABLE,198.95,137.35,464.25,294.85,0.15,196.85,327.8,358.8,-107.79999999999995,-0.004414766803694946,1.087014908650268,18.05078125,0.07392392378781001,True,233.0,4304527.0,25.0,25.0,57.89999999999998,1447.5000000000007,
C_20241025,DEVELOPMENT,2024-10-24,2024-10-25,2024-10-31,24418.05078125,4,F+4,2024-11-28,24400.0,EXECUTABLE,198.95,137.35,528.0,325.8,0.15,196.85,393.75,404.15,-140.60000000000002,-0.005758035367342392,1.118838913503999,18.05078125,0.07392392378781001,True,26559.0,4365183.0,25.0,25.0,45.69999999999999,1142.500000000001,
C_20241025,DEVELOPMENT,2024-10-24,2024-10-25,2024-10-31,24418.05078125,1,F+1,2024-11-07,24400.0,ADAPTIVE_SELECTED,198.95,137.35,314.75,203.0,0.15,196.85,156.1,271.95,-50.14999999999998,,1.0704205081604532,,,True,,,25.0,25.0,30.69999999999996,767.5000000000002,-0.002053808489845098
C_20241101,DEVELOPMENT,2024-10-31,2024-11-01,2024-11-07,24302.75,1,F+1,2024-11-14,24300.0,EXECUTABLE,217.75,204.0,297.75,273.0,0.15,100.0,139.25,214.75,-11.0,-0.00045262367427554494,1.0217887737979587,2.75,0.011315591856888624,True,11552.0,903609.0,25.0,25.0,13.349999999999994,333.75,
C_20241101,DEVELOPMENT,2024-10-31,2024-11-01,2024-11-07,24302.75,2,F+2,2024-11-21,24300.0,EXECUTABLE,217.75,204.0,377.5,337.35,0.15,100.0,220.85,260.45,-26.399999999999977,-0.0010862968182613069,1.0483546967423716,2.75,0.011315591856888624,True,155.0,878505.0,25.0,25.0,33.85000000000002,846.2500000000009,
C_20241101,DEVELOPMENT,2024-10-31,2024-11-01,2024-11-07,24302.75,3,F+3,2024-11-28,24300.0,EXECUTABLE,217.75,204.0,460.0,349.65,0.15,100.0,309.3,308.85,-96.60000000000002,-0.003974858812274332,1.232526605660934,2.75,0.011315591856888624,True,14321.0,910287.0,25.0,25.0,3.69999999999996,92.49999999999932,
C_20241101,DEVELOPMENT,2024-10-31,2024-11-01,2024-11-07,24302.75,4,F+4,2024-12-05,24300.0,EXECUTABLE,217.75,204.0,536.7,407.4,0.15,100.0,393.65,341.5,-115.55000000000007,-0.004754605960230841,1.2341915662426513,2.75,0.011315591856888624,True,39.0,878241.0,25.0,25.0,36.4499999999999,911.2499999999977,
C_20241101,DEVELOPMENT,2024-10-31,2024-11-01,2024-11-07,24302.75,1,F+1,2024-11-14,24300.0,ADAPTIVE_SELECTED,217.75,204.0,297.75,273.0,0.15,100.0,139.25,214.75,-11.0,,1.0217887737979587,,,True,,,25.0,25.0,13.349999999999994,333.75,-0.00045262367427554494
C_20241108,DEVELOPMENT,2024-11-07,2024-11-08,2024-11-14,24207.69921875,1,F+1,2024-11-21,24200.0,EXECUTABLE,192.0,173.95,266.9,225.0,0.1,676.2,7.25,651.5,-23.849999999999966,-0.0009852237416072577,1.0747049768518517,7.69921875,0.03180483481898434,True,60202.0,7000658.0,25.0,25.0,8.000000000000114,200.0,
C_20241108,DEVELOPMENT,2024-11-07,2024-11-08,2024-11-14,24207.69921875,2,F+2,2024-11-28,24200.0,EXECUTABLE,192.0,173.95,363.35,280.3,0.1,676.2,35.65,629.55,-65.0,-0.0026850961511308952,1.174424955776549,7.69921875,0.03180483481898434,True,102643.0,7116924.0,25.0,25.0,17.200000000000102,430.0,
C_20241108,DEVELOPMENT,2024-11-07,2024-11-08,2024-11-14,24207.69921875,3,F+3,2024-12-05,24200.0,EXECUTABLE,192.0,173.95,452.7,344.5,0.1,676.2,81.3,632.25,-90.14999999999998,-0.003724021815760771,1.1905413189404934,7.69921875,0.03180483481898434,True,308.0,6861760.0,25.0,25.0,35.000000000000114,875.0,
C_20241108,DEVELOPMENT,2024-11-07,2024-11-08,2024-11-14,24207.69921875,4,F+4,2024-12-12,24200.0,NO_ENTRY_LEG,,,,,,,,,,,,,,,,,,,,,
C_20241108,DEVELOPMENT,2024-11-07,2024-11-08,2024-11-14,24207.69921875,1,F+1,2024-11-21,24200.0,ADAPTIVE_SELECTED,192.0,173.95,266.9,225.0,0.1,676.2,7.25,651.5,-23.849999999999966,,1.0747049768518517,,,True,,,25.0,25.0,8.000000000000114,200.0,-0.0009852237416072577
C_20241118,DEVELOPMENT,2024-11-14,2024-11-18,2024-11-21,23605.30078125,1,F+1,2024-11-28,23600.0,EXECUTABLE,143.0,177.6,203.65,200.0,0.2,252.1,80.1,331.15,-38.25,-0.0016203987551127702,1.2646237762237762,5.30078125,0.02245589369575193,True,176955.0,7445419.0,25.0,25.0,-37.39999999999998,-935.0,
C_20241118,DEVELOPMENT,2024-11-14,2024-11-18,2024-11-21,23605.30078125,2,F+2,2024-12-05,23600.0,EXECUTABLE,143.0,177.6,311.75,269.2,0.2,252.1,153.45,356.9,-77.15,-0.0032683336982209208,1.4382630742214695,5.30078125,0.02245589369575193,True,6204.0,7032332.0,25.0,25.0,-28.69999999999999,-717.5,
C_20241118,DEVELOPMENT,2024-11-14,2024-11-18,2024-11-21,23605.30078125,3,F+3,2024-12-12,23600.0,EXECUTABLE,143.0,177.6,326.6,350.0,0.2,252.1,224.35,391.75,-11.200000000000045,-0.0004744697008434797,1.1589242757242757,5.30078125,0.02245589369575193,True,36.0,7019260.0,25.0,25.0,73.29999999999998,1832.499999999999,
C_20241118,DEVELOPMENT,2024-11-14,2024-11-18,2024-11-21,23605.30078125,4,F+4,2024-12-19,23600.0,NO_ENTRY_LEG,,,,,,,,,,,,,,,,,,,,,
C_20241118,DEVELOPMENT,2024-11-14,2024-11-18,2024-11-21,23605.30078125,3,F+3,2024-12-12,23600.0,ADAPTIVE_SELECTED,143.0,177.6,326.6,350.0,0.2,252.1,224.35,391.75,-11.200000000000045,,1.1589242757242757,,,True,,,25.0,25.0,73.29999999999998,1832.499999999999,-0.0004744697008434797
C_20241122,DEVELOPMENT,2024-11-21,2024-11-22,2024-11-28,23411.80078125,1,F+1,2024-12-05,23400.0,EXECUTABLE,190.0,188.55,266.6,224.1,498.95,0.15,625.6,29.05,-41.05000000000004,-0.0017533892579880523,1.1805685901500742,11.80078125,0.05040526937787284,True,51600.0,4493951.0,25.0,25.0,56.69999999999996,1417.5,
C_20241122,DEVELOPMENT,2024-11-21,2024-11-22,2024-11-28,23411.80078125,2,F+2,2024-12-12,23400.0,EXECUTABLE,190.0,188.55,358.25,247.25,498.95,0.15,728.3,71.8,-109.55000000000001,-0.004679264146469938,1.4378806343462296,11.80078125,0.05040526937787284,True,1599.0,4327284.0,25.0,25.0,48.14999999999992,1203.7499999999982,
C_20241122,DEVELOPMENT,2024-11-21,2024-11-22,2024-11-28,23411.80078125,3,F+3,2024-12-19,23400.0,EXECUTABLE,190.0,188.55,498.7,242.9,498.95,0.15,797.4,104.7,-254.35,-0.010864179239202451,2.037439817122056,11.80078125,0.05040526937787284,True,61.0,4320550.0,25.0,25.0,-60.450000000000045,-1511.2500000000005,
C_20241122,DEVELOPMENT,2024-11-21,2024-11-22,2024-11-28,23411.80078125,4,F+4,2024-12-26,23400.0,EXECUTABLE,190.0,188.55,491.8,316.95,498.95,0.15,855.4,135.55,-173.40000000000003,-0.007406521250551231,1.5398226517548013,11.80078125,0.05040526937787284,True,12385.0,4374978.0,25.0,25.0,47.64999999999992,1191.249999999999,
C_20241122,DEVELOPMENT,2024-11-21,2024-11-22,2024-11-28,23411.80078125,1,F+1,2024-12-05,23400.0,ADAPTIVE_SELECTED,190.0,188.55,266.6,224.1,498.95,0.15,625.6,29.05,-41.05000000000004,,1.1805685901500742,,,True,,,25.0,25.0,56.69999999999996,1417.5,-0.0017533892579880523
C_20241129,DEVELOPMENT,2024-11-28,2024-11-29,2024-12-05,23927.150390625,1,F+1,2024-12-12,23950.0,EXECUTABLE,228.15,161.9,311.45,225.85,706.25,0.5,743.1,37.2,-19.349999999999966,-0.0008087047426918657,0.9785761254230797,22.849609375,0.09549657607348347,True,7268.0,2247805.0,25.0,25.0,-19.19999999999999,-480.0000000000009,
C_20241129,DEVELOPMENT,2024-11-28,2024-11-29,2024-12-05,23927.150390625,2,F+2,2024-12-19,23950.0,EXECUTABLE,228.15,161.9,439.45,257.8,706.25,0.5,851.9,69.25,-115.39999999999998,-0.004822972987423331,1.2096310645872022,22.849609375,0.09549657607348347,True,79.0,2218651.0,25.0,25.0,-38.5,-962.5,
C_20241129,DEVELOPMENT,2024-11-28,2024-11-29,2024-12-05,23927.150390625,3,F+3,2024-12-26,23950.0,EXECUTABLE,228.15,161.9,484.45,284.95,706.25,0.5,923.25,97.35,-133.25,-0.005568987439984047,1.2064426296072874,22.849609375,0.09549657607348347,True,2526.0,2233054.0,25.0,25.0,-13.099999999999994,-327.5,
C_20241129,DEVELOPMENT,2024-11-28,2024-11-29,2024-12-05,23927.150390625,4,F+4,2025-01-02,23950.0,NO_ENTRY_LEG,,,,,,,,,,,,,,,,,,,,,
C_20241129,DEVELOPMENT,2024-11-28,2024-11-29,2024-12-05,23927.150390625,1,F+1,2024-12-12,23950.0,ADAPTIVE_SELECTED,228.15,161.9,311.45,225.85,706.25,0.5,743.1,37.2,-19.349999999999966,,0.9785761254230797,,,True,,,25.0,25.0,-19.19999999999999,-480.0000000000009,-0.0008087047426918657
C_20241206,DEVELOPMENT,2024-12-05,2024-12-06,2024-12-12,24729.44921875,1,F+1,2024-12-19,24750.0,EXECUTABLE,195.0,244.15,277.0,304.85,0.2,200.15,102.9,248.0,-21.299999999999983,-0.000861321245434379,1.1376683783113173,20.55078125,0.08310246244553757,True,20227.0,3010557.0,25.0,25.0,33.55000000000004,838.7500000000005,
C_20241206,DEVELOPMENT,2024-12-05,2024-12-06,2024-12-12,24729.44921875,2,F+2,2024-12-26,24750.0,EXECUTABLE,195.0,244.15,335.0,309.65,0.2,200.15,192.7,289.95,-74.5,-0.003012602478162502,1.35455249309601,20.55078125,0.08310246244553757,True,12959.0,2996614.0,25.0,25.0,28.19999999999999,704.9999999999993,
C_20241206,DEVELOPMENT,2024-12-05,2024-12-06,2024-12-12,24729.44921875,3,F+3,2025-01-02,24750.0,EXECUTABLE,195.0,244.15,432.65,333.95,0.2,200.15,282.25,322.8,-147.85000000000002,-0.00597870169659498,1.6220990782437106,20.55078125,0.08310246244553757,True,37.0,2967459.0,25.0,75.0,11.550000000000011,-6673.75,
C_20241206,DEVELOPMENT,2024-12-05,2024-12-06,2024-12-12,24729.44921875,4,F+4,2025-01-09,24750.0,NO_ENTRY_LEG,,,,,,,,,,,,,,,,,,,,,
C_20241206,DEVELOPMENT,2024-12-05,2024-12-06,2024-12-12,24729.44921875,1,F+1,2024-12-19,24750.0,ADAPTIVE_SELECTED,195.0,244.15,277.0,304.85,0.2,200.15,102.9,248.0,-21.299999999999983,,1.1376683783113173,,,True,,,25.0,25.0,33.55000000000004,838.7500000000005,-0.000861321245434379
C_20241213,DEVELOPMENT,2024-12-12,2024-12-13,2024-12-19,24498.349609375,1,F+1,2024-12-26,24500.0,EXECUTABLE,200.0,150.0,300.0,190.55,0.25,548.3,52.5,532.15,-59.44999999999999,-0.0024266940813535347,1.1807924429283654,1.650390625,0.00673674207167176,True,571514.0,10069876.0,25.0,25.0,8.949999999999989,223.74999999999818,
C_20241213,DEVELOPMENT,2024-12-12,2024-12-13,2024-12-19,24498.349609375,2,F+2,2025-01-02,24500.0,EXECUTABLE,200.0,150.0,370.15,249.85,0.25,548.3,117.9,542.7,-70.29999999999995,-0.002869581058354136,1.1111166700020012,1.650390625,0.00673674207167176,True,4672.0,8921850.0,25.0,75.0,52.94999999999993,-25931.25,
C_20241213,DEVELOPMENT,2024-12-12,2024-12-13,2024-12-19,24498.349609375,3,F+3,2025-01-09,24500.0,EXECUTABLE,200.0,150.0,428.0,300.0,0.25,548.3,176.85,560.9,-78.0,-0.003183887945257792,1.07,1.650390625,0.00673674207167176,True,435.0,8910436.0,25.0,75.0,86.0,-23452.5,
C_20241213,DEVELOPMENT,2024-12-12,2024-12-13,2024-12-19,24498.349609375,4,F+4,2025-01-16,24500.0,NO_ENTRY_LEG,,,,,,,,,,,,,,,,,,,,,
C_20241213,DEVELOPMENT,2024-12-12,2024-12-13,2024-12-19,24498.349609375,1,F+1,2024-12-26,24500.0,ADAPTIVE_SELECTED,200.0,150.0,300.0,190.55,0.25,548.3,52.5,532.15,-59.44999999999999,,1.1807924429283654,,,True,,,25.0,25.0,8.949999999999989,223.74999999999818,-0.0024266940813535347
C_20241220,DEVELOPMENT,2024-12-19,2024-12-20,2024-12-26,23960.69921875,1,F+1,2025-01-02,23950.0,EXECUTABLE,241.45,190.0,316.4,260.0,0.1,200.0,116.3,258.0,-4.949999999999989,-0.00020658829505803647,0.9576118642177867,10.69921875,0.04465319919223194,True,6905.0,3245194.0,25.0,75.0,53.25000000000003,-8573.749999999998,
C_20241220,DEVELOPMENT,2024-12-19,2024-12-20,2024-12-26,23960.69921875,2,F+2,2025-01-09,23950.0,EXECUTABLE,241.45,190.0,386.9,290.0,0.1,200.0,201.65,310.4,-45.44999999999999,-0.0018968561637147023,1.0498496868774145,10.69921875,0.04465319919223194,True,29.0,3231182.0,25.0,75.0,45.700000000000045,-9139.999999999996,
C_20241220,DEVELOPMENT,2024-12-19,2024-12-20,2024-12-26,23960.69921875,3,F+3,2025-01-16,23950.0,EXECUTABLE,241.45,190.0,505.0,314.55,0.1,200.0,282.3,350.2,-139.0,-0.005801166265266088,1.2633627853548273,10.69921875,0.04465319919223194,True,4.0,3231005.0,25.0,75.0,-6.999999999999972,-13092.499999999998,
C_20241220,DEVELOPMENT,2024-12-19,2024-12-20,2024-12-26,23960.69921875,4,F+4,2025-01-23,23950.0,NO_ENTRY_LEG,,,,,,,,,,,,,,,,,,,,,
C_20241220,DEVELOPMENT,2024-12-19,2024-12-20,2024-12-26,23960.69921875,1,F+1,2025-01-02,23950.0,ADAPTIVE_SELECTED,241.45,190.0,316.4,260.0,0.1,200.0,116.3,258.0,-4.949999999999989,,0.9576118642177867,,,True,,,25.0,75.0,53.25000000000003,-8573.749999999998,-0.00020658829505803647
C_20241227,DEVELOPMENT,2024-12-26,2024-12-27,2025-01-02,23801.400390625,1,F+1,2025-01-09,23800.0,EXECUTABLE,201.0,159.0,299.0,238.2,391.6,0.35,451.55,62.9,-18.80000000000001,-0.0007898694905113667,0.9929571287141121,1.400390625,0.005883648029178955,True,17479.0,2387753.0,75.0,75.0,-21.400000000000006,-1605.0000000000018,
C_20241227,DEVELOPMENT,2024-12-26,2024-12-27,2025-01-02,23801.400390625,2,F+2,2025-01-16,23800.0,EXECUTABLE,201.0,159.0,351.15,267.5,391.6,0.35,528.25,111.7,-41.64999999999998,-0.0017498970361594884,1.0384126098479565,1.400390625,0.005883648029178955,True,925.0,2349450.0,75.0,75.0,-16.349999999999966,-1226.2499999999982,
C_20241227,DEVELOPMENT,2024-12-26,2024-12-27,2025-01-02,23801.400390625,3,F+3,2025-01-23,23800.0,EXECUTABLE,201.0,159.0,435.2,314.75,391.6,0.35,600.0,151.05,-78.44999999999999,-0.0032960245495008865,1.0937654855191872,1.400390625,0.005883648029178955,True,40.0,2347360.0,75.0,75.0,-20.75,-1556.25,
C_20241227,DEVELOPMENT,2024-12-26,2024-12-27,2025-01-02,23801.400390625,4,F+4,2025-01-30,23800.0,EXECUTABLE,201.0,159.0,488.4,344.0,391.6,0.35,663.25,180.15,-102.39999999999998,-0.004302267863210844,1.1230996181881292,1.400390625,0.005883648029178955,True,45574.0,2480034.0,75.0,75.0,-10.549999999999983,-791.2499999999982,
C_20241227,DEVELOPMENT,2024-12-26,2024-12-27,2025-01-02,23801.400390625,1,F+1,2025-01-09,23800.0,ADAPTIVE_SELECTED,201.0,159.0,299.0,238.2,391.6,0.35,451.55,62.9,-18.80000000000001,,0.9929571287141121,,,True,,,75.0,75.0,-21.400000000000006,-1605.0000000000018,-0.0007898694905113667
C_20250103,OOS,2025-01-02,2025-01-03,2025-01-09,24196.400390625,1,F+1,2025-01-16,24200.0,EXECUTABLE,176.0,199.0,255.15,263.0,0.1,680.85,16.05,619.9,-15.150000000000006,-0.0006261261904836861,1.096933330452817,3.599609375,0.014876631717479282,True,13779.0,2510824.0,75.0,75.0,61.75,4631.25,
C_20250103,OOS,2025-01-02,2025-01-03,2025-01-09,24196.400390625,2,F+2,2025-01-23,24200.0,EXECUTABLE,176.0,199.0,316.15,306.4,0.1,680.85,56.6,628.95,-32.75,-0.0013535071114416312,1.1666614125919772,3.599609375,0.014876631717479282,True,397.0,2474087.0,75.0,75.0,75.64999999999998,5673.75,
C_20250103,OOS,2025-01-02,2025-01-03,2025-01-09,24196.400390625,3,F+3,2025-01-30,24200.0,EXECUTABLE,176.0,199.0,533.0,428.0,0.1,680.85,106.95,652.85,-128.0,-0.005290043061512329,1.4080687128292269,3.599609375,0.014876631717479282,True,102929.0,2701946.0,75.0,75.0,6.849999999999966,513.75,
C_20250103,OOS,2025-01-02,2025-01-03,2025-01-09,24196.400390625,4,F+4,2025-02-06,24200.0,EXECUTABLE,176.0,199.0,562.4,407.2,0.1,680.85,201.9,690.0,-178.2,-0.0073647318246991954,1.5616293088051438,3.599609375,0.014876631717479282,True,13.0,2472896.0,75.0,75.0,14.449999999999989,1083.75,
C_20250103,OOS,2025-01-02,2025-01-03,2025-01-09,24196.400390625,1,F+1,2025-01-16,24200.0,ADAPTIVE_SELECTED,176.0,199.0,255.15,263.0,0.1,680.85,16.05,619.9,-15.150000000000006,,1.096933330452817,,,True,,,75.0,75.0,61.75,4631.25,-0.0006261261904836861
C_20250110,OOS,2025-01-09,2025-01-10,2025-01-16,23551.900390625,1,F+1,2025-01-23,23550.0,EXECUTABLE,210.0,174.95,285.0,252.85,0.1,245.15,94.0,301.1,2.8999999999999773,0.00012313231424646915,0.9390237012344982,1.900390625,0.008068948125122268,True,7140.0,2359425.0,75.0,75.0,40.849999999999994,3063.7499999999977,
C_20250110,OOS,2025-01-09,2025-01-10,2025-01-16,23551.900390625,2,F+2,2025-01-30,23550.0,EXECUTABLE,210.0,174.95,376.0,290.0,0.1,245.15,170.75,347.55,-50.94999999999999,-0.0021633073830543627,1.080151067323481,1.900390625,0.008068948125122268,True,16988.0,2388241.0,75.0,75.0,17.30000000000001,1297.499999999999,
C_20250110,OOS,2025-01-09,2025-01-10,2025-01-16,23551.900390625,3,F+3,2025-02-06,23550.0,EXECUTABLE,210.0,174.95,497.0,366.7,0.1,245.15,321.65,421.45,-95.25,-0.004044259631715959,1.129120079992728,1.900390625,0.008068948125122268,True,28.0,2344346.0,75.0,75.0,50.0,3749.999999999998,
C_20250110,OOS,2025-01-09,2025-01-10,2025-01-16,23551.900390625,4,F+4,2025-02-13,23550.0,NO_ENTRY_LEG,,,,,,,,,,,,,,,,,,,,,
C_20250110,OOS,2025-01-09,2025-01-10,2025-01-16,23551.900390625,1,F+1,2025-01-23,23550.0,ADAPTIVE_SELECTED,210.0,174.95,285.0,252.85,0.1,245.15,94.0,301.1,2.8999999999999773,,0.9390237012344982,,,True,,,75.0,75.0,40.849999999999994,3063.7499999999977,0.00012313231424646915
C_20250117,OOS,2025-01-16,2025-01-17,2025-01-23,23277.099609375,1,F+1,2025-01-30,23300.0,EXECUTABLE,189.0,173.0,291.0,244.95,0.2,93.25,167.7,201.3,-30.05000000000001,-0.001290968398309263,1.0874263293124287,22.900390625,0.09838163263165622,True,179036.0,2987114.0,75.0,75.0,29.399999999999977,2204.999999999998,
C_20250117,OOS,2025-01-16,2025-01-17,2025-01-23,23277.099609375,2,F+2,2025-02-06,23300.0,EXECUTABLE,189.0,173.0,375.05,349.95,0.2,93.25,344.95,333.4,-9.100000000000023,-0.0003909421771918242,0.9809965293605813,22.900390625,0.09838163263165622,True,4756.0,2596428.0,75.0,75.0,95.5,7162.499999999999,
C_20250117,OOS,2025-01-16,2025-01-17,2025-01-23,23277.099609375,3,F+3,2025-02-13,23300.0,EXECUTABLE,189.0,173.0,511.0,376.5,0.2,93.25,421.55,377.3,-118.5,-0.005090840439256159,1.2423392848359647,22.900390625,0.09838163263165622,True,70.0,2587062.0,75.0,75.0,18.80000000000001,1410.0,
C_20250117,OOS,2025-01-16,2025-01-17,2025-01-23,23277.099609375,4,F+4,2025-02-20,23300.0,NO_ENTRY_LEG,,,,,,,,,,,,,,,,,,,,,
C_20250117,OOS,2025-01-16,2025-01-17,2025-01-23,23277.099609375,2,F+2,2025-02-06,23300.0,ADAPTIVE_SELECTED,189.0,173.0,375.05,349.95,0.2,93.25,344.95,333.4,-9.100000000000023,,0.9809965293605813,,,True,,,75.0,75.0,95.5,7162.499999999999,-0.0003909421771918242
C_20250124,OOS,2025-01-23,2025-01-24,2025-01-30,23183.900390625,1,F+1,2025-02-06,23200.0,EXECUTABLE,191.0,196.0,409.05,282.3,30.5,2.6,380.3,246.25,-131.75,-0.00568282289779318,1.4869221225052995,16.099609375,0.06944305791406129,True,36306.0,11156065.0,75.0,75.0,-25.599999999999994,-1919.999999999999,
C_20250124,OOS,2025-01-23,2025-01-24,2025-01-30,23183.900390625,2,F+2,2025-02-13,23200.0,EXECUTABLE,191.0,196.0,479.55,333.5,30.5,2.6,462.9,294.55,-151.05,-0.006515297143921518,1.4755732081603177,16.099609375,0.06944305791406129,True,873.0,11081436.0,75.0,75.0,-10.600000000000051,-795.0000000000036,
C_20250124,OOS,2025-01-23,2025-01-24,2025-01-30,23183.900390625,3,F+3,2025-02-20,23200.0,EXECUTABLE,191.0,196.0,563.15,355.0,30.5,2.6,520.0,329.25,-213.14999999999998,-0.009193880080945854,1.6278652016812918,16.099609375,0.06944305791406129,True,58.0,11079866.0,75.0,75.0,-50.29999999999998,-3772.499999999998,
C_20250124,OOS,2025-01-23,2025-01-24,2025-01-30,23183.900390625,4,F+4,2025-02-27,23200.0,EXECUTABLE,191.0,196.0,591.55,380.0,30.5,2.6,564.6,347.35,-216.54999999999995,-0.00934053357508245,1.5974621107743179,16.099609375,0.06944305791406129,True,8859.0,11100826.0,75.0,75.0,-27.19999999999996,-2039.9999999999964,
C_20250124,OOS,2025-01-23,2025-01-24,2025-01-30,23183.900390625,1,F+1,2025-02-06,23200.0,ADAPTIVE_SELECTED,191.0,196.0,409.05,282.3,30.5,2.6,380.3,246.25,-131.75,,1.4869221225052995,,,True,,,75.0,75.0,-25.599999999999994,-1919.999999999999,-0.00568282289779318
C_20250131,OOS,2025-01-30,2025-01-31,2025-02-06,23296.75,1,F+1,2025-02-13,23300.0,EXECUTABLE,365.0,272.0,400.75,321.6,293.35,0.1,417.6,69.15,13.850000000000023,0.0005945035251698208,0.9286103727935664,3.25,0.013950443731421765,True,9303.0,1358272.0,75.0,75.0,69.05000000000004,5178.75,
C_20250131,OOS,2025-01-30,2025-01-31,2025-02-06,23296.75,2,F+2,2025-02-20,23300.0,EXECUTABLE,365.0,272.0,485.2,381.7,293.35,0.1,480.55,118.1,-10.5,-0.00045070664363054935,0.9472719377263217,3.25,0.013950443731421765,True,214.0,1335290.0,75.0,75.0,58.700000000000045,4402.5,
C_20250131,OOS,2025-01-30,2025-01-31,2025-02-06,23296.75,3,F+3,2025-02-27,23300.0,EXECUTABLE,365.0,272.0,570.3,381.45,293.35,0.1,547.8,156.05,-95.84999999999997,-0.004114307789713156,1.1141451957832136,3.25,0.013950443731421765,True,21492.0,1387186.0,75.0,75.0,2.6499999999999773,198.75,
C_20250131,OOS,2025-01-30,2025-01-31,2025-02-06,23296.75,4,F+4,2025-03-06,23300.0,EXECUTABLE,365.0,272.0,573.1,416.0,293.35,0.1,713.8,189.95,-64.10000000000002,-0.0027514567482588782,1.0266280295047419,3.25,0.013950443731421765,True,13.0,1334965.0,75.0,75.0,166.49999999999994,12487.499999999993,
C_20250131,OOS,2025-01-30,2025-01-31,2025-02-06,23296.75,1,F+1,2025-02-13,23300.0,ADAPTIVE_SELECTED,365.0,272.0,400.75,321.6,293.35,0.1,417.6,69.15,13.850000000000023,,0.9286103727935664,,,True,,,75.0,75.0,69.05000000000004,5178.75,0.0005945035251698208
C_20250207,OOS,2025-02-06,2025-02-07,2025-02-13,23649.5,1,F+1,2025-02-20,23650.0,EXECUTABLE,201.95,156.75,277.95,237.75,0.1,617.25,18.85,594.6,5.0,0.00021142096027400157,0.9074231292219472,0.5,0.0021142096027400156,True,6284.0,2015748.0,75.0,75.0,46.400000000000034,3480.0000000000036,
C_20250207,OOS,2025-02-06,2025-02-07,2025-02-13,23649.5,2,F+2,2025-02-27,23650.0,EXECUTABLE,201.95,156.75,335.95,280.75,0.1,617.25,57.6,595.2,-10.0,-0.00042284192054800314,0.9287922276944933,0.5,0.0021142096027400156,True,6773.0,2016127.0,75.0,75.0,69.55000000000001,5216.25,
C_20250207,OOS,2025-02-06,2025-02-07,2025-02-13,23649.5,3,F+3,2025-03-06,23650.0,EXECUTABLE,201.95,156.75,339.2,295.0,0.1,617.25,111.3,316.7,1.0,4.228419205480031e-05,0.8924780005119576,0.5,0.0021142096027400156,True,3.0,2001656.0,75.0,75.0,412.75000000000006,30956.25,
C_20250207,OOS,2025-02-06,2025-02-07,2025-02-13,23649.5,4,F+4,2025-03-13,23650.0,NO_ENTRY_LEG,,,,,,,,,,,,,,,,,,,,,
C_20250207,OOS,2025-02-06,2025-02-07,2025-02-13,23649.5,1,F+1,2025-02-20,23650.0,ADAPTIVE_SELECTED,201.95,156.75,277.95,237.75,0.1,617.25,18.85,594.6,5.0,,0.9074231292219472,,,True,,,75.0,75.0,46.400000000000034,3480.0000000000036,0.00021142096027400157
C_20250214,OOS,2025-02-13,2025-02-14,2025-02-20,23096.44921875,1,F+1,2025-02-27,23100.0,EXECUTABLE,190.0,170.0,273.7,204.05,0.15,187.4,91.85,249.45,-49.64999999999998,-0.0021496810842981636,1.2001444434413648,3.55078125,0.015373710549054566,True,54166.0,3312274.0,75.0,75.0,-19.99999999999997,-1499.9999999999982,
C_20250214,OOS,2025-02-13,2025-02-14,2025-02-20,23096.44921875,2,F+2,2025-03-06,23100.0,EXECUTABLE,190.0,170.0,374.55,249.95,0.15,187.4,187.0,295.1,-104.60000000000002,-0.004528834671049105,1.3407628894199894,3.55078125,0.015373710549054566,True,1183.0,3192811.0,75.0,75.0,-25.450000000000045,-1908.7500000000027,
C_20250214,OOS,2025-02-13,2025-02-14,2025-02-20,23096.44921875,3,F+3,2025-03-13,23100.0,EXECUTABLE,190.0,170.0,430.05,265.5,0.15,187.4,261.85,330.0,-144.55,-0.0062585377791601155,1.4492714837942315,3.55078125,0.015373710549054566,True,18.0,3190045.0,75.0,75.0,-25.44999999999999,-1908.75,
C_20250214,OOS,2025-02-13,2025-02-14,2025-02-20,23096.44921875,4,F+4,2025-03-20,23100.0,NO_ENTRY_LEG,,,,,,,,,,,,,,,,,,,,,
C_20250214,OOS,2025-02-13,2025-02-14,2025-02-20,23096.44921875,1,F+1,2025-02-27,23100.0,ADAPTIVE_SELECTED,190.0,170.0,273.7,204.05,0.15,187.4,91.85,249.45,-49.64999999999998,,1.2001444434413648,,,True,,,75.0,75.0,-19.99999999999997,-1499.9999999999982,-0.0021496810842981636
C_20250221,OOS,2025-02-20,2025-02-21,2025-02-27,22857.19921875,1,F+1,2025-03-06,22850.0,EXECUTABLE,198.05,133.3,293.85,204.85,0.15,301.0,43.45,296.2,-24.25,-0.001060934883925213,0.9654838852598533,7.19921875,0.03149650436652976,True,9114.0,2000342.0,75.0,75.0,23.849999999999994,1788.7499999999964,
C_20250221,OOS,2025-02-20,2025-02-21,2025-02-27,22857.19921875,2,F+2,2025-03-13,22850.0,EXECUTABLE,198.05,133.3,391.0,241.55,0.15,301.0,104.95,330.3,-84.69999999999999,-0.003705615862617135,1.089494439967911,7.19921875,0.03149650436652976,True,90.0,1979883.0,75.0,75.0,-9.199999999999989,-690.0,
C_20250221,OOS,2025-02-20,2025-02-21,2025-02-27,22857.19921875,3,F+3,2025-03-20,22850.0,EXECUTABLE,198.05,133.3,471.0,280.05,0.15,301.0,168.95,357.0,-126.19999999999999,-0.005521236385623169,1.1319848977449791,7.19921875,0.03149650436652976,True,10.0,1979523.0,75.0,75.0,-13.399999999999977,-1004.9999999999991,
C_20250221,OOS,2025-02-20,2025-02-21,2025-02-27,22857.19921875,4,F+4,2025-03-27,22850.0,EXECUTABLE,198.05,133.3,375.0,299.05,0.15,301.0,229.85,397.55,-11.199999999999989,-0.0004899987917510257,0.8440006161056761,7.19921875,0.03149650436652976,True,717.0,1980922.0,75.0,75.0,121.95000000000002,9146.25,
C_20250221,OOS,2025-02-20,2025-02-21,2025-02-27,22857.19921875,4,F+4,2025-03-27,22850.0,ADAPTIVE_SELECTED,198.05,133.3,375.0,299.05,0.15,301.0,229.85,397.55,-11.199999999999989,,0.8440006161056761,,,True,,,75.0,75.0,121.95000000000002,9146.25,-0.0004899987917510257
C_20250228,OOS,2025-02-27,2025-02-28,2025-03-06,22433.400390625,1,F+1,2025-03-13,22450.0,EXECUTABLE,184.2,110.0,264.1,210.2,94.5,0.25,213.9,120.5,20.299999999999955,0.000904900712621498,0.7503065691017604,16.599609375,0.07399506577672924,True,4102.0,984505.0,75.0,75.0,19.44999999999996,1458.7499999999973,
C_20250228,OOS,2025-02-27,2025-02-28,2025-03-06,22433.400390625,2,F+2,2025-03-20,22450.0,EXECUTABLE,184.2,110.0,172.5,168.7,94.5,0.25,296.7,172.25,70.39999999999998,0.0031381778408154475,0.6106285080969824,16.599609375,0.07399506577672924,True,53.0,972277.0,75.0,75.0,100.59999999999997,7544.999999999998,
C_20250228,OOS,2025-02-27,2025-02-28,2025-03-06,22433.400390625,3,F+3,2025-03-27,22450.0,EXECUTABLE,184.2,110.0,425.0,275.55,94.5,0.25,373.8,204.6,-75.25,-0.0033543733312693534,0.9210677450744549,16.599609375,0.07399506577672924,True,2949.0,979643.0,75.0,75.0,-0.29999999999998295,-22.49999999999909,
C_20250228,OOS,2025-02-27,2025-02-28,2025-03-06,22433.400390625,4,F+4,2025-04-03,22450.0,EXECUTABLE,184.2,110.0,295.0,375.0,94.5,0.25,452.0,235.6,154.2,0.006873679304740655,0.4697792254795512,16.599609375,0.07399506577672924,True,2739.0,977574.0,75.0,75.0,276.35,20726.25,
C_20250228,OOS,2025-02-27,2025-02-28,2025-03-06,22433.400390625,4,F+4,2025-04-03,22450.0,ADAPTIVE_SELECTED,184.2,110.0,295.0,375.0,94.5,0.25,452.0,235.6,154.2,,0.4697792254795512,,,True,,,75.0,75.0,276.35,20726.25,0.006873679304740655
C_20250307,OOS,2025-03-06,2025-03-07,2025-03-13,22508.650390625,1,F+1,2025-03-20,22500.0,EXECUTABLE,164.0,148.0,250.0,197.95,0.15,104.65,92.2,179.05,-36.05000000000001,-0.001601606465708627,1.1397310234784592,8.650390625,0.038431405148142264,True,23933.0,5376736.0,75.0,75.0,-18.400000000000034,-1380.0000000000018,
C_20250307,OOS,2025-03-06,2025-03-07,2025-03-13,22508.650390625,2,F+2,2025-03-27,22500.0,EXECUTABLE,164.0,148.0,315.0,222.15,0.15,104.65,179.1,234.3,-76.85,-0.0034142429095619397,1.2796231946114194,8.650390625,0.038431405148142264,True,79404.0,5500567.0,75.0,75.0,-27.55000000000001,-2066.2500000000005,
C_20250307,OOS,2025-03-06,2025-03-07,2025-03-13,22508.650390625,3,F+3,2025-04-03,22500.0,EXECUTABLE,164.0,148.0,399.45,257.95,0.15,104.65,254.95,263.15,-125.5,-0.005575634159401737,1.397477295183884,8.650390625,0.038431405148142264,True,2236.0,5316219.0,75.0,75.0,-29.19999999999999,-2189.999999999999,
C_20250307,OOS,2025-03-06,2025-03-07,2025-03-13,22508.650390625,4,F+4,2025-04-09,22500.0,NO_ENTRY_LEG,,,,,,,,,,,,,,,,,,,,,
C_20250307,OOS,2025-03-06,2025-03-07,2025-03-13,22508.650390625,1,F+1,2025-03-20,22500.0,ADAPTIVE_SELECTED,164.0,148.0,250.0,197.95,0.15,104.65,92.2,179.05,-36.05000000000001,,1.1397310234784592,,,True,,,75.0,75.0,-18.400000000000034,-1380.0000000000018,-0.001601606465708627
C_20250317,OOS,2025-03-13,2025-03-17,2025-03-20,22353.150390625,1,F+1,2025-03-27,22350.0,EXECUTABLE,186.0,88.95,299.0,162.3,842.65,0.1,864.55,7.6,-39.64999999999998,-0.001773799187457234,0.8810198159521395,3.150390625,0.014093720884736169,True,3735.0,1332762.0,75.0,75.0,-25.25000000000003,-1893.7499999999982,
C_20250317,OOS,2025-03-13,2025-03-17,2025-03-20,22353.150390625,2,F+2,2025-04-03,22350.0,EXECUTABLE,186.0,88.95,410.0,150.0,842.65,0.1,924.0,22.5,-162.95,-0.007289800191580238,1.3071505376344086,3.150390625,0.014093720884736169,True,343.0,1307892.0,75.0,75.0,-104.0,-7800.0,
C_20250317,OOS,2025-03-13,2025-03-17,2025-03-20,22353.150390625,3,F+3,2025-04-09,22350.0,NO_ENTRY_LEG,,,,,,,,,,,,,,,,,,,,,
C_20250317,OOS,2025-03-13,2025-03-17,2025-03-20,22353.150390625,4,F+4,2025-04-17,22350.0,NO_ENTRY_LEG,,,,,,,,,,,,,,,,,,,,,
C_20250317,OOS,2025-03-13,2025-03-17,2025-03-20,22353.150390625,1,F+1,2025-03-27,22350.0,ADAPTIVE_SELECTED,186.0,88.95,299.0,162.3,842.65,0.1,864.55,7.6,-39.64999999999998,,0.8810198159521395,,,True,,,75.0,75.0,-25.25000000000003,-1893.7499999999982,-0.001773799187457234
C_20250321,OOS,2025-03-20,2025-03-21,2025-03-27,23168.25,1,F+1,2025-04-03,23150.0,EXECUTABLE,144.7,118.05,265.0,166.2,443.9,0.2,558.8,29.9,-72.15000000000003,-0.003114175649865658,1.300805351043738,18.25,0.0787715947471216,True,6128.0,1630876.0,75.0,75.0,13.049999999999983,978.7499999999945,
C_20250321,OOS,2025-03-20,2025-03-21,2025-03-27,23168.25,2,F+2,2025-04-09,23150.0,EXECUTABLE,144.7,118.05,334.45,202.35,443.9,0.2,558.0,69.2,-105.44999999999999,-0.00455148748826519,1.3484208272220894,18.25,0.0787715947471216,True,250.0,1608372.0,75.0,75.0,-60.349999999999966,-4526.250000000002,
C_20250321,OOS,2025-03-20,2025-03-21,2025-03-27,23168.25,3,F+3,2025-04-17,23150.0,NO_ENTRY_LEG,,,,,,,,,,,,,,,,,,,,,
C_20250321,OOS,2025-03-20,2025-03-21,2025-03-27,23168.25,4,F+4,2025-04-24,23150.0,EXECUTABLE,144.7,118.05,435.0,264.7,443.9,0.2,737.75,124.15,-143.65000000000003,-0.006200295663246039,1.3407036012917313,18.25,0.0787715947471216,True,642.0,1610064.0,75.0,75.0,26.25000000000003,1968.7499999999982,
C_20250321,OOS,2025-03-20,2025-03-21,2025-03-27,23168.25,1,F+1,2025-04-03,23150.0,ADAPTIVE_SELECTED,144.7,118.05,265.0,166.2,443.9,0.2,558.8,29.9,-72.15000000000003,,1.300805351043738,,,True,,,75.0,75.0,13.049999999999983,978.7499999999945,-0.003114175649865658
C_20250328,OOS,2025-03-27,2025-03-28,2025-04-03,23600.400390625,1,F+1,2025-04-09,23600.0,EXECUTABLE,209.6,118.0,291.85,190.15,0.1,349.2,34.8,386.7,-10.100000000000023,-0.0004279588410717022,0.8640802861541612,0.400390625,0.001696541661890833,True,62863.0,6118680.0,75.0,75.0,-12.900000000000006,-967.4999999999982,
C_20250328,OOS,2025-03-27,2025-03-28,2025-04-03,23600.400390625,2,F+2,2025-04-17,23600.0,EXECUTABLE,209.6,118.0,368.55,225.1,0.1,349.2,92.0,402.0,-51.85000000000002,-0.002196996624709675,0.9217468232948207,0.400390625,0.001696541661890833,True,2270.0,5992271.0,75.0,75.0,-12.750000000000028,-956.25,
C_20250328,OOS,2025-03-27,2025-03-28,2025-04-03,23600.400390625,3,F+3,2025-04-24,23600.0,EXECUTABLE,209.6,118.0,410.3,248.95,0.1,349.2,148.0,425.0,-69.75000000000006,-0.0029554583331436817,0.927855006293609,0.400390625,0.001696541661890833,True,49087.0,6092338.0,75.0,75.0,2.349999999999966,176.25,
C_20250328,OOS,2025-03-27,2025-03-28,2025-04-03,23600.400390625,4,F+4,2025-04-30,23600.0,EXECUTABLE,209.6,118.0,468.4,282.4,0.1,349.2,205.4,441.8,-94.39999999999998,-0.003999932138333524,0.9337764634647405,0.400390625,0.001696541661890833,True,2958.0,5994013.0,75.0,75.0,18.299999999999955,1372.4999999999982,
C_20250328,OOS,2025-03-27,2025-03-28,2025-04-03,23600.400390625,1,F+1,2025-04-09,23600.0,ADAPTIVE_SELECTED,209.6,118.0,291.85,190.15,0.1,349.2,34.8,386.7,-10.100000000000023,,0.8640802861541612,,,True,,,75.0,75.0,-12.900000000000006,-967.4999999999982,-0.0004279588410717022
C_20250404,OOS,2025-04-03,2025-04-04,2025-04-09,23190.400390625,1,F+1,2025-04-17,23200.0,EXECUTABLE,149.95,160.0,212.9,226.05,0.1,801.45,44.95,804.85,3.0999999999999943,0.00013367600161199488,1.0049504815400017,9.599609375,0.04139475478345237,True,16489.0,2640234.0,75.0,75.0,44.55000000000018,3341.25,
C_20250404,OOS,2025-04-03,2025-04-04,2025-04-09,23190.400390625,2,F+2,2025-04-24,23200.0,EXECUTABLE,149.95,160.0,281.0,251.0,0.1,801.45,112.35,833.1,-40.05000000000001,-0.0017270076982452923,1.194554891471128,9.599609375,0.04139475478345237,True,49274.0,2686795.0,75.0,75.0,40.55000000000007,3041.25,
C_20250404,OOS,2025-04-03,2025-04-04,2025-04-09,23190.400390625,3,F+3,2025-04-30,23200.0,EXECUTABLE,149.95,160.0,390.0,260.0,0.1,801.45,166.65,843.6,-140.05,-0.0060391367825032,1.6005335111703902,9.599609375,0.04139475478345237,True,3602.0,2597755.0,75.0,75.0,-15.649999999999977,-1173.75,
C_20250404,OOS,2025-04-03,2025-04-04,2025-04-09,23190.400390625,4,F+4,2025-05-08,23200.0,EXECUTABLE,149.95,160.0,403.05,407.35,0.1,801.45,229.1,860.55,-5.75,-0.00024794742234482967,1.0557588178507031,9.599609375,0.04139475478345237,True,1.0,2586971.0,75.0,75.0,164.1500000000001,12311.250000000007,
C_20250404,OOS,2025-04-03,2025-04-04,2025-04-09,23190.400390625,1,F+1,2025-04-17,23200.0,ADAPTIVE_SELECTED,149.95,160.0,212.9,226.05,0.1,801.45,44.95,804.85,3.0999999999999943,,1.0049504815400017,,,True,,,75.0,75.0,44.55000000000018,3341.25,0.00013367600161199488
C_20250411,OOS,2025-04-09,2025-04-11,2025-04-17,22695.400390625,1,F+1,2025-04-24,22700.0,EXECUTABLE,294.8,274.2,447.1,333.35,1150.55,0.1,1161.9,20.75,-93.14999999999998,-0.004104355878139886,1.2475104195943525,4.599609375,0.020266702925849252,True,35244.0,1649969.0,75.0,75.0,-102.44999999999982,-7683.749999999993,
C_20250411,OOS,2025-04-09,2025-04-11,2025-04-17,22695.400390625,2,F+2,2025-04-30,22700.0,EXECUTABLE,294.8,274.2,556.25,349.75,1150.55,0.1,1186.3,34.3,-185.89999999999998,-0.008191087039680137,1.479286425756719,4.599609375,0.020266702925849252,True,3702.0,1562937.0,75.0,75.0,-184.34999999999997,-13826.25,
C_20250411,OOS,2025-04-09,2025-04-11,2025-04-17,22695.400390625,3,F+3,2025-05-08,22700.0,EXECUTABLE,294.8,274.2,610.0,379.35,1150.55,0.1,1222.55,55.65,-210.04999999999995,-0.009255179304383071,1.4956491134320844,4.599609375,0.020266702925849252,True,59.0,1553979.0,75.0,75.0,-193.5999999999999,-14519.999999999996,
C_20250411,OOS,2025-04-09,2025-04-11,2025-04-17,22695.400390625,4,F+4,2025-05-15,22700.0,NO_ENTRY_LEG,,,,,,,,,,,,,,,,,,,,,
C_20250411,OOS,2025-04-09,2025-04-11,2025-04-17,22695.400390625,1,F+1,2025-04-24,22700.0,ADAPTIVE_SELECTED,294.8,274.2,447.1,333.35,1150.55,0.1,1161.9,20.75,-93.14999999999998,,1.2475104195943525,,,True,,,75.0,75.0,-102.44999999999982,-7683.749999999993,-0.004104355878139886
C_20250421,OOS,2025-04-17,2025-04-21,2025-04-24,23949.150390625,1,F+1,2025-04-30,23950.0,EXECUTABLE,150.4,209.05,235.45,289.4,296.05,0.25,403.1,88.7,-4.700000000000017,-0.0001962491329896969,1.130843493600112,0.849609375,0.0035475553877376094,True,29397.0,1667348.0,75.0,75.0,13.899999999999977,1042.5000000000018,
C_20250421,OOS,2025-04-17,2025-04-21,2025-04-24,23949.150390625,2,F+2,2025-05-08,23950.0,EXECUTABLE,150.4,209.05,290.05,259.1,296.05,0.25,511.25,164.7,-89.6,-0.003741260067207825,1.555993550198313,0.849609375,0.0035475553877376094,True,731.0,1610160.0,75.0,75.0,-38.85000000000002,-2913.7499999999973,
C_20250421,OOS,2025-04-17,2025-04-21,2025-04-24,23949.150390625,3,F+3,2025-05-15,23950.0,EXECUTABLE,150.4,209.05,510.05,332.1,296.05,0.25,646.05,221.3,-236.59999999999997,-0.009879264864970662,2.1347460170449812,0.849609375,0.0035475553877376094,True,8.0,1608434.0,75.0,75.0,-107.65000000000009,-8073.750000000004,
C_20250421,OOS,2025-04-17,2025-04-21,2025-04-24,23949.150390625,4,F+4,2025-05-22,23950.0,NO_ENTRY_LEG,,,,,,,,,,,,,,,,,,,,,
C_20250421,OOS,2025-04-17,2025-04-21,2025-04-24,23949.150390625,1,F+1,2025-04-30,23950.0,ADAPTIVE_SELECTED,150.4,209.05,235.45,289.4,296.05,0.25,403.1,88.7,-4.700000000000017,,1.130843493600112,,,True,,,75.0,75.0,13.899999999999977,1042.5000000000018,-0.0001962491329896969
C_20250425,OOS,2025-04-24,2025-04-25,2025-04-30,24289.0,1,F+1,2025-05-08,24300.0,EXECUTABLE,196.0,190.0,300.5,268.9,60.9,0.4,263.65,217.45,-25.600000000000023,-0.001053975050434354,1.083306137627978,11.0,0.045287990448351106,True,26279.0,3745838.0,75.0,75.0,-39.900000000000034,-2992.5000000000027,
C_20250425,OOS,2025-04-24,2025-04-25,2025-04-30,24289.0,2,F+2,2025-05-15,24300.0,EXECUTABLE,196.0,190.0,402.8,340.0,60.9,0.4,376.05,300.15,-56.80000000000001,-0.002338507143151221,1.1484393757503002,11.0,0.045287990448351106,True,3123.0,3676961.0,75.0,75.0,-41.39999999999998,-3104.999999999998,
C_20250425,OOS,2025-04-24,2025-04-25,2025-04-30,24289.0,3,F+3,2025-05-22,24300.0,EXECUTABLE,196.0,190.0,482.8,362.2,60.9,0.4,460.75,353.5,-114.60000000000002,-0.004718185186710034,1.2921601550614725,11.0,0.045287990448351106,True,80.0,3670669.0,75.0,75.0,-67.85000000000002,-5088.750000000002,
C_20250425,OOS,2025-04-24,2025-04-25,2025-04-30,24289.0,4,F+4,2025-05-29,24300.0,EXECUTABLE,196.0,190.0,528.0,400.0,60.9,0.4,520.65,391.2,-122.0,-0.005022849849726213,1.279591836734694,11.0,0.045287990448351106,True,28702.0,3732797.0,75.0,75.0,-53.05000000000001,-3978.750000000001,
C_20250425,OOS,2025-04-24,2025-04-25,2025-04-30,24289.0,1,F+1,2025-05-08,24300.0,ADAPTIVE_SELECTED,196.0,190.0,300.5,268.9,60.9,0.4,263.65,217.45,-25.600000000000023,,1.083306137627978,,,True,,,75.0,75.0,-39.900000000000034,-2992.5000000000027,-0.001053975050434354
C_20250502,OOS,2025-04-30,2025-05-02,2025-05-08,24311.900390625,1,F+1,2025-05-15,24300.0,EXECUTABLE,284.65,234.0,379.35,284.3,7.25,10.65,221.55,300.75,-44.400000000000034,-0.0018262661201557603,1.096902175870683,11.900390625,0.0489488293131908,True,29291.0,4348654.0,75.0,75.0,-120.20000000000002,-9015.0,
C_20250502,OOS,2025-04-30,2025-05-02,2025-05-08,24311.900390625,2,F+2,2025-05-22,24300.0,EXECUTABLE,284.65,234.0,501.4,332.0,7.25,10.65,326.5,377.15,-118.75,-0.004884439229020189,1.2415119815287852,11.900390625,0.0489488293131908,True,1018.0,4279110.0,75.0,75.0,-165.99999999999997,-12449.999999999996,
C_20250502,OOS,2025-04-30,2025-05-02,2025-05-08,24311.900390625,3,F+3,2025-05-29,24300.0,EXECUTABLE,284.65,234.0,601.0,380.05,7.25,10.65,403.8,428.35,-170.3,-0.007004800005912743,1.2999851892055305,11.900390625,0.0489488293131908,True,32233.0,4356741.0,75.0,75.0,-191.45000000000002,-14358.75,
C_20250502,OOS,2025-04-30,2025-05-02,2025-05-08,24311.900390625,4,F+4,2025-06-05,24300.0,EXECUTABLE,284.65,234.0,717.55,325.1,7.25,10.65,461.5,472.85,-341.79999999999995,-0.014058958555613475,1.8144285402218927,11.900390625,0.0489488293131908,True,65.0,4276262.0,75.0,75.0,-349.75,-26231.249999999996,
C_20250502,OOS,2025-04-30,2025-05-02,2025-05-08,24311.900390625,1,F+1,2025-05-15,24300.0,ADAPTIVE_SELECTED,284.65,234.0,379.35,284.3,7.25,10.65,221.55,300.75,-44.400000000000034,,1.096902175870683,,,True,,,75.0,75.0,-120.20000000000002,-9015.0,-0.0018262661201557603
C_20250509,OOS,2025-05-08,2025-05-09,2025-05-15,23935.75,1,F+1,2025-05-22,23950.0,EXECUTABLE,260.0,310.2,487.75,313.45,1117.9,0.15,1103.3,20.45,-224.5,-0.009379275769507953,1.8565106691043844,14.25,0.05953437849242243,True,2995.0,1102998.0,75.0,75.0,-259.4000000000001,-19455.0,
C_20250509,OOS,2025-05-08,2025-05-09,2025-05-15,23935.75,2,F+2,2025-05-29,23950.0,EXECUTABLE,260.0,310.2,517.25,400.0,1117.9,0.15,1168.65,49.85,-167.45,-0.006995811704249918,1.5427975961538463,14.25,0.05953437849242243,True,1565.0,1097575.0,75.0,75.0,-166.39999999999998,-12479.999999999993,
C_20250509,OOS,2025-05-08,2025-05-09,2025-05-15,23935.75,3,F+3,2025-06-05,23950.0,NO_ENTRY_LEG,,,,,,,,,,,,,,,,,,,,,
C_20250509,OOS,2025-05-08,2025-05-09,2025-05-15,23935.75,4,F+4,2025-06-12,23950.0,NO_ENTRY_LEG,,,,,,,,,,,,,,,,,,,,,
C_20250509,OOS,2025-05-08,2025-05-09,2025-05-15,23935.75,2,F+2,2025-05-29,23950.0,ADAPTIVE_SELECTED,260.0,310.2,517.25,400.0,1117.9,0.15,1168.65,49.85,-167.45,,1.5427975961538463,,,True,,,75.0,75.0,-166.39999999999998,-12479.999999999993,-0.006995811704249918
C_20250516,OOS,2025-05-15,2025-05-16,2025-05-22,25064.650390625,1,F+1,2025-05-29,25050.0,EXECUTABLE,194.05,200.3,303.15,250.0,0.2,445.0,62.95,457.9,-59.39999999999998,-0.0023698714753355395,1.251655655758825,14.650390625,0.05845040882947933,True,11162.0,2444240.0,75.0,75.0,-9.549999999999955,-716.2499999999982,
C_20250516,OOS,2025-05-15,2025-05-16,2025-05-22,25064.650390625,2,F+2,2025-06-05,25050.0,EXECUTABLE,194.05,200.3,405.0,300.7,0.2,445.0,138.1,518.95,-110.55000000000001,-0.004410594134652257,1.3902371748407714,14.650390625,0.05845040882947933,True,282.0,2419778.0,75.0,75.0,-46.60000000000002,-3495.0000000000036,
C_20250516,OOS,2025-05-15,2025-05-16,2025-05-22,25064.650390625,3,F+3,2025-06-12,25050.0,NO_ENTRY_LEG,,,,,,,,,,,,,,,,,,,,,
C_20250516,OOS,2025-05-15,2025-05-16,2025-05-22,25064.650390625,4,F+4,2025-06-19,25050.0,NO_ENTRY_LEG,,,,,,,,,,,,,,,,,,,,,
C_20250516,OOS,2025-05-15,2025-05-16,2025-05-22,25064.650390625,1,F+1,2025-05-29,25050.0,ADAPTIVE_SELECTED,194.05,200.3,303.15,250.0,0.2,445.0,62.95,457.9,-59.39999999999998,,1.251655655758825,,,True,,,75.0,75.0,-9.549999999999955,-716.2499999999982,-0.0023698714753355395
C_20250523,OOS,2025-05-22,2025-05-23,2025-05-29,24639.5,1,F+1,2025-06-05,24650.0,EXECUTABLE,209.9,191.1,314.95,298.95,155.8,0.45,314.6,114.0,2.8000000000000114,0.00011363866961586117,0.9591605397356684,10.5,0.042614501105947764,True,5464.0,1065384.0,75.0,75.0,48.05000000000001,3603.750000000002,
C_20250523,OOS,2025-05-22,2025-05-23,2025-05-29,24639.5,2,F+2,2025-06-12,24650.0,EXECUTABLE,209.9,191.1,395.05,332.8,155.8,0.45,424.4,196.15,-43.44999999999999,-0.0017634286410032666,1.0807294768342066,10.5,0.042614501105947764,True,184.0,1052973.0,75.0,75.0,29.44999999999996,2208.7499999999973,
C_20250523,OOS,2025-05-22,2025-05-23,2025-05-29,24639.5,3,F+3,2025-06-19,24650.0,NO_ENTRY_LEG,,,,,,,,,,,,,,,,,,,,,
C_20250523,OOS,2025-05-22,2025-05-23,2025-05-29,24639.5,4,F+4,2025-06-26,24650.0,EXECUTABLE,209.9,191.1,534.0,406.4,155.8,0.45,574.75,286.4,-108.80000000000001,-0.00441567401935916,1.1962881649679449,10.5,0.042614501105947764,True,331.0,1053681.0,75.0,75.0,24.19999999999999,1815.0,
C_20250523,OOS,2025-05-22,2025-05-23,2025-05-29,24639.5,1,F+1,2025-06-05,24650.0,ADAPTIVE_SELECTED,209.9,191.1,314.95,298.95,155.8,0.45,314.6,114.0,2.8000000000000114,,0.9591605397356684,,,True,,,75.0,75.0,48.05000000000001,3603.750000000002,0.00011363866961586117
C_20250530,OOS,2025-05-29,2025-05-30,2025-06-05,24812.599609375,1,F+1,2025-06-12,24800.0,EXECUTABLE,243.55,182.0,344.9,231.05,0.55,58.05,181.65,190.35,-52.299999999999955,-0.0021078001025027354,1.1155023141744296,12.599609375,0.05077907826409072,True,25172.0,3823786.0,75.0,75.0,-3.4999999999999574,-262.4999999999968,
C_20250530,OOS,2025-05-29,2025-05-30,2025-06-05,24812.599609375,2,F+2,2025-06-19,24800.0,EXECUTABLE,243.55,182.0,403.15,304.8,0.55,58.05,283.15,259.6,-36.799999999999955,-0.001483117471741886,0.9884050497588436,12.599609375,0.05077907826409072,True,1740.0,3776629.0,75.0,75.0,44.249999999999986,3318.749999999999,
C_20250530,OOS,2025-05-29,2025-05-30,2025-06-05,24812.599609375,3,F+3,2025-06-26,24800.0,EXECUTABLE,243.55,182.0,482.9,345.0,0.55,58.05,374.5,313.5,-76.34999999999997,-0.0030770657328123116,1.0459751442283374,12.599609375,0.05077907826409072,True,26530.0,3827678.0,75.0,75.0,42.15000000000002,3161.250000000002,
C_20250530,OOS,2025-05-29,2025-05-30,2025-06-05,24812.599609375,4,F+4,2025-07-03,24800.0,EXECUTABLE,243.55,182.0,532.75,395.0,0.55,58.05,446.05,360.45,-76.19999999999999,-0.003071020417030756,1.0078818322856273,12.599609375,0.05077907826409072,True,31.0,3772779.0,75.0,75.0,66.90000000000002,5017.500000000002,
C_20250530,OOS,2025-05-29,2025-05-30,2025-06-05,24812.599609375,2,F+2,2025-06-19,24800.0,ADAPTIVE_SELECTED,243.55,182.0,403.15,304.8,0.55,58.05,283.15,259.6,-36.799999999999955,,0.9884050497588436,,,True,,,75.0,75.0,44.249999999999986,3318.749999999999,-0.001483117471741886
C_20250606,OOS,2025-06-05,2025-06-06,2025-06-12,24748.69921875,1,F+1,2025-06-19,24750.0,EXECUTABLE,140.0,143.0,294.35,236.0,146.2,0.2,263.95,115.95,-61.35000000000002,-0.002478918162839052,1.2739724576271185,1.30078125,0.005255958054613666,True,7128.0,1783741.0,75.0,75.0,-59.35000000000004,-4451.250000000004,
C_20250606,OOS,2025-06-05,2025-06-06,2025-06-12,24748.69921875,2,F+2,2025-06-26,24750.0,EXECUTABLE,140.0,143.0,403.85,287.6,146.2,0.2,364.8,182.8,-119.25,-0.004818435059797177,1.4342973872441884,1.30078125,0.005255958054613666,True,6870.0,1784462.0,75.0,75.0,-83.25,-6243.749999999999,
C_20250606,OOS,2025-06-05,2025-06-06,2025-06-12,24748.69921875,3,F+3,2025-07-03,24750.0,EXECUTABLE,140.0,143.0,450.0,353.65,146.2,0.2,448.15,226.05,-99.35000000000002,-0.004014352395730395,1.2997111752943793,1.30078125,0.005255958054613666,True,39.0,1765927.0,75.0,75.0,-23.250000000000057,-1743.7500000000036,
C_20250606,OOS,2025-06-05,2025-06-06,2025-06-12,24748.69921875,4,F+4,2025-07-10,24750.0,NO_ENTRY_LEG,,,,,,,,,,,,,,,,,,,,,
C_20250606,OOS,2025-06-05,2025-06-06,2025-06-12,24748.69921875,1,F+1,2025-06-19,24750.0,ADAPTIVE_SELECTED,140.0,143.0,294.35,236.0,146.2,0.2,263.95,115.95,-61.35000000000002,,1.2739724576271185,,,True,,,75.0,75.0,-59.35000000000004,-4451.250000000004,-0.002478918162839052
C_20250613,OOS,2025-06-12,2025-06-13,2025-06-19,24473.0,1,F+1,2025-06-26,24450.0,EXECUTABLE,281.05,126.3,394.9,209.8,347.8,0.2,428.2,82.25,-30.349999999999966,-0.0012401421975238003,0.8458656926081869,23.0,0.09398112205287461,True,1439.0,538741.0,75.0,75.0,-31.99999999999997,-2400.0,
C_20250613,OOS,2025-06-12,2025-06-13,2025-06-19,24473.0,2,F+2,2025-07-03,24450.0,EXECUTABLE,281.05,126.3,475.5,240.5,347.8,0.2,519.25,143.65,-80.25,-0.0032791239324970376,0.888495436440642,23.0,0.09398112205287461,True,45.0,527898.0,75.0,75.0,-52.25,-3918.75,
C_20250613,OOS,2025-06-12,2025-06-13,2025-06-19,24473.0,3,F+3,2025-07-10,24450.0,NO_ENTRY_LEG,,,,,,,,,,,,,,,,,,,,,
C_20250613,OOS,2025-06-12,2025-06-13,2025-06-19,24473.0,4,F+4,2025-07-17,24450.0,NO_ENTRY_LEG,,,,,,,,,,,,,,,,,,,,,
C_20250613,OOS,2025-06-12,2025-06-13,2025-06-19,24473.0,1,F+1,2025-06-26,24450.0,ADAPTIVE_SELECTED,281.05,126.3,394.9,209.8,347.8,0.2,428.2,82.25,-30.349999999999966,,0.8458656926081869,,,True,,,75.0,75.0,-31.99999999999997,-2400.0,-0.0012401421975238003
C_20250620,OOS,2025-06-19,2025-06-20,2025-06-26,24787.650390625,1,F+1,2025-07-03,24800.0,EXECUTABLE,178.0,188.0,280.0,255.05,750.4,0.25,745.0,23.3,-34.94999999999999,-0.0014099763168040533,1.1594994592379992,12.349609375,0.04982162157519688,True,30836.0,2562903.0,75.0,75.0,-63.39999999999998,-4755.0,
C_20250620,OOS,2025-06-19,2025-06-20,2025-06-26,24787.650390625,2,F+2,2025-07-10,24800.0,EXECUTABLE,178.0,188.0,369.0,275.0,750.4,0.25,802.85,53.15,-104.0,-0.004195637680904766,1.4172012257405513,12.349609375,0.04982162157519688,True,1590.0,2486641.0,75.0,75.0,-104.44999999999996,-7833.75,
C_20250620,OOS,2025-06-19,2025-06-20,2025-06-26,24787.650390625,3,F+3,2025-07-17,24800.0,EXECUTABLE,178.0,188.0,418.0,304.05,750.4,0.25,861.1,80.45,-123.94999999999999,-0.005000473947578324,1.4520083738444853,12.349609375,0.04982162157519688,True,173.0,2482202.0,75.0,75.0,-93.44999999999993,-7008.75,
C_20250620,OOS,2025-06-19,2025-06-20,2025-06-26,24787.650390625,4,F+4,2025-07-24,24800.0,EXECUTABLE,178.0,188.0,516.15,335.7,750.4,0.25,900.6,106.55,-190.45,-0.007683261503156853,1.6239117992589691,12.349609375,0.04982162157519688,True,38.0,2481554.0,75.0,75.0,-146.54999999999995,-10991.249999999996,
C_20250620,OOS,2025-06-19,2025-06-20,2025-06-26,24787.650390625,1,F+1,2025-07-03,24800.0,ADAPTIVE_SELECTED,178.0,188.0,280.0,255.05,750.4,0.25,745.0,23.3,-34.94999999999999,,1.1594994592379992,,,True,,,75.0,75.0,-63.39999999999998,-4755.0,-0.0014099763168040533
C_20250627,OOS,2025-06-26,2025-06-27,2025-07-03,25576.650390625,1,F+1,2025-07-10,25600.0,EXECUTABLE,144.0,193.0,242.0,250.0,0.25,192.05,90.85,247.45,-41.0,-0.001603024609314297,1.297388888888889,23.349609375,0.09129267913658737,True,31963.0,5235773.0,75.0,75.0,-5.799999999999983,-434.99999999999915,
C_20250627,OOS,2025-06-26,2025-06-27,2025-07-03,25576.650390625,2,F+2,2025-07-17,25600.0,EXECUTABLE,144.0,193.0,340.75,263.55,0.25,192.05,165.3,296.8,-126.19999999999999,-0.004934187943791811,1.7328766942810767,23.349609375,0.09129267913658737,True,1349.0,5173829.0,75.0,75.0,-65.89999999999998,-4942.5,
C_20250627,OOS,2025-06-26,2025-06-27,2025-07-03,25576.650390625,3,F+3,2025-07-24,25600.0,EXECUTABLE,144.0,193.0,354.15,317.55,0.25,192.05,228.05,337.3,-85.59999999999997,-0.003346802598958628,1.494754763029444,23.349609375,0.09129267913658737,True,546.0,5171594.0,75.0,75.0,-3.0499999999999545,-228.74999999999818,
C_20250627,OOS,2025-06-26,2025-06-27,2025-07-03,25576.650390625,4,F+4,2025-07-31,25600.0,EXECUTABLE,144.0,193.0,387.25,350.0,0.25,192.05,283.95,371.15,-86.25,-0.0033722164037404416,1.482921626984127,23.349609375,0.09129267913658737,True,23300.0,5217714.0,75.0,75.0,18.350000000000023,1376.250000000001,
C_20250627,OOS,2025-06-26,2025-06-27,2025-07-03,25576.650390625,1,F+1,2025-07-10,25600.0,ADAPTIVE_SELECTED,144.0,193.0,242.0,250.0,0.25,192.05,90.85,247.45,-41.0,,1.297388888888889,,,True,,,75.0,75.0,-5.799999999999983,-434.99999999999915,-0.001603024609314297
C_20250704,OOS,2025-07-03,2025-07-04,2025-07-10,25428.849609375,1,F+1,2025-07-17,25450.0,EXECUTABLE,160.0,160.65,235.1,235.4,0.4,89.4,110.15,172.1,-0.3499999999999943,-1.3763894371020142e-05,1.0027828961342395,21.150390625,0.08317478356237698,True,9609.0,2956860.0,75.0,75.0,26.700000000000017,2002.500000000001,
C_20250704,OOS,2025-07-03,2025-07-04,2025-07-10,25428.849609375,2,F+2,2025-07-24,25450.0,EXECUTABLE,160.0,160.65,318.85,273.4,0.4,89.4,185.3,224.45,-46.10000000000002,-0.0018129015157258262,1.1709777912399417,21.150390625,0.08317478356237698,True,344.0,2935551.0,75.0,75.0,3.7499999999999716,281.2499999999991,
C_20250704,OOS,2025-07-03,2025-07-04,2025-07-10,25428.849609375,3,F+3,2025-07-31,25450.0,EXECUTABLE,160.0,160.65,355.65,299.15,0.4,89.4,249.2,271.5,-57.14999999999998,-0.0022474473237251817,1.1936982387598196,21.150390625,0.08317478356237698,True,3634.0,2943011.0,75.0,75.0,9.549999999999983,716.2499999999991,
C_20250704,OOS,2025-07-03,2025-07-04,2025-07-10,25428.849609375,4,F+4,2025-08-07,25450.0,EXECUTABLE,160.0,160.65,373.65,334.5,0.4,89.4,314.6,306.4,-39.799999999999955,-0.001565151417047457,1.1215783352017936,21.150390625,0.08317478356237698,True,3.0,2934746.0,75.0,75.0,57.40000000000006,4305.0000000000055,
C_20250704,OOS,2025-07-03,2025-07-04,2025-07-10,25428.849609375,1,F+1,2025-07-17,25450.0,ADAPTIVE_SELECTED,160.0,160.65,235.1,235.4,0.4,89.4,110.15,172.1,-0.3499999999999943,,1.0027828961342395,,,True,,,75.0,75.0,26.700000000000017,2002.500000000001,-1.3763894371020142e-05
C_20250711,OOS,2025-07-10,2025-07-11,2025-07-17,25255.5,1,F+1,2025-07-24,25250.0,EXECUTABLE,174.15,103.0,245.9,175.15,0.25,137.9,88.35,181.6,0.4000000000000057,1.583813426778348e-05,0.8303518029622122,5.5,0.021777434618201977,True,8937.0,2791530.0,75.0,75.0,44.80000000000001,3360.000000000001,
C_20250711,OOS,2025-07-10,2025-07-11,2025-07-17,25255.5,2,F+2,2025-07-31,25250.0,EXECUTABLE,174.15,103.0,303.95,228.85,0.25,137.9,156.4,227.6,-3.9499999999999886,-0.0001564015758943592,0.7855339813072527,5.5,0.021777434618201977,True,7307.0,2789594.0,75.0,75.0,62.50000000000003,4687.500000000002,
C_20250711,OOS,2025-07-10,2025-07-11,2025-07-17,25255.5,3,F+3,2025-08-07,25250.0,EXECUTABLE,174.15,103.0,380.15,260.3,0.25,137.9,222.95,268.6,-48.69999999999993,-0.0019282928471026086,0.8637629520212825,5.5,0.021777434618201977,True,37.0,2771695.0,75.0,75.0,43.30000000000001,3247.499999999999,
C_20250711,OOS,2025-07-10,2025-07-11,2025-07-17,25255.5,4,F+4,2025-08-14,25250.0,NO_ENTRY_LEG,,,,,,,,,,,,,,,,,,,,,
C_20250711,OOS,2025-07-10,2025-07-11,2025-07-17,25255.5,1,F+1,2025-07-24,25250.0,ADAPTIVE_SELECTED,174.15,103.0,245.9,175.15,0.25,137.9,88.35,181.6,0.4000000000000057,,0.8303518029622122,,,True,,,75.0,75.0,44.80000000000001,3360.000000000001,1.583813426778348e-05
C_20250718,OOS,2025-07-17,2025-07-18,2025-07-24,25108.55078125,1,F+1,2025-07-31,25100.0,EXECUTABLE,162.2,109.0,235.1,165.3,0.6,35.35,121.9,124.65,-16.599999999999994,-0.0006611293556773564,0.9557744652886095,8.55078125,0.03405525601415977,True,54282.0,3937584.0,75.0,75.0,15.400000000000006,1155.0000000000005,
C_20250718,OOS,2025-07-17,2025-07-18,2025-07-24,25108.55078125,2,F+2,2025-08-07,25100.0,EXECUTABLE,162.2,109.0,295.5,203.35,0.6,35.35,196.7,170.55,-38.950000000000045,-0.0015512643616646426,0.9765375702967891,8.55078125,0.03405525601415977,True,2270.0,3818421.0,75.0,75.0,21.94999999999996,1646.2499999999977,
C_20250718,OOS,2025-07-17,2025-07-18,2025-07-24,25108.55078125,3,F+3,2025-08-14,25100.0,EXECUTABLE,162.2,109.0,342.05,244.45,0.6,35.35,258.75,206.25,-44.400000000000034,-0.0017683218910888344,0.9403189777297688,8.55078125,0.03405525601415977,True,277.0,3814198.0,75.0,75.0,42.849999999999966,3213.749999999998,
C_20250718,OOS,2025-07-17,2025-07-18,2025-07-24,25108.55078125,4,F+4,2025-08-21,25100.0,EXECUTABLE,162.2,109.0,360.0,341.45,0.6,35.35,312.85,232.7,34.64999999999998,0.0013800079623024332,0.7085182345040074,8.55078125,0.03405525601415977,True,5.0,3813355.0,75.0,75.0,149.55,11216.250000000002,
C_20250718,OOS,2025-07-17,2025-07-18,2025-07-24,25108.55078125,4,F+4,2025-08-21,25100.0,ADAPTIVE_SELECTED,162.2,109.0,360.0,341.45,0.6,35.35,312.85,232.7,34.64999999999998,,0.7085182345040074,,,True,,,75.0,75.0,149.55,11216.250000000002,0.0013800079623024332
C_20250725,OOS,2025-07-24,2025-07-25,2025-07-31,25010.349609375,1,F+1,2025-08-07,25000.0,EXECUTABLE,148.2,97.0,242.65,141.0,0.25,212.15,73.1,259.95,-50.45000000000002,-0.0020171649252391536,1.1263794374096727,10.349609375,0.0413813062857806,True,69870.0,4717041.0,75.0,75.0,-25.399999999999977,-1905.0,
C_20250725,OOS,2025-07-24,2025-07-25,2025-07-31,25010.349609375,2,F+2,2025-08-14,25000.0,EXECUTABLE,148.2,97.0,270.0,185.45,0.25,212.15,132.0,302.05,-33.35000000000002,-0.0013334479733741486,0.9529288097777264,10.349609375,0.0413813062857806,True,4572.0,4569573.0,75.0,75.0,8.5,637.4999999999982,
C_20250725,OOS,2025-07-24,2025-07-25,2025-07-31,25010.349609375,3,F+3,2025-08-21,25000.0,EXECUTABLE,148.2,97.0,298.2,236.4,0.25,212.15,181.35,327.85,-10.599999999999966,-0.00042382454326134693,0.8256266398131211,10.349609375,0.0413813062857806,True,503.0,4559820.0,75.0,75.0,54.80000000000001,4109.999999999999,
C_20250725,OOS,2025-07-24,2025-07-25,2025-07-31,25010.349609375,4,F+4,2025-08-28,25000.0,EXECUTABLE,148.2,97.0,397.9,251.25,0.25,212.15,231.45,353.6,-95.44999999999999,-0.0038164200617260085,1.036552728932933,10.349609375,0.0413813062857806,True,47139.0,4655971.0,75.0,75.0,-5.699999999999989,-427.5000000000018,
C_20250725,OOS,2025-07-24,2025-07-25,2025-07-31,25010.349609375,3,F+3,2025-08-21,25000.0,ADAPTIVE_SELECTED,148.2,97.0,298.2,236.4,0.25,212.15,181.35,327.85,-10.599999999999966,,0.8256266398131211,,,True,,,75.0,75.0,54.80000000000001,4109.999999999999,-0.00042382454326134693
C_20250801,OOS,2025-07-31,2025-08-01,2025-08-07,24734.900390625,1,F+1,2025-08-14,24750.0,EXECUTABLE,162.65,150.0,220.0,204.95,0.2,167.95,85.75,196.35,-2.4000000000000057,-9.702889286385206e-05,0.9899470130861246,15.099609375,0.061045765847203656,True,12125.0,3778480.0,75.0,75.0,54.75,4106.25,
C_20250801,OOS,2025-07-31,2025-08-01,2025-08-07,24734.900390625,2,F+2,2025-08-21,24750.0,EXECUTABLE,162.65,150.0,265.0,245.5,0.2,167.95,148.15,231.75,-6.850000000000023,-0.00027693663171557805,0.9954777761151697,15.099609375,0.061045765847203656,True,278.0,3750028.0,75.0,75.0,77.30000000000001,5797.5,
C_20250801,OOS,2025-07-31,2025-08-01,2025-08-07,24734.900390625,3,F+3,2025-08-28,24750.0,EXECUTABLE,162.65,150.0,340.0,272.05,0.2,167.95,205.95,280.9,-55.299999999999955,-0.002235707406404584,1.152570177822934,15.099609375,0.061045765847203656,True,8604.0,3767317.0,75.0,75.0,37.50000000000003,2812.5000000000027,
C_20250801,OOS,2025-07-31,2025-08-01,2025-08-07,24734.900390625,4,F+4,2025-09-02,24750.0,NO_ENTRY_LEG,,,,,,,,,,,,,,,,,,,,,
C_20250801,OOS,2025-07-31,2025-08-01,2025-08-07,24734.900390625,1,F+1,2025-08-14,24750.0,ADAPTIVE_SELECTED,162.65,150.0,220.0,204.95,0.2,167.95,85.75,196.35,-2.4000000000000057,,0.9899470130861246,,,True,,,75.0,75.0,54.75,4106.25,-9.702889286385206e-05
C_20250808,OOS,2025-08-07,2025-08-08,2025-08-14,24544.25,1,F+1,2025-08-21,24550.0,EXECUTABLE,175.2,110.0,234.4,143.45,88.15,0.35,205.75,94.15,-25.75000000000003,-0.0010491255589394676,1.0259250594052947,5.75,0.02342707558796867,True,9543.0,2941370.0,75.0,75.0,-1.9500000000000455,-146.25000000000273,
C_20250808,OOS,2025-08-07,2025-08-08,2025-08-14,24544.25,2,F+2,2025-08-28,24550.0,EXECUTABLE,175.2,110.0,332.85,190.5,88.15,0.35,280.6,144.3,-77.15000000000003,-0.003143302402803102,1.0970139862654156,5.75,0.02342707558796867,True,5369.0,2933347.0,75.0,75.0,-28.650000000000034,-2148.750000000002,
C_20250808,OOS,2025-08-07,2025-08-08,2025-08-14,24544.25,3,F+3,2025-09-02,24550.0,EXECUTABLE,175.2,110.0,295.75,265.5,88.15,0.35,337.45,169.55,34.94999999999999,0.0014239587683469647,0.6993890221775061,5.75,0.02342707558796867,True,17.0,2919889.0,75.0,75.0,115.04999999999995,8628.749999999996,
C_20250808,OOS,2025-08-07,2025-08-08,2025-08-14,24544.25,4,F+4,2025-09-09,24550.0,NO_ENTRY_LEG,,,,,,,,,,,,,,,,,,,,,
C_20250808,OOS,2025-08-07,2025-08-08,2025-08-14,24544.25,3,F+3,2025-09-02,24550.0,ADAPTIVE_SELECTED,175.2,110.0,295.75,265.5,88.15,0.35,337.45,169.55,34.94999999999999,,0.6993890221775061,,,True,,,75.0,75.0,115.04999999999995,8628.749999999996,0.0014239587683469647
C_20250818,OOS,2025-08-14,2025-08-18,2025-08-21,24938.19921875,1,F+1,2025-08-28,24950.0,EXECUTABLE,102.6,138.2,184.0,203.1,137.1,0.15,232.55,56.55,-16.5,-0.0006616355838393629,1.2203055370797473,11.80078125,0.047320101770329435,True,36853.0,4546942.0,75.0,75.0,22.55000000000004,1691.2500000000036,
C_20250818,OOS,2025-08-14,2025-08-18,2025-08-21,24938.19921875,2,F+2,2025-09-02,24950.0,EXECUTABLE,102.6,138.2,230.0,215.8,137.1,0.15,293.15,89.75,-49.79999999999998,-0.0019969364894060764,1.4356119936335536,11.80078125,0.047320101770329435,True,1366.0,4472517.0,75.0,75.0,16.650000000000006,1248.75,
C_20250818,OOS,2025-08-14,2025-08-18,2025-08-21,24938.19921875,3,F+3,2025-09-09,24950.0,EXECUTABLE,102.6,138.2,340.35,218.3,137.1,0.15,365.0,127.65,-157.65,-0.006321627260137913,2.1000648284323575,11.80078125,0.047320101770329435,True,2.0,4469621.0,75.0,75.0,-57.25,-4293.75,
C_20250818,OOS,2025-08-14,2025-08-18,2025-08-21,24938.19921875,4,F+4,2025-09-16,24950.0,NO_ENTRY_LEG,,,,,,,,,,,,,,,,,,,,,
C_20250818,OOS,2025-08-14,2025-08-18,2025-08-21,24938.19921875,1,F+1,2025-08-28,24950.0,ADAPTIVE_SELECTED,102.6,138.2,184.0,203.1,137.1,0.15,232.55,56.55,-16.5,,1.2203055370797473,,,True,,,75.0,75.0,22.55000000000004,1691.2500000000036,-0.0006616355838393629
C_20250822,OOS,2025-08-21,2025-08-22,2025-08-28,25064.150390625,1,F+1,2025-09-02,25050.0,EXECUTABLE,152.2,90.0,210.0,141.95,0.2,553.4,6.9,505.4,-5.850000000000023,-0.0002334010891583286,0.8748060036686311,14.150390625,0.0564566937417229,True,17695.0,2235748.0,75.0,75.0,48.849999999999966,3663.75,
C_20250822,OOS,2025-08-21,2025-08-22,2025-08-28,25064.150390625,2,F+2,2025-09-09,25050.0,EXECUTABLE,152.2,90.0,268.0,182.0,0.2,553.4,41.0,505.2,-23.80000000000001,-0.00094956340546465,0.8707455488007394,14.150390625,0.0564566937417229,True,447.0,2200222.0,75.0,75.0,65.19999999999999,4890.0,
C_20250822,OOS,2025-08-21,2025-08-22,2025-08-28,25064.150390625,3,F+3,2025-09-16,25050.0,EXECUTABLE,152.2,90.0,302.9,233.0,0.2,553.4,80.45,494.45,-7.699999999999989,-0.0003072116900032685,0.7687253613666228,14.150390625,0.0564566937417229,True,41.0,2198935.0,75.0,75.0,131.5,9862.5,
C_20250822,OOS,2025-08-21,2025-08-22,2025-08-28,25064.150390625,4,F+4,2025-09-23,25050.0,NO_ENTRY_LEG,,,,,,,,,,,,,,,,,,,,,
C_20250822,OOS,2025-08-21,2025-08-22,2025-08-28,25064.150390625,1,F+1,2025-09-02,25050.0,ADAPTIVE_SELECTED,152.2,90.0,210.0,141.95,0.2,553.4,6.9,505.4,-5.850000000000023,,0.8748060036686311,,,True,,,75.0,75.0,48.849999999999966,3663.75,-0.0002334010891583286
C_20250829,OOS,2025-08-28,2025-08-29,2025-09-02,24466.69921875,1,F+1,2025-09-09,24450.0,EXECUTABLE,165.0,81.55,263.0,155.05,128.4,0.25,237.9,70.85,-24.5,-0.0010013610655426899,0.8383473561803132,16.69921875,0.06825284686216518,True,11748.0,5993533.0,75.0,75.0,14.40000000000002,1080.000000000001,
C_20250829,OOS,2025-08-28,2025-08-29,2025-09-02,24466.69921875,2,F+2,2025-09-16,24450.0,EXECUTABLE,165.0,81.55,331.8,168.4,128.4,0.25,309.05,113.0,-79.94999999999999,-0.003267706824087267,0.9738101921831136,16.69921875,0.06825284686216518,True,279.0,5950389.0,75.0,75.0,-12.049999999999997,-903.75,
C_20250829,OOS,2025-08-28,2025-08-29,2025-09-02,24466.69921875,3,F+3,2025-09-23,24450.0,EXECUTABLE,165.0,81.55,404.65,202.5,128.4,0.25,372.45,150.6,-118.69999999999999,-0.004851492182853767,0.9876306023194912,16.69921875,0.06825284686216518,True,2.0,5949375.0,75.0,75.0,-24.999999999999986,-1874.9999999999995,
C_20250829,OOS,2025-08-28,2025-08-29,2025-09-02,24466.69921875,4,F+4,2025-09-25,24450.0,NO_ENTRY_LEG,,,,,,,,,,,,,,,,,,,,,
C_20250829,OOS,2025-08-28,2025-08-29,2025-09-02,24466.69921875,1,F+1,2025-09-09,24450.0,ADAPTIVE_SELECTED,165.0,81.55,263.0,155.05,128.4,0.25,237.9,70.85,-24.5,,0.8383473561803132,,,True,,,75.0,75.0,14.40000000000002,1080.000000000001,-0.0010013610655426899
C_20250903,OOS,2025-09-02,2025-09-03,2025-09-09,24616.5,1,F+1,2025-09-16,24600.0,EXECUTABLE,144.95,140.0,220.0,184.9,265.2,0.15,331.5,36.3,-30.150000000000006,-0.0012247882517823414,1.1491999161979543,16.5,0.06702821278410823,True,38775.0,8564543.0,75.0,75.0,0.0,1.8189894035458565e-12,
C_20250903,OOS,2025-09-02,2025-09-03,2025-09-09,24616.5,2,F+2,2025-09-23,24600.0,EXECUTABLE,144.95,140.0,265.8,212.1,265.2,0.15,398.1,73.55,-48.75000000000003,-0.0019803790140759257,1.210386647495381,16.5,0.06702821278410823,True,2016.0,8487368.0,75.0,75.0,10.75,806.25,
C_20250903,OOS,2025-09-02,2025-09-03,2025-09-09,24616.5,3,F+3,2025-09-25,24600.0,NO_ENTRY_LEG,,,,,,,,,,,,,,,,,,,,,
C_20250903,OOS,2025-09-02,2025-09-03,2025-09-09,24616.5,4,F+4,2025-09-30,24600.0,EXECUTABLE,144.95,140.0,336.9,249.95,265.2,0.15,458.85,106.45,-82.0,-0.003331099059573863,1.3018402231670894,16.5,0.06702821278410823,True,34379.0,8556999.0,75.0,75.0,5.350000000000023,401.25000000000364,
C_20250903,OOS,2025-09-02,2025-09-03,2025-09-09,24616.5,1,F+1,2025-09-16,24600.0,ADAPTIVE_SELECTED,144.95,140.0,220.0,184.9,265.2,0.15,331.5,36.3,-30.150000000000006,,1.1491999161979543,,,True,,,75.0,75.0,0.0,1.8189894035458565e-12,-0.0012247882517823414
C_20250910,OOS,2025-09-09,2025-09-10,2025-09-16,24991.0,1,F+1,2025-09-23,25000.0,EXECUTABLE,112.0,140.0,180.0,200.0,231.65,0.15,331.55,35.85,-8.0,-0.0003201152414869353,1.125,9.0,0.03601296466728022,True,58850.0,8859158.0,75.0,75.0,56.20000000000002,4215.0,
C_20250910,OOS,2025-09-09,2025-09-10,2025-09-16,24991.0,2,F+2,2025-09-25,25000.0,NO_ENTRY_LEG,,,,,,,,,,,,,,,,,,,,,
C_20250910,OOS,2025-09-09,2025-09-10,2025-09-16,24991.0,3,F+3,2025-09-30,25000.0,EXECUTABLE,112.0,140.0,239.0,217.8,231.65,0.15,402.65,68.55,-49.19999999999999,-0.0019687087351446518,1.3716712580348944,9.0,0.03601296466728022,True,109759.0,8983372.0,75.0,75.0,53.39999999999998,4004.999999999998,
C_20250910,OOS,2025-09-09,2025-09-10,2025-09-16,24991.0,4,F+4,2025-10-07,25000.0,EXECUTABLE,112.0,140.0,295.15,233.9,231.65,0.15,457.3,95.55,-89.24999999999997,-0.003571285662838621,1.5773300555793073,9.0,0.03601296466728022,True,1474.0,8744442.0,75.0,75.0,41.00000000000006,3075.0000000000036,
C_20250910,OOS,2025-09-09,2025-09-10,2025-09-16,24991.0,1,F+1,2025-09-23,25000.0,ADAPTIVE_SELECTED,112.0,140.0,180.0,200.0,231.65,0.15,331.55,35.85,-8.0,,1.125,,,True,,,75.0,75.0,56.20000000000002,4215.0,-0.0003201152414869353
C_20250917,OOS,2025-09-16,2025-09-17,2025-09-23,25276.599609375,1,F+1,2025-09-25,25300.0,NO_ENTRY_LEG,,,,,,,,,,,,,,,,,,,,,
C_20250917,OOS,2025-09-16,2025-09-17,2025-09-23,25276.599609375,2,F+2,2025-09-30,25300.0,EXECUTABLE,133.0,112.8,216.8,148.55,0.15,126.05,101.7,144.5,-48.05000000000001,-0.0019009677228173697,1.2377817650825143,23.400390625,0.09257728882298266,True,93605.0,6476434.0,75.0,75.0,35.05,2628.750000000001,
C_20250917,OOS,2025-09-16,2025-09-17,2025-09-23,25276.599609375,3,F+3,2025-10-07,25300.0,EXECUTABLE,133.0,112.8,259.05,181.7,0.15,126.05,176.05,183.6,-57.150000000000034,-0.0022609845027890263,1.2091665597676085,23.400390625,0.09257728882298266,True,2845.0,6277916.0,75.0,75.0,61.19999999999999,4590.0,
C_20250917,OOS,2025-09-16,2025-09-17,2025-09-23,25276.599609375,4,F+4,2025-10-14,25300.0,EXECUTABLE,133.0,112.8,335.9,214.7,0.15,126.05,246.35,215.55,-101.0,-0.003995790634850245,1.3268915185028243,23.400390625,0.09257728882298266,True,220.0,6272669.0,75.0,75.0,55.69999999999999,4177.499999999999,
C_20250917,OOS,2025-09-16,2025-09-17,2025-09-23,25276.599609375,2,F+2,2025-09-30,25300.0,ADAPTIVE_SELECTED,133.0,112.8,216.8,148.55,0.15,126.05,101.7,144.5,-48.05000000000001,,1.2377817650825143,,,True,,,75.0,75.0,35.05,2628.750000000001,-0.0019009677228173697
C_20250924,OOS,2025-09-23,2025-09-24,2025-09-25,25108.75,1,F+1,,,NO_VALID_NEAR_ATM,,,,,,,,,,,,,,,,,,,,,
C_20250924,OOS,2025-09-23,2025-09-24,2025-09-25,25108.75,2,F+2,,,NO_VALID_NEAR_ATM,,,,,,,,,,,,,,,,,,,,,
C_20250924,OOS,2025-09-23,2025-09-24,2025-09-25,25108.75,3,F+3,,,NO_VALID_NEAR_ATM,,,,,,,,,,,,,,,,,,,,,
C_20250924,OOS,2025-09-23,2025-09-24,2025-09-25,25108.75,4,F+4,,,NO_VALID_NEAR_ATM,,,,,,,,,,,,,,,,,,,,,
C_20250924,OOS,2025-09-23,2025-09-24,2025-09-25,25108.75,1,F+1,2025-09-30,,NO_ENTRY_LEG,,,,,,,,,,,,,,,,,,,,,
C_20250924,OOS,2025-09-23,2025-09-24,2025-09-25,25108.75,2,F+2,2025-10-07,,NO_ENTRY_LEG,,,,,,,,,,,,,,,,,,,,,
C_20250924,OOS,2025-09-23,2025-09-24,2025-09-25,25108.75,3,F+3,2025-10-14,,NO_ENTRY_LEG,,,,,,,,,,,,,,,,,,,,,
C_20250924,OOS,2025-09-23,2025-09-24,2025-09-25,25108.75,4,F+4,2025-10-20,,NO_ENTRY_LEG,,,,,,,,,,,,,,,,,,,,,
C_20250926,OOS,2025-09-25,2025-09-26,2025-09-30,24818.55078125,1,F+1,2025-10-07,24800.0,EXECUTABLE,168.0,51.4,233.85,86.35,0.2,184.1,78.0,192.3,-30.900000000000006,-0.0012450364355417738,0.82856936057573,18.55078125,0.07474562642076106,True,143124.0,13342102.0,75.0,75.0,38.69999999999999,2902.499999999999,
C_20250926,OOS,2025-09-25,2025-09-26,2025-09-30,24818.55078125,2,F+2,2025-10-14,24800.0,EXECUTABLE,168.0,51.4,333.85,140.0,0.2,184.1,152.8,228.7,-77.25,-0.003112591088854434,0.7295871598639456,18.55078125,0.07474562642076106,True,7450.0,13038661.0,75.0,75.0,30.75,2306.250000000001,
C_20250926,OOS,2025-09-25,2025-09-26,2025-09-30,24818.55078125,3,F+3,2025-10-20,24800.0,EXECUTABLE,168.0,51.4,348.35,203.85,0.2,184.1,216.0,259.0,-27.900000000000034,-0.0011241591117027677,0.5228281182475443,18.55078125,0.07474562642076106,True,643.0,13023521.0,75.0,75.0,112.99999999999997,8474.999999999998,
C_20250926,OOS,2025-09-25,2025-09-26,2025-09-30,24818.55078125,4,F+4,2025-10-28,24800.0,EXECUTABLE,168.0,51.4,453.65,200.15,0.2,184.1,279.3,291.45,-136.89999999999998,-0.005516035211186692,0.6934563957983892,18.55078125,0.07474562642076106,True,25383.0,13088126.0,75.0,75.0,34.85000000000005,2613.7500000000027,
C_20250926,OOS,2025-09-25,2025-09-26,2025-09-30,24818.55078125,3,F+3,2025-10-20,24800.0,ADAPTIVE_SELECTED,168.0,51.4,348.35,203.85,0.2,184.1,216.0,259.0,-27.900000000000034,,0.5228281182475443,,,True,,,75.0,75.0,112.99999999999997,8474.999999999998,-0.0011241591117027677
C_20251001,OOS,2025-09-30,2025-10-01,2025-10-07,24620.55078125,1,F+1,2025-10-14,24600.0,EXECUTABLE,178.65,87.2,258.1,144.0,511.45,0.1,578.6,9.35,-22.650000000000034,-0.0009199631722800184,0.8748608390086141,20.55078125,0.08347003051471387,True,21734.0,4062950.0,75.0,75.0,35.25000000000003,2643.7500000000036,
C_20251001,OOS,2025-09-30,2025-10-01,2025-10-07,24620.55078125,2,F+2,2025-10-20,24600.0,EXECUTABLE,178.65,87.2,327.0,175.7,511.45,0.1,627.7,25.9,-59.85000000000002,-0.0024308960645015028,0.9084257906600778,20.55078125,0.08347003051471387,True,962.0,3976936.0,75.0,75.0,30.60000000000005,2295.0000000000055,
C_20251001,OOS,2025-09-30,2025-10-01,2025-10-07,24620.55078125,3,F+3,2025-10-28,24600.0,EXECUTABLE,178.65,87.2,396.0,229.5,511.45,0.1,683.5,49.55,-75.05000000000001,-0.003048266493581249,0.8422207953990442,20.55078125,0.08347003051471387,True,20071.0,4030622.0,75.0,75.0,47.55000000000001,3566.2500000000036,
C_20251001,OOS,2025-09-30,2025-10-01,2025-10-07,24620.55078125,4,F+4,2025-11-04,24600.0,NO_ENTRY_LEG,,,,,,,,,,,,,,,,,,,,,
C_20251001,OOS,2025-09-30,2025-10-01,2025-10-07,24620.55078125,1,F+1,2025-10-14,24600.0,ADAPTIVE_SELECTED,178.65,87.2,258.1,144.0,511.45,0.1,578.6,9.35,-22.650000000000034,,0.8748608390086141,,,True,,,75.0,75.0,35.25000000000003,2643.7500000000036,-0.0009199631722800184
C_20251008,OOS,2025-10-07,2025-10-08,2025-10-14,25079.75,1,F+1,2025-10-20,25100.0,EXECUTABLE,140.0,90.0,205.0,130.95,52.45,0.25,180.5,102.3,-24.05000000000001,-0.0009589409782792895,1.0063819342169857,20.25,0.08074243164305864,True,55731.0,9729226.0,75.0,75.0,1.9499999999999886,146.24999999999955,
C_20251008,OOS,2025-10-07,2025-10-08,2025-10-14,25079.75,2,F+2,2025-10-28,25100.0,EXECUTABLE,140.0,90.0,303.0,170.0,52.45,0.25,261.1,155.5,-83.0,-0.003309442877221663,1.145798319327731,20.25,0.08074243164305864,True,53363.0,9715701.0,75.0,75.0,-29.59999999999998,-2219.999999999998,
C_20251008,OOS,2025-10-07,2025-10-08,2025-10-14,25079.75,3,F+3,2025-11-04,25100.0,EXECUTABLE,140.0,90.0,343.2,200.1,52.45,0.25,337.95,188.75,-93.1,-0.0037121582152932144,1.1025915613621762,20.25,0.08074243164305864,True,276.0,9601739.0,75.0,75.0,3.8999999999999915,292.49999999999955,
C_20251008,OOS,2025-10-07,2025-10-08,2025-10-14,25079.75,4,F+4,2025-11-11,25100.0,EXECUTABLE,140.0,90.0,330.0,436.0,52.45,0.25,391.7,213.35,156.0,0.0062201576969467395,0.48656618610747054,20.25,0.08074243164305864,True,1.0,9601015.0,75.0,75.0,282.15,21161.25,
C_20251008,OOS,2025-10-07,2025-10-08,2025-10-14,25079.75,4,F+4,2025-11-11,25100.0,ADAPTIVE_SELECTED,140.0,90.0,330.0,436.0,52.45,0.25,391.7,213.35,156.0,,0.48656618610747054,,,True,,,75.0,75.0,282.15,21161.25,0.0062201576969467395
C_20251015,OOS,2025-10-14,2025-10-15,2025-10-20,25181.94921875,1,F+1,2025-10-28,25200.0,EXECUTABLE,134.9,140.0,214.75,165.05,638.35,0.1,730.3,11.8,-54.79999999999998,-0.002176161961251075,1.3503107646019612,18.05078125,0.07168142979400392,True,118143.0,5118619.0,75.0,75.0,25.449999999999932,1908.75,
C_20251015,OOS,2025-10-14,2025-10-15,2025-10-20,25181.94921875,2,F+2,2025-11-04,25200.0,EXECUTABLE,134.9,140.0,277.35,184.9,638.35,0.1,775.5,34.85,-97.55000000000001,-0.003873806556935082,1.5567086730911788,18.05078125,0.07168142979400392,True,2729.0,4863560.0,75.0,75.0,4.849999999999966,363.75,
C_20251015,OOS,2025-10-14,2025-10-15,2025-10-20,25181.94921875,3,F+3,2025-11-11,25200.0,EXECUTABLE,134.9,140.0,381.0,216.5,638.35,0.1,825.45,58.6,-169.6,-0.006734983004163914,1.8263464340192117,18.05078125,0.07168142979400392,True,609.0,4858286.0,75.0,75.0,-40.99999999999997,-3075.0,
C_20251015,OOS,2025-10-14,2025-10-15,2025-10-20,25181.94921875,4,F+4,2025-11-18,25200.0,NO_ENTRY_LEG,,,,,,,,,,,,,,,,,,,,,
C_20251015,OOS,2025-10-14,2025-10-15,2025-10-20,25181.94921875,1,F+1,2025-10-28,25200.0,ADAPTIVE_SELECTED,134.9,140.0,214.75,165.05,638.35,0.1,730.3,11.8,-54.79999999999998,,1.3503107646019612,,,True,,,75.0,75.0,25.449999999999932,1908.75,-0.002176161961251075
C_20251021,OOS,2025-10-20,2025-10-21,2025-10-28,25901.19921875,1,F+1,2025-11-04,25900.0,EXECUTABLE,197.95,112.05,247.0,165.05,25.6,3.45,211.1,120.7,3.9499999999999886,0.00015250259135262607,0.8471060420200726,1.19921875,0.004629973847434368,True,16385.0,1380558.0,75.0,75.0,72.2,5415.0,
C_20251021,OOS,2025-10-20,2025-10-21,2025-10-28,25901.19921875,2,F+2,2025-11-11,25900.0,EXECUTABLE,197.95,112.05,325.0,205.25,25.6,3.45,295.5,167.2,-33.85000000000002,-0.001306889295515547,0.8963065083365152,1.19921875,0.004629973847434368,True,406.0,1347887.0,75.0,75.0,72.30000000000001,5422.500000000001,
C_20251021,OOS,2025-10-20,2025-10-21,2025-10-28,25901.19921875,3,F+3,2025-11-18,25900.0,EXECUTABLE,197.95,112.05,382.5,240.0,25.6,3.45,374.15,206.2,-56.60000000000002,-0.0021852270052047248,0.9021454281384188,1.19921875,0.004629973847434368,True,55.0,1346371.0,75.0,75.0,89.19999999999999,6689.999999999999,
C_20251021,OOS,2025-10-20,2025-10-21,2025-10-28,25901.19921875,4,F+4,2025-11-25,25900.0,EXECUTABLE,197.95,112.05,483.5,264.9,25.6,3.45,427.05,234.9,-132.70000000000005,-0.005123314904428745,1.033167829825359,1.19921875,0.004629973847434368,True,2702.0,1351516.0,75.0,75.0,37.29999999999998,2797.4999999999986,
C_20251021,OOS,2025-10-20,2025-10-21,2025-10-28,25901.19921875,1,F+1,2025-11-04,25900.0,ADAPTIVE_SELECTED,197.95,112.05,247.0,165.05,25.6,3.45,211.1,120.7,3.9499999999999886,,0.8471060420200726,,,True,,,75.0,75.0,72.2,5415.0,0.00015250259135262607
C_20251029,OOS,2025-10-28,2025-10-29,2025-11-04,25982.0,1,F+1,2025-11-11,26000.0,EXECUTABLE,188.0,150.0,258.1,201.9,0.2,399.05,28.9,391.15,-18.200000000000017,-0.0007004849511200068,1.0199645916980178,18.0,0.06927873142945115,True,62164.0,6916556.0,75.0,75.0,18.400000000000034,1380.0000000000018,
C_20251029,OOS,2025-10-28,2025-10-29,2025-11-04,25982.0,2,F+2,2025-11-18,26000.0,EXECUTABLE,188.0,150.0,380.3,210.7,0.2,399.05,90.75,413.1,-131.60000000000002,-0.00506504503117543,1.440108453079401,18.0,0.06927873142945115,True,4274.0,6798237.0,75.0,75.0,-55.10000000000002,-4132.500000000002,
C_20251029,OOS,2025-10-28,2025-10-29,2025-11-04,25982.0,3,F+3,2025-11-25,26000.0,EXECUTABLE,188.0,150.0,400.0,265.0,0.2,399.05,155.55,438.7,-97.0,-0.003733353860364868,1.2043356081894823,18.0,0.06927873142945115,True,82015.0,6989603.0,75.0,75.0,18.700000000000045,1402.5,
C_20251029,OOS,2025-10-28,2025-10-29,2025-11-04,25982.0,4,F+4,2025-12-02,26000.0,EXECUTABLE,188.0,150.0,460.0,275.0,0.2,399.05,209.35,452.2,-147.0,-0.005657763066738511,1.3346228239845261,18.0,0.06927873142945115,True,475.0,6790191.0,75.0,75.0,9.000000000000028,675.0,
C_20251029,OOS,2025-10-28,2025-10-29,2025-11-04,25982.0,1,F+1,2025-11-11,26000.0,ADAPTIVE_SELECTED,188.0,150.0,258.1,201.9,0.2,399.05,28.9,391.15,-18.200000000000017,,1.0199645916980178,,,True,,,75.0,75.0,18.400000000000034,1380.0000000000018,-0.0007004849511200068
C_20251106,OOS,2025-11-04,2025-11-06,2025-11-11,25593.349609375,1,F+1,2025-11-18,25600.0,EXECUTABLE,111.3,123.05,267.25,192.0,91.25,0.2,251.2,86.2,-87.0,-0.003399320578504166,1.5388735633797546,6.650390625,0.025984838743280097,True,53693.0,6876630.0,75.0,75.0,-13.050000000000011,-978.75,
C_20251106,OOS,2025-11-04,2025-11-06,2025-11-11,25593.349609375,2,F+2,2025-11-25,25600.0,EXECUTABLE,111.3,123.05,341.95,210.05,91.25,0.2,347.25,135.15,-143.64999999999998,-0.005612786219564636,1.7998088206012643,6.650390625,0.025984838743280097,True,46003.0,6861886.0,75.0,75.0,-22.59999999999998,-1694.999999999999,
C_20251106,OOS,2025-11-04,2025-11-06,2025-11-11,25593.349609375,3,F+3,2025-12-02,25600.0,EXECUTABLE,111.3,123.05,436.4,284.15,91.25,0.2,424.9,163.1,-164.0,-0.006407914653731991,1.697944674767307,6.650390625,0.025984838743280097,True,502.0,6763626.0,75.0,75.0,6.749999999999986,506.2499999999982,
C_20251106,OOS,2025-11-04,2025-11-06,2025-11-11,25593.349609375,4,F+4,2025-12-09,25600.0,NO_ENTRY_LEG,,,,,,,,,,,,,,,,,,,,,
C_20251106,OOS,2025-11-04,2025-11-06,2025-11-11,25593.349609375,1,F+1,2025-11-18,25600.0,ADAPTIVE_SELECTED,111.3,123.05,267.25,192.0,91.25,0.2,251.2,86.2,-87.0,,1.5388735633797546,,,True,,,75.0,75.0,-13.050000000000011,-978.75,-0.003399320578504166
C_20251112,OOS,2025-11-11,2025-11-12,2025-11-18,25834.30078125,1,F+1,2025-11-25,25850.0,EXECUTABLE,171.0,125.05,260.3,185.2,66.8,0.25,216.85,116.1,-29.150000000000034,-0.0011283448407148878,1.0278287736981042,15.69921875,0.06076889358427757,True,16992.0,3382509.0,75.0,75.0,5.049999999999983,378.7499999999982,
C_20251112,OOS,2025-11-11,2025-11-12,2025-11-18,25834.30078125,2,F+2,2025-12-02,25850.0,EXECUTABLE,171.0,125.05,330.3,214.35,66.8,0.25,312.65,157.85,-70.0,-0.002709575946828201,1.126867027611015,15.69921875,0.06076889358427757,True,423.0,3346677.0,75.0,75.0,18.24999999999997,1368.7499999999973,
C_20251112,OOS,2025-11-11,2025-11-12,2025-11-18,25834.30078125,3,F+3,2025-12-09,25850.0,NO_ENTRY_LEG,,,,,,,,,,,,,,,,,,,,,
C_20251112,OOS,2025-11-11,2025-11-12,2025-11-18,25834.30078125,4,F+4,2025-12-16,25850.0,EXECUTABLE,171.0,125.05,463.15,231.25,66.8,0.25,442.8,218.7,-185.95,-0.007197794961610056,1.4646286075549233,15.69921875,0.06076889358427757,True,2.0,3345565.0,75.0,75.0,-28.39999999999995,-2129.9999999999964,
C_20251112,OOS,2025-11-11,2025-11-12,2025-11-18,25834.30078125,1,F+1,2025-11-25,25850.0,ADAPTIVE_SELECTED,171.0,125.05,260.3,185.2,66.8,0.25,216.85,116.1,-29.150000000000034,,1.0278287736981042,,,True,,,75.0,75.0,5.049999999999983,378.7499999999982,-0.0011283448407148878
C_20251119,OOS,2025-11-18,2025-11-19,2025-11-25,25918.099609375,1,F+1,2025-12-02,25900.0,EXECUTABLE,181.0,131.0,281.35,177.5,2.35,17.95,160.65,129.5,-53.85000000000002,-0.002077698628047621,1.1472056649287994,18.099609375,0.0698338599194714,True,37147.0,4978505.0,75.0,75.0,-7.1000000000000085,-532.5000000000018,
C_20251119,OOS,2025-11-18,2025-11-19,2025-11-25,25918.099609375,2,F+2,2025-12-09,25900.0,EXECUTABLE,181.0,131.0,345.5,230.0,2.35,17.95,249.05,177.5,-65.5,-0.0025271914602993336,1.087208743694451,18.099609375,0.0698338599194714,True,1503.0,4883766.0,75.0,75.0,21.65000000000002,1623.750000000001,
C_20251119,OOS,2025-11-18,2025-11-19,2025-11-25,25918.099609375,3,F+3,2025-12-16,25900.0,EXECUTABLE,181.0,131.0,400.0,247.3,2.35,17.95,319.2,213.55,-102.69999999999999,-0.003962481877446436,1.1706541141566487,18.099609375,0.0698338599194714,True,309.0,4879759.0,75.0,75.0,18.549999999999997,1391.249999999999,
C_20251119,OOS,2025-11-18,2025-11-19,2025-11-25,25918.099609375,4,F+4,2025-12-23,25900.0,EXECUTABLE,181.0,131.0,444.4,260.0,2.35,17.95,378.95,240.3,-134.39999999999998,-0.0051855653780798535,1.2370675733106673,18.099609375,0.0698338599194714,True,25.0,4879222.0,75.0,75.0,19.85000000000001,1488.75,
C_20251119,OOS,2025-11-18,2025-11-19,2025-11-25,25918.099609375,1,F+1,2025-12-02,25900.0,ADAPTIVE_SELECTED,181.0,131.0,281.35,177.5,2.35,17.95,160.65,129.5,-53.85000000000002,,1.1472056649287994,,,True,,,75.0,75.0,-7.1000000000000085,-532.5000000000018,-0.002077698628047621
C_20251126,OOS,2025-11-25,2025-11-26,2025-12-02,25842.94921875,1,F+1,2025-12-09,25850.0,EXECUTABLE,213.0,98.0,292.7,190.0,174.1,0.15,310.7,48.25,12.300000000000011,0.0004759518697299422,0.708786755621448,7.05078125,0.027283191211335902,True,1499.0,721918.0,75.0,75.0,100.80000000000001,7560.0,
C_20251126,OOS,2025-11-25,2025-11-26,2025-12-02,25842.94921875,2,F+2,2025-12-16,25850.0,EXECUTABLE,213.0,98.0,407.0,185.0,174.1,0.15,392.1,89.6,-107.0,-0.004140394313910875,1.0122065727699532,7.05078125,0.027283191211335902,True,144.0,712260.0,75.0,75.0,21.55000000000004,1616.2500000000018,
C_20251126,OOS,2025-11-25,2025-11-26,2025-12-02,25842.94921875,3,F+3,2025-12-23,25850.0,EXECUTABLE,213.0,98.0,515.0,175.0,174.1,0.15,466.45,124.7,-225.0,-0.008706436641401373,1.3539906103286385,7.05078125,0.027283191211335902,True,4.0,711782.0,75.0,75.0,-57.2,-4290.000000000001,
C_20251126,OOS,2025-11-25,2025-11-26,2025-12-02,25842.94921875,4,F+4,2025-12-24,25850.0,NO_ENTRY_LEG,,,,,,,,,,,,,,,,,,,,,
C_20251126,OOS,2025-11-25,2025-11-26,2025-12-02,25842.94921875,1,F+1,2025-12-09,25850.0,ADAPTIVE_SELECTED,213.0,98.0,292.7,190.0,174.1,0.15,310.7,48.25,12.300000000000011,,0.708786755621448,,,True,,,75.0,75.0,100.80000000000001,7560.0,0.0004759518697299422
C_20251203,OOS,2025-12-02,2025-12-03,2025-12-09,26004.900390625,1,F+1,2025-12-16,26000.0,EXECUTABLE,195.0,93.1,284.95,139.0,0.2,159.6,82.8,199.2,-44.04999999999998,-0.001693911506612823,0.9787435897435897,4.900390625,0.018844104577945758,True,63579.0,6290941.0,75.0,75.0,-1.0499999999999545,-78.74999999999727,
C_20251203,OOS,2025-12-02,2025-12-03,2025-12-09,26004.900390625,2,F+2,2025-12-23,26000.0,EXECUTABLE,195.0,93.1,323.65,153.05,0.2,159.6,157.85,233.75,-68.69999999999996,-0.0026418097730828813,1.009618609638211,4.900390625,0.018844104577945758,True,5300.0,6172105.0,75.0,75.0,14.80000000000004,1110.0000000000027,
C_20251203,OOS,2025-12-02,2025-12-03,2025-12-09,26004.900390625,3,F+3,2025-12-24,26000.0,NO_ENTRY_LEG,,,,,,,,,,,,,,,,,,,,,
C_20251203,OOS,2025-12-02,2025-12-03,2025-12-09,26004.900390625,4,F+4,2025-12-30,26000.0,EXECUTABLE,195.0,93.1,411.0,209.3,0.2,159.6,222.9,256.25,-99.79999999999995,-0.0038377382147550447,0.9375353743246719,4.900390625,0.018844104577945758,True,82021.0,6333255.0,75.0,75.0,26.25000000000003,1968.750000000001,
C_20251203,OOS,2025-12-02,2025-12-03,2025-12-09,26004.900390625,1,F+1,2025-12-16,26000.0,ADAPTIVE_SELECTED,195.0,93.1,284.95,139.0,0.2,159.6,82.8,199.2,-44.04999999999998,,0.9787435897435897,,,True,,,75.0,75.0,-1.0499999999999545,-78.74999999999727,-0.001693911506612823
C_20251210,OOS,2025-12-09,2025-12-10,2025-12-16,25864.05078125,1,F+1,2025-12-23,25850.0,EXECUTABLE,149.8,139.95,229.95,168.55,18.1,0.35,159.6,102.95,-51.549999999999955,-0.0019931139339306758,1.2745760291879331,14.05078125,0.05432552452373793,True,15689.0,4945997.0,75.0,75.0,-12.649999999999963,-948.7499999999973,
C_20251210,OOS,2025-12-09,2025-12-10,2025-12-16,25864.05078125,2,F+2,2025-12-24,25850.0,NO_ENTRY_LEG,,,,,,,,,,,,,,,,,,,,,
C_20251210,OOS,2025-12-09,2025-12-10,2025-12-16,25864.05078125,3,F+3,2025-12-30,25850.0,EXECUTABLE,149.8,139.95,303.0,201.0,18.1,0.35,238.8,140.15,-92.14999999999998,-0.003562860310605468,1.4083404738656515,14.05078125,0.05432552452373793,True,9497.0,4934642.0,75.0,75.0,-11.249999999999972,-843.7499999999973,
C_20251210,OOS,2025-12-09,2025-12-10,2025-12-16,25864.05078125,4,F+4,2026-01-06,25850.0,NO_ENTRY_LEG,,,,,,,,,,,,,,,,,,,,,
C_20251210,OOS,2025-12-09,2025-12-10,2025-12-16,25864.05078125,1,F+1,2025-12-23,25850.0,ADAPTIVE_SELECTED,149.8,139.95,229.95,168.55,18.1,0.35,159.6,102.95,-51.549999999999955,,1.2745760291879331,,,True,,,75.0,75.0,-12.649999999999963,-948.7499999999973,-0.0019931139339306758
C_20251217,OOS,2025-12-16,2025-12-17,2025-12-23,25902.400390625,1,F+1,2025-12-24,25900.0,NO_ENTRY_LEG,,,,,,,,,,,,,,,,,,,,,
C_20251217,OOS,2025-12-16,2025-12-17,2025-12-23,25902.400390625,2,F+2,2025-12-30,25900.0,EXECUTABLE,133.0,121.0,222.0,168.0,279.9,0.15,330.6,25.05,-42.0,-0.0016214713449955508,1.202201933404941,2.400390625,0.009267058607698716,True,93806.0,5941645.0,75.0,75.0,-16.19999999999999,-1214.9999999999982,
C_20251217,OOS,2025-12-16,2025-12-17,2025-12-23,25902.400390625,3,F+3,2026-01-06,25900.0,EXECUTABLE,133.0,121.0,281.05,187.0,279.9,0.15,422.7,53.6,-82.05000000000001,-0.0031676600918305944,1.3673374613003098,2.400390625,0.009267058607698716,True,3367.0,5748977.0,75.0,65.0,7.299999999999983,-2203.000000000002,
C_20251217,OOS,2025-12-16,2025-12-17,2025-12-23,25902.400390625,4,F+4,2026-01-13,25900.0,EXECUTABLE,133.0,121.0,327.6,223.9,279.9,0.15,482.15,80.75,-91.70000000000002,-0.00354021243657362,1.3311393714299147,2.400390625,0.009267058607698716,True,338.0,5741307.0,75.0,65.0,29.94999999999996,-730.7500000000036,
C_20251217,OOS,2025-12-16,2025-12-17,2025-12-23,25902.400390625,2,F+2,2025-12-30,25900.0,ADAPTIVE_SELECTED,133.0,121.0,222.0,168.0,279.9,0.15,330.6,25.05,-42.0,,1.202201933404941,,,True,,,75.0,75.0,-16.19999999999999,-1214.9999999999982,-0.0016214713449955508
C_20251226,OOS,2025-12-24,2025-12-26,2025-12-30,26121.25,1,F+1,2026-01-06,26100.0,EXECUTABLE,130.55,63.0,201.1,105.0,0.15,163.1,67.2,164.2,-28.549999999999983,-0.001092979853567497,0.924243584833397,21.25,0.08135139015169641,True,129935.0,9989444.0,75.0,65.0,37.400000000000034,4736.000000000003,
C_20251226,OOS,2025-12-24,2025-12-26,2025-12-30,26121.25,2,F+2,2026-01-13,26100.0,EXECUTABLE,130.55,63.0,281.95,153.0,0.15,163.1,136.85,191.5,-61.39999999999998,-0.002350576637794898,0.8892919097934079,21.25,0.08135139015169641,True,7858.0,9736914.0,75.0,65.0,46.900000000000006,5353.5,
C_20251226,OOS,2025-12-24,2025-12-26,2025-12-30,26121.25,3,F+3,2026-01-20,26100.0,EXECUTABLE,130.55,63.0,335.2,154.4,0.15,163.1,206.4,218.3,-113.24999999999997,-0.00433555055749629,1.0476600591757073,21.25,0.08135139015169641,True,353.0,9722021.0,75.0,65.0,37.80000000000001,4762.000000000002,
C_20251226,OOS,2025-12-24,2025-12-26,2025-12-30,26121.25,4,F+4,2026-01-27,26100.0,EXECUTABLE,130.55,63.0,420.0,190.0,0.15,163.1,270.75,250.6,-162.45,-0.006219074508302626,1.0667419218287004,21.25,0.08135139015169641,True,11532.0,9751789.0,75.0,65.0,20.650000000000006,3647.2500000000005,
C_20251226,OOS,2025-12-24,2025-12-26,2025-12-30,26121.25,1,F+1,2026-01-06,26100.0,ADAPTIVE_SELECTED,130.55,63.0,201.1,105.0,0.15,163.1,67.2,164.2,-28.549999999999983,,0.924243584833397,,,True,,,75.0,65.0,37.400000000000034,4736.000000000003,-0.001092979853567497
C_20251231,OOS,2025-12-30,2025-12-31,2026-01-06,25971.05078125,1,F+1,2026-01-13,25950.0,EXECUTABLE,158.0,80.0,236.9,123.0,226.4,0.1,287.7,29.55,-35.900000000000006,-0.0013823083364004004,0.9751981064114438,21.05078125,0.08105479222734327,True,8031.0,2333204.0,65.0,65.0,-4.050000000000026,-263.2500000000009,
C_20251231,OOS,2025-12-30,2025-12-31,2026-01-06,25971.05078125,2,F+2,2026-01-20,25950.0,EXECUTABLE,158.0,80.0,323.95,131.55,226.4,0.1,361.5,64.15,-114.39999999999998,-0.004404904559448628,1.246866715740754,21.05078125,0.08105479222734327,True,507.0,2307965.0,65.0,65.0,-43.349999999999994,-2817.749999999999,
C_20251231,OOS,2025-12-30,2025-12-31,2026-01-06,25971.05078125,3,F+3,2026-01-27,25950.0,EXECUTABLE,158.0,80.0,379.95,195.4,226.4,0.1,433.45,93.95,-106.55000000000001,-0.004102644937143806,0.9845432284311312,21.05078125,0.08105479222734327,True,2759.0,2320461.0,65.0,65.0,6.6499999999999915,432.25,
C_20251231,OOS,2025-12-30,2025-12-31,2026-01-06,25971.05078125,4,F+4,2026-02-03,25950.0,EXECUTABLE,158.0,80.0,474.65,206.3,226.4,0.1,571.5,154.05,-190.34999999999997,-0.007329314535760895,1.164949655472858,21.05078125,0.08105479222734327,True,7.0,2306761.0,65.0,65.0,0.8000000000000114,52.00000000000182,
C_20251231,OOS,2025-12-30,2025-12-31,2026-01-06,25971.05078125,1,F+1,2026-01-13,25950.0,ADAPTIVE_SELECTED,158.0,80.0,236.9,123.0,226.4,0.1,287.7,29.55,-35.900000000000006,,0.9751981064114438,,,True,,,65.0,65.0,-4.050000000000026,-263.2500000000009,-0.0013823083364004004
C_20260107,OOS,2026-01-06,2026-01-07,2026-01-13,26143.099609375,1,F+1,2026-01-20,26150.0,EXECUTABLE,127.0,98.0,190.0,140.95,0.1,413.45,25.15,417.6,-20.05000000000001,-0.0007669327776577042,1.0401856915810321,6.900390625,0.026394692014735304,True,27883.0,8205590.0,65.0,65.0,0.8499999999999659,55.24999999999636,
C_20260107,OOS,2026-01-06,2026-01-07,2026-01-13,26143.099609375,2,F+2,2026-01-27,26150.0,EXECUTABLE,127.0,98.0,287.65,170.95,0.1,413.45,66.35,419.55,-87.69999999999999,-0.003354613695789557,1.298427269565858,6.900390625,0.026394692014735304,True,11043.0,8170730.0,65.0,65.0,-27.549999999999983,-1790.75,
C_20260107,OOS,2026-01-06,2026-01-07,2026-01-13,26143.099609375,3,F+3,2026-02-03,26150.0,EXECUTABLE,127.0,98.0,403.65,234.7,0.1,413.45,154.6,465.5,-139.95,-0.005353229039062127,1.3271323082910333,6.900390625,0.026394692014735304,True,68.0,8145431.0,65.0,65.0,-37.49999999999997,-2437.499999999998,
C_20260107,OOS,2026-01-06,2026-01-07,2026-01-13,26143.099609375,4,F+4,2026-02-10,26150.0,NO_ENTRY_LEG,,,,,,,,,,,,,,,,,,,,,
C_20260107,OOS,2026-01-06,2026-01-07,2026-01-13,26143.099609375,1,F+1,2026-01-20,26150.0,ADAPTIVE_SELECTED,127.0,98.0,190.0,140.95,0.1,413.45,25.15,417.6,-20.05000000000001,,1.0401856915810321,,,True,,,65.0,65.0,0.8499999999999659,55.24999999999636,-0.0007669327776577042
C_20260114,OOS,2026-01-13,2026-01-14,2026-01-20,25648.55078125,1,F+1,2026-01-27,25650.0,EXECUTABLE,171.2,106.95,256.2,149.95,0.25,383.9,38.15,426.5,-42.0,-0.0016375194200330214,1.0673569538755912,1.44921875,0.005650294873811858,True,21892.0,4385438.0,65.0,65.0,-46.70000000000002,-3035.499999999998,
C_20260114,OOS,2026-01-13,2026-01-14,2026-01-20,25648.55078125,2,F+2,2026-02-03,25650.0,EXECUTABLE,171.2,106.95,365.75,214.65,0.25,383.9,145.3,457.4,-86.85000000000002,-0.0033861562292825703,1.0644627556051909,1.44921875,0.005650294873811858,True,591.0,4320302.0,65.0,65.0,-15.299999999999983,-994.4999999999982,
C_20260114,OOS,2026-01-13,2026-01-14,2026-01-20,25648.55078125,3,F+3,2026-02-10,25650.0,EXECUTABLE,171.2,106.95,417.0,224.0,0.25,383.9,189.95,362.8,-128.75,-0.0050197767935536075,1.1629607706108145,1.44921875,0.005650294873811858,True,20.0,4318934.0,65.0,65.0,82.04999999999995,5333.25,
C_20260114,OOS,2026-01-13,2026-01-14,2026-01-20,25648.55078125,4,F+4,2026-02-17,25650.0,NO_ENTRY_LEG,,,,,,,,,,,,,,,,,,,,,
C_20260114,OOS,2026-01-13,2026-01-14,2026-01-20,25648.55078125,1,F+1,2026-01-27,25650.0,ADAPTIVE_SELECTED,171.2,106.95,256.2,149.95,0.25,383.9,38.15,426.5,-42.0,,1.0673569538755912,,,True,,,65.0,65.0,-46.70000000000002,-3035.499999999998,-0.0016375194200330214
C_20260121,OOS,2026-01-20,2026-01-21,2026-01-27,25141.0,1,F+1,2026-02-03,25150.0,EXECUTABLE,216.75,120.0,371.45,219.65,15.95,6.9,321.1,192.85,-55.05000000000001,-0.0021896503719024706,0.9362488450877732,9.0,0.035798098723201145,True,15907.0,5103283.0,65.0,65.0,64.15000000000006,4169.750000000003,
C_20260121,OOS,2026-01-20,2026-01-21,2026-01-27,25141.0,2,F+2,2026-02-10,25150.0,EXECUTABLE,216.75,120.0,460.0,234.85,15.95,6.9,409.5,239.05,-128.39999999999998,-0.0051071954178433625,1.0843997456964727,9.0,0.035798098723201145,True,1057.0,5062992.0,65.0,65.0,33.0,2144.999999999999,
C_20260121,OOS,2026-01-20,2026-01-21,2026-01-27,25141.0,3,F+3,2026-02-17,25150.0,EXECUTABLE,216.75,120.0,463.5,318.15,15.95,6.9,478.5,255.8,-48.60000000000002,-0.0019330973310528628,0.8065660743039208,9.0,0.035798098723201145,True,14.0,5060908.0,65.0,65.0,165.04999999999998,10728.249999999998,
C_20260121,OOS,2026-01-20,2026-01-21,2026-01-27,25141.0,4,F+4,2026-02-24,25150.0,EXECUTABLE,216.75,120.0,529.0,289.95,15.95,6.9,523.35,293.05,-142.3,-0.005660077164790582,1.010077504115672,9.0,0.035798098723201145,True,1359.0,5064800.0,65.0,65.0,78.95000000000002,5131.75,
C_20260121,OOS,2026-01-20,2026-01-21,2026-01-27,25141.0,3,F+3,2026-02-17,25150.0,ADAPTIVE_SELECTED,216.75,120.0,463.5,318.15,15.95,6.9,478.5,255.8,-48.60000000000002,,0.8065660743039208,,,True,,,65.0,65.0,165.04999999999998,10728.249999999998,-0.0019330973310528628
C_20260128,OOS,2026-01-27,2026-01-28,2026-02-03,25258.849609375,1,F+1,2026-02-10,25250.0,EXECUTABLE,283.0,211.0,380.0,274.2,478.1,0.3,551.25,43.05,-33.80000000000001,-0.0013381448689355553,1.0332660640784757,8.849609375,0.03503567863088826,True,10371.0,2984432.0,65.0,65.0,-3.400000000000034,-221.00000000000182,
C_20260128,OOS,2026-01-27,2026-01-28,2026-02-03,25258.849609375,2,F+2,2026-02-17,25250.0,EXECUTABLE,283.0,211.0,443.25,294.0,478.1,0.3,604.4,79.7,-77.25,-0.0030583340569606985,1.1240805509482945,8.849609375,0.03503567863088826,True,374.0,2963716.0,65.0,65.0,-30.350000000000023,-1972.7500000000018,
C_20260128,OOS,2026-01-27,2026-01-28,2026-02-03,25258.849609375,3,F+3,2026-02-24,25250.0,EXECUTABLE,283.0,211.0,491.5,309.95,478.1,0.3,661.2,103.55,-109.55000000000001,-0.004337093798576629,1.1823005762356518,8.849609375,0.03503567863088826,True,4758.0,2974303.0,65.0,65.0,-29.69999999999999,-1930.4999999999982,
C_20260128,OOS,2026-01-27,2026-01-28,2026-02-03,25258.849609375,4,F+4,2026-03-02,25250.0,EXECUTABLE,283.0,211.0,503.5,377.3,478.1,0.3,793.1,250.0,-54.19999999999999,-0.0021457826004824573,0.994967029076786,8.849609375,0.03503567863088826,True,8.0,2962916.0,65.0,65.0,11.100000000000023,721.5,
C_20260128,OOS,2026-01-27,2026-01-28,2026-02-03,25258.849609375,1,F+1,2026-02-10,25250.0,ADAPTIVE_SELECTED,283.0,211.0,380.0,274.2,478.1,0.3,551.25,43.05,-33.80000000000001,,1.0332660640784757,,,True,,,65.0,65.0,-3.400000000000034,-221.00000000000182,-0.0013381448689355553
C_20260204,OOS,2026-02-03,2026-02-04,2026-02-10,25675.05078125,1,F+1,2026-02-17,25700.0,EXECUTABLE,199.2,180.0,269.05,231.0,244.65,0.15,310.7,52.95,-18.850000000000023,-0.0007341757631017352,1.0524565795650132,24.94921875,0.09717300644335995,True,25761.0,5722561.0,65.0,65.0,-5.600000000000023,-364.0000000000018,
C_20260204,OOS,2026-02-03,2026-02-04,2026-02-10,25675.05078125,2,F+2,2026-02-24,25700.0,EXECUTABLE,199.2,180.0,330.0,241.0,244.65,0.15,377.4,94.1,-69.80000000000001,-0.0027185924808753883,1.2373144028395742,24.94921875,0.09717300644335995,True,47311.0,5772577.0,65.0,65.0,-31.00000000000003,-2015.0000000000018,
C_20260204,OOS,2026-02-03,2026-02-04,2026-02-10,25675.05078125,3,F+3,2026-03-02,25700.0,EXECUTABLE,199.2,180.0,361.55,285.0,244.65,0.15,443.05,127.2,-57.35000000000002,-0.0022336859423811397,1.1463221306277744,24.94921875,0.09717300644335995,True,506.0,5666839.0,65.0,65.0,14.0,910.0,
C_20260204,OOS,2026-02-03,2026-02-04,2026-02-10,25675.05078125,4,F+4,2026-03-10,25700.0,EXECUTABLE,199.2,180.0,460.6,305.0,244.65,0.15,501.7,159.15,-136.40000000000003,-0.005312550349447034,1.3646059648429787,24.94921875,0.09717300644335995,True,2.0,5665337.0,65.0,65.0,-38.35000000000005,-2492.750000000002,
C_20260204,OOS,2026-02-03,2026-02-04,2026-02-10,25675.05078125,1,F+1,2026-02-17,25700.0,ADAPTIVE_SELECTED,199.2,180.0,269.05,231.0,244.65,0.15,310.7,52.95,-18.850000000000023,,1.0524565795650132,,,True,,,65.0,65.0,-5.600000000000023,-364.0000000000018,-0.0007341757631017352
C_20260211,OOS,2026-02-10,2026-02-11,2026-02-17,25997.44921875,1,F+1,2026-02-24,26000.0,EXECUTABLE,125.3,139.0,211.35,184.0,0.1,272.1,54.15,310.5,-41.04999999999998,-0.001579001064858075,1.2742309760921613,2.55078125,0.00981165970760052,True,174423.0,8257961.0,65.0,65.0,-25.399999999999977,-1651.0,
C_20260211,OOS,2026-02-10,2026-02-11,2026-02-17,25997.44921875,2,F+2,2026-03-02,26000.0,EXECUTABLE,125.3,139.0,261.0,205.05,0.1,272.1,115.8,336.55,-69.64999999999998,-0.0026791089931148585,1.412031752907871,2.55078125,0.00981165970760052,True,5206.0,7914808.0,65.0,65.0,-18.399999999999977,-1196.0,
C_20260211,OOS,2026-02-10,2026-02-11,2026-02-17,25997.44921875,3,F+3,2026-03-10,26000.0,EXECUTABLE,125.3,139.0,338.15,241.0,0.1,272.1,178.4,361.95,-110.84999999999997,-0.004263879854799455,1.5565249211022176,2.55078125,0.00981165970760052,True,732.0,7904192.0,65.0,65.0,-22.39999999999995,-1455.9999999999973,
C_20260211,OOS,2026-02-10,2026-02-11,2026-02-17,25997.44921875,4,F+4,2026-03-17,26000.0,EXECUTABLE,125.3,139.0,383.6,249.45,0.1,272.1,234.2,385.6,-147.85000000000002,-0.0056870964053414505,1.7059206231362631,2.55078125,0.00981165970760052,True,15.0,7902749.0,65.0,65.0,-27.250000000000057,-1771.2500000000036,
C_20260211,OOS,2026-02-10,2026-02-11,2026-02-17,25997.44921875,1,F+1,2026-02-24,26000.0,ADAPTIVE_SELECTED,125.3,139.0,211.35,184.0,0.1,272.1,54.15,310.5,-41.04999999999998,,1.2742309760921613,,,True,,,65.0,65.0,-25.399999999999977,-1651.0,-0.001579001064858075
C_20260218,OOS,2026-02-17,2026-02-18,2026-02-24,25752.650390625,1,F+1,2026-03-02,25750.0,EXECUTABLE,160.0,148.0,241.2,178.65,0.15,327.6,67.25,345.65,-50.54999999999998,-0.0019629047586652367,1.248866498740554,2.650390625,0.010291719822224002,True,34797.0,5525019.0,65.0,65.0,-1.4999999999999147,-97.49999999999818,
C_20260218,OOS,2026-02-17,2026-02-18,2026-02-24,25752.650390625,2,F+2,2026-03-10,25750.0,EXECUTABLE,160.0,148.0,315.15,229.05,0.15,327.6,149.95,381.05,-74.09999999999997,-0.002877373741188804,1.2727079240340535,2.650390625,0.010291719822224002,True,1247.0,5456438.0,65.0,65.0,22.250000000000057,1446.25,
C_20260218,OOS,2026-02-17,2026-02-18,2026-02-24,25752.650390625,3,F+3,2026-03-17,25750.0,EXECUTABLE,160.0,148.0,369.85,250.0,0.15,327.6,217.0,451.95,-107.85000000000002,-0.004187918461365893,1.368445,2.650390625,0.010291719822224002,True,47.0,5453697.0,65.0,65.0,-15.349999999999966,-997.7500000000018,
C_20260218,OOS,2026-02-17,2026-02-18,2026-02-24,25752.650390625,4,F+4,2026-03-24,25750.0,EXECUTABLE,160.0,148.0,387.35,291.75,0.15,327.6,253.75,436.0,-83.60000000000002,-0.003246267810571986,1.228101970865467,2.650390625,0.010291719822224002,True,34.0,5453583.0,65.0,65.0,61.60000000000002,4003.999999999998,
C_20260218,OOS,2026-02-17,2026-02-18,2026-02-24,25752.650390625,1,F+1,2026-03-02,25750.0,ADAPTIVE_SELECTED,160.0,148.0,241.2,178.65,0.15,327.6,67.25,345.65,-50.54999999999998,,1.248866498740554,,,True,,,65.0,65.0,-1.4999999999999147,-97.49999999999818,-0.0019629047586652367
C_20260225,OOS,2026-02-24,2026-02-25,2026-03-02,25512.599609375,1,F+1,2026-03-10,25500.0,EXECUTABLE,174.4,159.0,300.0,216.0,0.1,640.4,46.35,660.6,-68.6,-0.0026888675027374265,1.2662461773700306,12.599609375,0.04938583118895527,True,60900.0,7499129.0,65.0,65.0,-42.549999999999955,-2765.75,
C_20260225,OOS,2026-02-24,2026-02-25,2026-03-02,25512.599609375,2,F+2,2026-03-17,25500.0,EXECUTABLE,174.4,159.0,370.0,247.05,0.1,640.4,104.8,678.3,-107.54999999999995,-0.004215564138766911,1.365423928967319,12.599609375,0.04938583118895527,True,4175.0,7368103.0,65.0,65.0,-40.749999999999886,-2648.7499999999964,
C_20260225,OOS,2026-02-24,2026-02-25,2026-03-02,25512.599609375,3,F+3,2026-03-24,25500.0,EXECUTABLE,174.4,159.0,430.0,269.8,0.1,640.4,152.35,701.25,-144.79999999999995,-0.00567562703201719,1.4530386082793232,12.599609375,0.04938583118895527,True,2312.0,7363413.0,65.0,65.0,-53.39999999999992,-3471.0,
C_20260225,OOS,2026-02-24,2026-02-25,2026-03-02,25512.599609375,4,F+4,2026-03-26,25500.0,NO_ENTRY_LEG,,,,,,,,,,,,,,,,,,,,,
C_20260225,OOS,2026-02-24,2026-02-25,2026-03-02,25512.599609375,1,F+1,2026-03-10,25500.0,ADAPTIVE_SELECTED,174.4,159.0,300.0,216.0,0.1,640.4,46.35,660.6,-68.6,,1.2662461773700306,,,True,,,65.0,65.0,-42.549999999999955,-2765.75,-0.0026888675027374265
C_20260304,OOS,2026-03-02,2026-03-04,2026-03-10,24388.80078125,1,F+1,2026-03-17,24400.0,EXECUTABLE,299.85,200.0,351.05,342.6,0.3,148.1,232.15,296.5,91.40000000000003,0.003747621739165951,0.6834512800280272,11.19921875,0.04591951383935986,True,32756.0,4582786.0,65.0,65.0,174.85000000000002,11365.250000000002,
C_20260304,OOS,2026-03-02,2026-03-04,2026-03-10,24388.80078125,2,F+2,2026-03-24,24400.0,EXECUTABLE,299.85,200.0,448.45,389.15,0.3,148.1,344.5,378.45,40.55000000000001,0.001662648375527126,0.7686399197714407,11.19921875,0.04591951383935986,True,4438.0,4519387.0,65.0,65.0,154.4,10036.0,
C_20260304,OOS,2026-03-02,2026-03-04,2026-03-10,24388.80078125,3,F+3,2026-03-26,24400.0,NO_ENTRY_LEG,,,,,,,,,,,,,,,,,,,,,
C_20260304,OOS,2026-03-02,2026-03-04,2026-03-10,24388.80078125,4,F+4,2026-03-30,24400.0,EXECUTABLE,299.85,200.0,453.25,374.0,0.3,148.1,412.7,418.65,20.600000000000023,0.0008446499762233988,0.808336432030632,11.19921875,0.04591951383935986,True,53130.0,4628766.0,65.0,65.0,162.45000000000002,10559.250000000002,
C_20260304,OOS,2026-03-02,2026-03-04,2026-03-10,24388.80078125,1,F+1,2026-03-17,24400.0,ADAPTIVE_SELECTED,299.85,200.0,351.05,342.6,0.3,148.1,232.15,296.5,91.40000000000003,,0.6834512800280272,,,True,,,65.0,65.0,174.85000000000002,11365.250000000002,0.003747621739165951
C_20260311,OOS,2026-03-10,2026-03-11,2026-03-17,24231.849609375,1,F+1,2026-03-24,24250.0,EXECUTABLE,298.0,241.0,400.0,331.4,0.1,664.3,34.1,690.1,-11.600000000000023,-0.0004787088145146018,0.9761313605489018,18.150390625,0.0749030343023334,True,3778.0,1336561.0,65.0,65.0,-3.400000000000091,-221.00000000000364,
C_20260311,OOS,2026-03-10,2026-03-11,2026-03-17,24231.849609375,2,F+2,2026-03-26,24250.0,NO_ENTRY_LEG,,,,,,,,,,,,,,,,,,,,,
C_20260311,OOS,2026-03-10,2026-03-11,2026-03-17,24231.849609375,3,F+3,2026-03-30,24250.0,EXECUTABLE,298.0,241.0,477.15,379.0,0.1,664.3,94.15,717.9,-41.14999999999998,-0.0016981782514892943,1.0181610915337074,18.150390625,0.0749030343023334,True,5184.0,1339012.0,65.0,65.0,-0.7000000000000455,-45.5,
C_20260311,OOS,2026-03-10,2026-03-11,2026-03-17,24231.849609375,4,F+4,2026-03-31,24250.0,NO_ENTRY_LEG,,,,,,,,,,,,,,,,,,,,,
C_20260311,OOS,2026-03-10,2026-03-11,2026-03-17,24231.849609375,1,F+1,2026-03-24,24250.0,ADAPTIVE_SELECTED,298.0,241.0,400.0,331.4,0.1,664.3,34.1,690.1,-11.600000000000023,,0.9761313605489018,,,True,,,65.0,65.0,-3.400000000000091,-221.00000000000364,-0.0004787088145146018
C_20260318,OOS,2026-03-17,2026-03-18,2026-03-24,23632.900390625,1,F+1,2026-03-26,23650.0,NO_ENTRY_LEG,,,,,,,,,,,,,,,,,,,,,
C_20260318,OOS,2026-03-17,2026-03-18,2026-03-24,23632.900390625,2,F+2,2026-03-30,23650.0,EXECUTABLE,241.0,248.0,343.0,355.35,0.15,740.7,70.7,783.45,5.350000000000023,0.0002263793233826826,0.9932817098681856,17.099609375,0.07235510281160111,True,10842.0,1605428.0,65.0,65.0,33.150000000000034,2154.75,
C_20260318,OOS,2026-03-17,2026-03-18,2026-03-24,23632.900390625,3,F+3,2026-03-31,23650.0,NO_ENTRY_LEG,,,,,,,,,,,,,,,,,,,,,
C_20260318,OOS,2026-03-17,2026-03-18,2026-03-24,23632.900390625,4,F+4,2026-04-07,23650.0,EXECUTABLE,241.0,248.0,450.0,355.3,0.15,740.7,191.95,879.55,-101.69999999999999,-0.004303322838882004,1.3033226552746613,17.099609375,0.07235510281160111,True,332.0,1579659.0,65.0,65.0,-48.74999999999994,-3168.75,
C_20260318,OOS,2026-03-17,2026-03-18,2026-03-24,23632.900390625,2,F+2,2026-03-30,23650.0,ADAPTIVE_SELECTED,241.0,248.0,343.0,355.35,0.15,740.7,70.7,783.45,5.350000000000023,,0.9932817098681856,,,True,,,65.0,65.0,33.150000000000034,2154.75,0.0002263793233826826
C_20260325,OOS,2026-03-24,2026-03-25,2026-03-26,23064.400390625,1,F+1,,,NO_VALID_NEAR_ATM,,,,,,,,,,,,,,,,,,,,,
C_20260325,OOS,2026-03-24,2026-03-25,2026-03-26,23064.400390625,2,F+2,,,NO_VALID_NEAR_ATM,,,,,,,,,,,,,,,,,,,,,
C_20260325,OOS,2026-03-24,2026-03-25,2026-03-26,23064.400390625,3,F+3,,,NO_VALID_NEAR_ATM,,,,,,,,,,,,,,,,,,,,,
C_20260325,OOS,2026-03-24,2026-03-25,2026-03-26,23064.400390625,4,F+4,,,NO_VALID_NEAR_ATM,,,,,,,,,,,,,,,,,,,,,
C_20260325,OOS,2026-03-24,2026-03-25,2026-03-26,23064.400390625,1,F+1,2026-03-30,,NO_ENTRY_LEG,,,,,,,,,,,,,,,,,,,,,
C_20260325,OOS,2026-03-24,2026-03-25,2026-03-26,23064.400390625,2,F+2,2026-03-31,,NO_ENTRY_LEG,,,,,,,,,,,,,,,,,,,,,
C_20260325,OOS,2026-03-24,2026-03-25,2026-03-26,23064.400390625,3,F+3,2026-04-07,,NO_ENTRY_LEG,,,,,,,,,,,,,,,,,,,,,
C_20260325,OOS,2026-03-24,2026-03-25,2026-03-26,23064.400390625,4,F+4,2026-04-13,,NO_ENTRY_LEG,,,,,,,,,,,,,,,,,,,,,
C_20260327,OOS,2026-03-26,2026-03-27,2026-03-30,23173.55078125,1,F+1,2026-03-31,23150.0,NO_ENTRY_LEG,,,,,,,,,,,,,,,,,,,,,
C_20260327,OOS,2026-03-26,2026-03-27,2026-03-30,23173.55078125,2,F+2,2026-04-07,23150.0,EXECUTABLE,283.05,259.75,480.5,410.2,0.15,827.75,104.45,879.2,-47.0,-0.002028174294205628,1.0749546259484022,23.55078125,0.1016278492334253,True,5042.0,1280931.0,65.0,65.0,5.850000000000023,380.24999999999636,
C_20260327,OOS,2026-03-26,2026-03-27,2026-03-30,23173.55078125,3,F+3,2026-04-13,23150.0,EXECUTABLE,283.05,259.75,604.0,574.65,0.15,827.75,238.4,977.65,-6.0499999999999545,-0.0002610734995732757,0.9645526190123668,23.55078125,0.1016278492334253,True,164.0,1268851.0,65.0,65.0,82.30000000000007,5349.5,
C_20260327,OOS,2026-03-26,2026-03-27,2026-03-30,23173.55078125,4,F+4,2026-04-21,23150.0,NO_ENTRY_LEG,,,,,,,,,,,,,,,,,,,,,
C_20260327,OOS,2026-03-26,2026-03-27,2026-03-30,23173.55078125,3,F+3,2026-04-13,23150.0,ADAPTIVE_SELECTED,283.05,259.75,604.0,574.65,0.15,827.75,238.4,977.65,-6.0499999999999545,,0.9645526190123668,,,True,,,65.0,65.0,82.30000000000007,5349.5,-0.0002610734995732757
C_20260401,OOS,2026-03-31,2026-04-01,2026-04-07,22899.0,1,F+1,2026-04-13,22900.0,EXECUTABLE,305.05,396.35,476.55,525.0,215.8,0.2,461.6,252.15,-42.85000000000002,-0.001871260753744706,1.1793888121385252,1.0,0.00436700292589196,True,16782.0,2694833.0,65.0,65.0,-49.0,-3185.0000000000036,
C_20260401,OOS,2026-03-31,2026-04-01,2026-04-07,22899.0,2,F+2,2026-04-21,22900.0,EXECUTABLE,305.05,396.35,600.05,555.3,215.8,0.2,621.05,377.3,-136.05,-0.005941307480676013,1.4040015906087493,1.0,0.00436700292589196,True,223.0,2653164.0,65.0,65.0,-107.90000000000009,-7013.500000000007,
C_20260401,OOS,2026-03-31,2026-04-01,2026-04-07,22899.0,3,F+3,2026-04-28,22900.0,EXECUTABLE,305.05,396.35,664.8,706.0,215.8,0.2,725.6,454.7,-50.09999999999991,-0.0021878684658718684,1.2234723049627771,1.0,0.00436700292589196,True,18201.0,2691719.0,65.0,65.0,5.2000000000000455,338.0,
C_20260401,OOS,2026-03-31,2026-04-01,2026-04-07,22899.0,4,F+4,2026-05-05,22900.0,NO_ENTRY_LEG,,,,,,,,,,,,,,,,,,,,,
C_20260401,OOS,2026-03-31,2026-04-01,2026-04-07,22899.0,1,F+1,2026-04-13,22900.0,ADAPTIVE_SELECTED,305.05,396.35,476.55,525.0,215.8,0.2,461.6,252.15,-42.85000000000002,,1.1793888121385252,,,True,,,65.0,65.0,-49.0,-3185.0000000000036,-0.001871260753744706
C_20260408,OOS,2026-04-07,2026-04-08,2026-04-13,23855.150390625,1,F+1,2026-04-21,23850.0,EXECUTABLE,200.05,300.0,389.8,389.65,5.4,11.8,297.0,292.9,-100.10000000000002,-0.004196158831987033,1.5002023906957944,5.150390625,0.02159026684243453,True,3700.0,1333123.0,65.0,65.0,-89.6,-5824.0,
C_20260408,OOS,2026-04-07,2026-04-08,2026-04-13,23855.150390625,2,F+2,2026-04-28,23850.0,EXECUTABLE,200.05,300.0,464.4,442.6,5.4,11.8,406.25,385.65,-121.74999999999994,-0.005103719658285924,1.573488236616851,5.150390625,0.02159026684243453,True,4047.0,1332777.0,65.0,65.0,-94.74999999999991,-6158.749999999995,
C_20260408,OOS,2026-04-07,2026-04-08,2026-04-13,23855.150390625,3,F+3,2026-05-05,23850.0,EXECUTABLE,200.05,300.0,574.5,415.7,5.4,11.8,499.7,438.15,-258.75,-0.010846714263502944,2.0724912589509588,5.150390625,0.02159026684243453,True,55.0,1324652.0,65.0,65.0,-190.79999999999998,-12402.0,
C_20260408,OOS,2026-04-07,2026-04-08,2026-04-13,23855.150390625,4,F+4,2026-05-12,23850.0,NO_ENTRY_LEG,,,,,,,,,,,,,,,,,,,,,
C_20260408,OOS,2026-04-07,2026-04-08,2026-04-13,23855.150390625,1,F+1,2026-04-21,23850.0,ADAPTIVE_SELECTED,200.05,300.0,389.8,389.65,5.4,11.8,297.0,292.9,-100.10000000000002,,1.5002023906957944,,,True,,,65.0,65.0,-89.6,-5824.0,-0.004196158831987033
C_20260415,OOS,2026-04-13,2026-04-15,2026-04-21,24163.80078125,1,F+1,2026-04-28,24150.0,EXECUTABLE,275.75,251.0,329.75,329.4,426.2,0.1,535.0,101.2,24.399999999999977,0.0010097749199676094,0.9112119565725973,13.80078125,0.057113454025447735,True,6685.0,1322340.0,65.0,65.0,32.099999999999966,2086.5,
C_20260415,OOS,2026-04-13,2026-04-15,2026-04-21,24163.80078125,2,F+2,2026-05-05,24150.0,EXECUTABLE,275.75,251.0,463.05,343.85,426.2,0.1,626.15,176.65,-94.44999999999999,-0.003908739393071344,1.2257927834658764,13.80078125,0.057113454025447735,True,70.0,1306157.0,65.0,65.0,-71.05000000000004,-4618.25,
C_20260415,OOS,2026-04-13,2026-04-15,2026-04-21,24163.80078125,3,F+3,2026-05-12,24150.0,EXECUTABLE,275.75,251.0,572.2,373.45,426.2,0.1,628.75,232.3,-174.00000000000006,-0.007200853937473945,1.3946768431912044,13.80078125,0.057113454025447735,True,1.0,1305975.0,65.0,65.0,-203.6500000000001,-13237.250000000005,
C_20260415,OOS,2026-04-13,2026-04-15,2026-04-21,24163.80078125,4,F+4,2026-05-19,24150.0,NO_ENTRY_LEG,,,,,,,,,,,,,,,,,,,,,
C_20260415,OOS,2026-04-13,2026-04-15,2026-04-21,24163.80078125,1,F+1,2026-04-28,24150.0,ADAPTIVE_SELECTED,275.75,251.0,329.75,329.4,426.2,0.1,535.0,101.2,24.399999999999977,,0.9112119565725973,,,True,,,65.0,65.0,32.099999999999966,2086.5,0.0010097749199676094
C_20260422,OOS,2026-04-21,2026-04-22,2026-04-28,24470.849609375,1,F+1,2026-05-05,24450.0,EXECUTABLE,260.0,235.0,400.0,300.85,0.1,454.85,59.85,499.6,-74.14999999999998,-0.0030301359038875566,1.2017233223814576,20.849609375,0.08520182056536496,True,12881.0,2333648.0,65.0,65.0,-59.14999999999998,-3844.75,
C_20260422,OOS,2026-04-21,2026-04-22,2026-04-28,24470.849609375,2,F+2,2026-05-12,24450.0,EXECUTABLE,260.0,235.0,483.7,380.0,0.1,454.85,148.05,561.8,-78.69999999999999,-0.003216071417882006,1.150501012145749,20.849609375,0.08520182056536496,True,335.0,2308476.0,65.0,65.0,-37.69999999999993,-2450.4999999999964,
C_20260422,OOS,2026-04-21,2026-04-22,2026-04-28,24470.849609375,3,F+3,2026-05-19,24450.0,EXECUTABLE,260.0,235.0,536.75,430.9,0.1,454.85,217.6,601.0,-80.85000000000002,-0.003303931056362901,1.1258747344556117,20.849609375,0.08520182056536496,True,46.0,2307690.0,65.0,65.0,-9.5,-617.5000000000018,
C_20260422,OOS,2026-04-21,2026-04-22,2026-04-28,24470.849609375,4,F+4,2026-05-26,24450.0,EXECUTABLE,260.0,235.0,582.7,413.1,0.1,454.85,281.1,642.5,-144.60000000000002,-0.005909071499691718,1.2749241196953616,20.849609375,0.08520182056536496,True,480.0,2308814.0,65.0,65.0,-51.25,-3331.249999999998,
C_20260422,OOS,2026-04-21,2026-04-22,2026-04-28,24470.849609375,1,F+1,2026-05-05,24450.0,ADAPTIVE_SELECTED,260.0,235.0,400.0,300.85,0.1,454.85,59.85,499.6,-74.14999999999998,,1.2017233223814576,,,True,,,65.0,65.0,-59.14999999999998,-3844.75,-0.0030301359038875566
C_20260429,OOS,2026-04-28,2026-04-29,2026-05-05,24096.900390625,1,F+1,2026-05-12,24100.0,EXECUTABLE,200.0,241.0,279.9,321.1,0.2,79.3,197.0,217.25,0.20000000000004547,8.2998226642401e-06,1.0503877296792274,3.099609375,0.012863104070455121,True,17652.0,3074936.0,65.0,65.0,59.05000000000007,3838.2500000000036,
C_20260429,OOS,2026-04-28,2026-04-29,2026-05-05,24096.900390625,2,F+2,2026-05-19,24100.0,EXECUTABLE,200.0,241.0,387.9,361.4,0.2,79.3,307.2,305.9,-67.5,-0.0028011901491803966,1.2933577753182068,3.099609375,0.012863104070455121,True,669.0,3035454.0,65.0,65.0,12.900000000000034,838.5000000000009,
C_20260429,OOS,2026-04-28,2026-04-29,2026-05-05,24096.900390625,3,F+3,2026-05-26,24100.0,EXECUTABLE,200.0,241.0,479.95,434.55,0.2,79.3,400.05,381.3,-86.39999999999998,-0.003585523390950907,1.3308934529973535,3.099609375,0.012863104070455121,True,22237.0,3081935.0,65.0,65.0,11.450000000000045,744.2500000000018,
C_20260429,OOS,2026-04-28,2026-04-29,2026-05-05,24096.900390625,4,F+4,2026-06-02,24100.0,EXECUTABLE,200.0,241.0,599.0,435.55,0.2,79.3,471.0,420.5,-204.45,-0.008484493718517512,1.6572035357593848,3.099609375,0.012863104070455121,True,72.0,3032985.0,65.0,65.0,-74.84999999999997,-4865.249999999999,
C_20260429,OOS,2026-04-28,2026-04-29,2026-05-05,24096.900390625,1,F+1,2026-05-12,24100.0,ADAPTIVE_SELECTED,200.0,241.0,279.9,321.1,0.2,79.3,197.0,217.25,0.20000000000004547,,1.0503877296792274,,,True,,,65.0,65.0,59.05000000000007,3838.2500000000036,8.2998226642401e-06
C_20260506,OOS,2026-05-05,2026-05-06,2026-05-12,24171.0,1,F+1,2026-05-19,24150.0,EXECUTABLE,230.0,144.0,360.9,329.0,0.25,769.25,35.95,748.6,54.10000000000002,0.002238219353771049,0.6867926523060657,21.0,0.08688097306689835,True,11279.0,3076124.0,65.0,65.0,110.44999999999993,7179.25,
C_20260506,OOS,2026-05-05,2026-05-06,2026-05-12,24171.0,2,F+2,2026-05-26,24150.0,EXECUTABLE,230.0,144.0,470.55,326.0,0.25,769.25,92.85,788.65,-58.55000000000001,-0.0024223242728889996,0.9036969858628968,21.0,0.08688097306689835,True,5902.0,3070048.0,65.0,65.0,14.649999999999977,952.2499999999964,
C_20260506,OOS,2026-05-05,2026-05-06,2026-05-12,24171.0,3,F+3,2026-06-02,24150.0,EXECUTABLE,230.0,144.0,472.0,346.0,0.25,769.25,148.3,811.05,-40.0,-0.0016548756774647305,0.8540839406886154,21.0,0.08688097306689835,True,83.0,3052786.0,65.0,65.0,66.25,4306.250000000004,
C_20260506,OOS,2026-05-05,2026-05-06,2026-05-12,24171.0,4,F+4,2026-06-09,24150.0,NO_ENTRY_LEG,,,,,,,,,,,,,,,,,,,,,
C_20260506,OOS,2026-05-05,2026-05-06,2026-05-12,24171.0,1,F+1,2026-05-19,24150.0,ADAPTIVE_SELECTED,230.0,144.0,360.9,329.0,0.25,769.25,35.95,748.6,54.10000000000002,,0.6867926523060657,,,True,,,65.0,65.0,110.44999999999993,7179.25,0.002238219353771049
C_20260513,OOS,2026-05-12,2026-05-13,2026-05-19,23362.44921875,1,F+1,2026-05-26,23350.0,EXECUTABLE,311.9,201.0,445.45,302.4,275.8,0.15,378.95,120.6,-32.150000000000034,-0.0013761399628510443,0.9492877117716811,12.44921875,0.053287301487245746,True,5956.0,1693728.0,65.0,65.0,-49.450000000000045,-3214.2500000000036,
C_20260513,OOS,2026-05-12,2026-05-13,2026-05-19,23362.44921875,2,F+2,2026-06-02,23350.0,EXECUTABLE,311.9,201.0,484.1,335.0,275.8,0.15,482.2,204.45,-38.200000000000045,-0.0016351025375088615,0.9312600192369349,12.44921875,0.053287301487245746,True,300.0,1676770.0,65.0,65.0,-36.10000000000005,-2346.5000000000036,
C_20260513,OOS,2026-05-12,2026-05-13,2026-05-19,23362.44921875,3,F+3,2026-06-09,23350.0,NO_ENTRY_LEG,,,,,,,,,,,,,,,,,,,,,
C_20260513,OOS,2026-05-12,2026-05-13,2026-05-19,23362.44921875,4,F+4,2026-06-16,23350.0,NO_ENTRY_LEG,,,,,,,,,,,,,,,,,,,,,
C_20260513,OOS,2026-05-12,2026-05-13,2026-05-19,23362.44921875,1,F+1,2026-05-26,23350.0,ADAPTIVE_SELECTED,311.9,201.0,445.45,302.4,275.8,0.15,378.95,120.6,-32.150000000000034,,0.9492877117716811,,,True,,,65.0,65.0,-49.450000000000045,-3214.2500000000036,-0.0013761399628510443
C_20260520,OOS,2026-05-19,2026-05-20,2026-05-26,23457.25,1,F+1,2026-06-02,23450.0,EXECUTABLE,206.35,232.1,343.0,351.3,462.2,0.1,532.2,36.9,-17.44999999999999,-0.0007439064681495055,1.0982131445589165,7.25,0.030907288791311854,True,5466.0,1571760.0,65.0,65.0,15.750000000000057,1023.7500000000073,
C_20260520,OOS,2026-05-19,2026-05-20,2026-05-26,23457.25,2,F+2,2026-06-09,23450.0,EXECUTABLE,206.35,232.1,413.4,384.65,462.2,0.1,563.5,97.6,-54.5,-0.002323375502243443,1.2088583168779652,7.25,0.030907288791311854,True,166.0,1554488.0,65.0,65.0,-50.700000000000045,-3295.5000000000036,
C_20260520,OOS,2026-05-19,2026-05-20,2026-05-26,23457.25,3,F+3,2026-06-16,23450.0,EXECUTABLE,206.35,232.1,500.0,412.25,462.2,0.1,792.05,137.1,-113.5,-0.004838589348708821,1.3642061632318816,7.25,0.030907288791311854,True,3.0,1553968.0,65.0,65.0,79.34999999999991,5157.749999999996,
C_20260520,OOS,2026-05-19,2026-05-20,2026-05-26,23457.25,4,F+4,2026-06-23,23450.0,NO_ENTRY_LEG,,,,,,,,,,,,,,,,,,,,,
C_20260520,OOS,2026-05-19,2026-05-20,2026-05-26,23457.25,1,F+1,2026-06-02,23450.0,ADAPTIVE_SELECTED,206.35,232.1,343.0,351.3,462.2,0.1,532.2,36.9,-17.44999999999999,,1.0982131445589165,,,True,,,65.0,65.0,15.750000000000057,1023.7500000000073,-0.0007439064681495055
C_20260527,OOS,2026-05-26,2026-05-27,2026-06-02,23880.349609375,1,F+1,2026-06-09,23900.0,EXECUTABLE,205.0,178.0,305.0,265.1,0.1,423.2,61.55,370.3,-12.899999999999977,-0.0005401930964585069,0.9989787562907692,19.650390625,0.08228686324293011,True,40775.0,5270756.0,65.0,65.0,101.45000000000005,6594.250000000001,
C_20260527,OOS,2026-05-26,2026-05-27,2026-06-02,23880.349609375,2,F+2,2026-06-16,23900.0,EXECUTABLE,205.0,178.0,365.7,303.55,0.1,423.2,132.4,415.65,-35.14999999999998,-0.001471921499264848,1.046070282149041,19.650390625,0.08228686324293011,True,2259.0,5191806.0,65.0,65.0,104.70000000000007,6805.500000000004,
C_20260527,OOS,2026-05-26,2026-05-27,2026-06-02,23880.349609375,3,F+3,2026-06-23,23900.0,EXECUTABLE,205.0,178.0,439.75,345.0,0.1,423.2,190.05,464.2,-67.75,-0.002837060642253016,1.1067585719335453,19.650390625,0.08228686324293011,True,1370.0,5189478.0,65.0,65.0,81.20000000000005,5278.000000000001,
C_20260527,OOS,2026-05-26,2026-05-27,2026-06-02,23880.349609375,4,F+4,2026-06-25,23900.0,NO_ENTRY_LEG,,,,,,,,,,,,,,,,,,,,,
C_20260527,OOS,2026-05-26,2026-05-27,2026-06-02,23880.349609375,1,F+1,2026-06-09,23900.0,ADAPTIVE_SELECTED,205.0,178.0,305.0,265.1,0.1,423.2,61.55,370.3,-12.899999999999977,,0.9989787562907692,,,True,,,65.0,65.0,101.45000000000005,6594.250000000001,-0.0005401930964585069
C_20260603,OOS,2026-06-02,2026-06-03,2026-06-09,23415.94921875,1,F+1,2026-06-16,23400.0,EXECUTABLE,237.0,103.2,321.7,212.15,0.15,151.3,142.75,223.85,24.250000000000057,0.001035618918262011,0.6602970790311369,15.94921875,0.06811262956288307,True,30055.0,3936705.0,65.0,65.0,94.30000000000001,6129.500000000001,
C_20260603,OOS,2026-06-02,2026-06-03,2026-06-09,23415.94921875,2,F+2,2026-06-23,23400.0,EXECUTABLE,237.0,103.2,369.05,297.0,0.15,151.3,231.0,300.95,61.75,0.002637091472275424,0.5410782934833569,15.94921875,0.06811262956288307,True,1287.0,3876514.0,65.0,65.0,142.95,9291.75,
C_20260603,OOS,2026-06-02,2026-06-03,2026-06-09,23415.94921875,3,F+3,2026-06-25,23400.0,NO_ENTRY_LEG,,,,,,,,,,,,,,,,,,,,,
C_20260603,OOS,2026-06-02,2026-06-03,2026-06-09,23415.94921875,4,F+4,2026-06-30,23400.0,EXECUTABLE,237.0,103.2,451.0,356.4,0.15,151.3,299.5,358.85,39.19999999999999,0.0016740726431286896,0.5510235974370996,15.94921875,0.06811262956288307,True,44589.0,3966174.0,65.0,65.0,130.99999999999994,8514.999999999996,
C_20260603,OOS,2026-06-02,2026-06-03,2026-06-09,23415.94921875,2,F+2,2026-06-23,23400.0,ADAPTIVE_SELECTED,237.0,103.2,369.05,297.0,0.15,151.3,231.0,300.95,61.75,,0.5410782934833569,,,True,,,65.0,65.0,142.95,9291.75,0.002637091472275424
C_20260610,OOS,2026-06-09,2026-06-10,2026-06-16,23233.94921875,1,F+1,2026-06-23,23250.0,EXECUTABLE,209.0,170.7,306.4,230.0,737.5,0.1,743.25,12.55,-38.099999999999966,-0.0016398417523118684,1.0880482629498647,16.05078125,0.06908331037001182,True,6004.0,1898877.0,65.0,65.0,-44.80000000000001,-2912.0,
C_20260610,OOS,2026-06-09,2026-06-10,2026-06-16,23233.94921875,2,F+2,2026-06-25,23250.0,NO_ENTRY_LEG,,,,,,,,,,,,,,,,,,,,,
C_20260610,OOS,2026-06-09,2026-06-10,2026-06-16,23233.94921875,3,F+3,2026-06-30,23250.0,EXECUTABLE,209.0,170.7,363.2,300.0,737.5,0.1,785.65,35.85,-24.899999999999977,-0.001071707601904607,0.9888076555023922,16.05078125,0.06908331037001182,True,9004.0,1906572.0,65.0,65.0,-12.500000000000057,-812.5,
C_20260610,OOS,2026-06-09,2026-06-10,2026-06-16,23233.94921875,4,F+4,2026-07-07,23250.0,EXECUTABLE,209.0,170.7,455.65,333.7,737.5,0.1,828.95,62.5,-83.64999999999998,-0.003600334975876322,1.115224759941098,16.05078125,0.06908331037001182,True,43.0,1886833.0,65.0,65.0,-54.599999999999966,-3548.9999999999964,
C_20260610,OOS,2026-06-09,2026-06-10,2026-06-16,23233.94921875,3,F+3,2026-06-30,23250.0,ADAPTIVE_SELECTED,209.0,170.7,363.2,300.0,737.5,0.1,785.65,35.85,-24.899999999999977,,0.9888076555023922,,,True,,,65.0,65.0,-12.500000000000057,-812.5,-0.001071707601904607
C_20260617,OOS,2026-06-16,2026-06-17,2026-06-23,24044.5,1,F+1,2026-06-25,24050.0,NO_ENTRY_LEG,,,,,,,,,,,,,,,,,,,,,
C_20260617,OOS,2026-06-16,2026-06-17,2026-06-23,24044.5,2,F+2,2026-06-30,24050.0,EXECUTABLE,149.5,189.0,215.0,250.3,0.25,201.5,83.15,273.75,-4.199999999999989,-0.00017467612135831431,1.0859209750974415,5.5,0.022874253987398365,True,16215.0,3483400.0,65.0,65.0,6.450000000000017,419.2500000000007,
C_20260617,OOS,2026-06-16,2026-06-17,2026-06-23,24044.5,3,F+3,2026-07-07,24050.0,EXECUTABLE,149.5,189.0,281.85,291.8,0.25,201.5,164.75,317.85,-29.55000000000001,-0.001228971282413858,1.2211059941637765,5.5,0.022874253987398365,True,690.0,3448032.0,65.0,65.0,18.599999999999966,1208.9999999999975,
C_20260617,OOS,2026-06-16,2026-06-17,2026-06-23,24044.5,4,F+4,2026-07-14,24050.0,EXECUTABLE,149.5,189.0,339.5,328.0,0.25,201.5,226.8,344.3,-51.0,-0.0021210671879223937,1.3085386246839057,5.5,0.022874253987398365,True,105.0,3446699.0,65.0,65.0,32.75,2128.75,
C_20260617,OOS,2026-06-16,2026-06-17,2026-06-23,24044.5,2,F+2,2026-06-30,24050.0,ADAPTIVE_SELECTED,149.5,189.0,215.0,250.3,0.25,201.5,83.15,273.75,-4.199999999999989,,1.0859209750974415,,,True,,,65.0,65.0,6.450000000000017,419.2500000000007,-0.00017467612135831431
C_20260624,OOS,2026-06-23,2026-06-24,2026-06-25,23795.80078125,1,F+1,,,NO_VALID_NEAR_ATM,,,,,,,,,,,,,,,,,,,,,
C_20260624,OOS,2026-06-23,2026-06-24,2026-06-25,23795.80078125,2,F+2,,,NO_VALID_NEAR_ATM,,,,,,,,,,,,,,,,,,,,,
C_20260624,OOS,2026-06-23,2026-06-24,2026-06-25,23795.80078125,3,F+3,,,NO_VALID_NEAR_ATM,,,,,,,,,,,,,,,,,,,,,
C_20260624,OOS,2026-06-23,2026-06-24,2026-06-25,23795.80078125,4,F+4,,,NO_VALID_NEAR_ATM,,,,,,,,,,,,,,,,,,,,,
C_20260624,OOS,2026-06-23,2026-06-24,2026-06-25,23795.80078125,1,F+1,2026-06-30,,NO_ENTRY_LEG,,,,,,,,,,,,,,,,,,,,,
C_20260624,OOS,2026-06-23,2026-06-24,2026-06-25,23795.80078125,2,F+2,2026-07-07,,NO_ENTRY_LEG,,,,,,,,,,,,,,,,,,,,,
C_20260624,OOS,2026-06-23,2026-06-24,2026-06-25,23795.80078125,3,F+3,2026-07-14,,NO_ENTRY_LEG,,,,,,,,,,,,,,,,,,,,,
C_20260624,OOS,2026-06-23,2026-06-24,2026-06-25,23795.80078125,4,F+4,2026-07-21,,NO_ENTRY_LEG,,,,,,,,,,,,,,,,,,,,,
